ID_INT;UBIGEO;DEPARTAMENTO;PROVINCIA;DISTRITO;LATITUD;LONGITUD;Vias;TIPO_REDVIAL;Competencia_Via;Competencia_Administrativa;Siniestro_fatal
I-12344;080901;CUSCO;LA CONVENCION;SANTA ANA;-12.8627113;-72.69256569;Jirón Martin Pio Concha / Jirón Independencia;LOCAL;DISTRITAL;PROVINCIAL;0
I-49883;010101;AMAZONAS;CHACHAPOYAS;CHACHAPOYAS;-6.22997;-77.8753642;Jirón Puno / Jirón Amazonas;LOCAL;DISTRITAL;PROVINCIAL;0
I-52417;220901;SAN MARTIN;SAN MARTIN;TARAPOTO;-6.482555415;-76.36530484;Jirón San Martín / Jirón Comandante Chirinos;LOCAL;DISTRITAL;PROVINCIAL;0
I-52850;220910;SAN MARTIN;SAN MARTIN;MORALES;-6.48495498;-76.3852716;Jirón José Gálvez / Jirón Santa Inés;LOCAL;DISTRITAL;DISTRITAL;0
I-344394;021601;ANCASH;POMABAMBA;POMABAMBA;-8.8193111;-77.4609481;Jirón Arica / Jirón Huamachuco;VECINAL;PROVINCIAL;PROVINCIAL;0
I-100911;150143;LIMA;LIMA;VILLA MARIA DEL TRIUNFO;-12.1430927;-76.9539633;Avenida Guardia Civil / Avenida Simón Bolívar;LOCAL;DISTRITAL;DISTRITAL;1
I-101897;150137;LIMA;LIMA;SANTA ANITA;-12.0420571;-76.9786085;Avenida José Carlos Mariátegui / Jirón Luis de la Puente Uceda;LOCAL;DISTRITAL;DISTRITAL;1
I-155686;150123;LIMA;LIMA;PACHACAMAC;-12.1158919;-76.8732456;Avenida Víctor Malásquez / Calle s / n;METROPOLITANA;PROVINCIAL;DISTRITAL;1
I-156310;150118;LIMA;LIMA;LURIGANCHO;-11.9694561;-76.937414;Avenida Unión Jicamarca / Calle Bolognesi;METROPOLITANA;PROVINCIAL;DISTRITAL;1
I-16168;140106;LAMBAYEQUE;CHICLAYO;LA VICTORIA;-6.8216999;-79.8550922;Carretera Monsefú - Chiclayo / LA-784;VECINAL;PROVINCIAL;DISTRITAL;1
I-167618;130702;LA LIBERTAD;PACASMAYO;GUADALUPE;-7.2469025;-79.4630359;Jirón San Eugenio / Prolongación Jirón Ayacucho;VECINAL;PROVINCIAL;DISTRITAL;1
I-10671;150115;LIMA;LIMA;LA VICTORIA;-12.0609877;-77.0230539;Avenida García Naranjo / Jirón Abtao / Jirón García Naranjo;LOCAL;DISTRITAL;DISTRITAL;1
I-167635;130702;LA LIBERTAD;PACASMAYO;GUADALUPE;-7.2380262;-79.4686133;Avenida Manuel Seoane / Calle Manuel Escorza;VECINAL;PROVINCIAL;DISTRITAL;1
I-167647;130702;LA LIBERTAD;PACASMAYO;GUADALUPE;-7.2378057;-79.4688938;Avenida Manuel Seoane / Jirón Unión;VECINAL;PROVINCIAL;DISTRITAL;1
I-109539;150110;LIMA;LIMA;COMAS;-11.9217391;-77.0353501;Avenida Almirante Miguel Grau / Jirón Adolfo Viera;LOCAL;DISTRITAL;DISTRITAL;1
I-167648;130702;LA LIBERTAD;PACASMAYO;GUADALUPE;-7.2396372;-79.4648916;Avenida Manuel Seoane / Calle Francisco Bolognesi;VECINAL;PROVINCIAL;DISTRITAL;1
I-167654;130702;LA LIBERTAD;PACASMAYO;GUADALUPE;-7.2387432;-79.4677073;Avenida Manuel Seoane / Jirón Justo Albújar;VECINAL;PROVINCIAL;DISTRITAL;1
I-11059;160101;LORETO;MAYNAS;IQUITOS;-3.742052;-73.24867;Jirón Tnte Pinglo / Jirón Loreto;LOCAL;DISTRITAL;PROVINCIAL;0
I-11111;160101;LORETO;MAYNAS;IQUITOS;-3.743895;-73.246366;Jirón Callao / Jirón Loreto;LOCAL;DISTRITAL;PROVINCIAL;0
I-111718;211105;PUNO;SAN ROMAN;SAN MIGUEL;-15.4719638;-70.1231943;Avenida Asunción / Infancia / Jirón Manuel Asencio Segura;LOCAL;DISTRITAL;DISTRITAL;1
I-112015;130104;LA LIBERTAD;TRUJILLO;HUANCHACO;-8.0242201;-79.0645712;Avenida Miguel Grau / Calle s / n;LOCAL;DISTRITAL;DISTRITAL;1
I-112326;140105;LAMBAYEQUE;CHICLAYO;JOSE LEONARDO ORTIZ;-6.754635;-79.8478103;Avenida México / San Pedro;LOCAL;DISTRITAL;DISTRITAL;1
I-172771;150119;LIMA;LIMA;LURIN;-12.2964243;-76.8509571;Jirón 7 de Junio / Calle s / n;VECINAL;PROVINCIAL;DISTRITAL;1
I-62755;110102;ICA;ICA;LA TINGUIÑA;-14.040161;-75.706799;Calle Caracas / Calle 3 de Octubre;VECINAL;PROVINCIAL;DISTRITAL;0
I-182546;130701;LA LIBERTAD;PACASMAYO;SAN PEDRO DE LLOC;-7.4240744;-79.5033121;Avenida Centenario / Jirón Manuel Herrera;VECINAL;PROVINCIAL;PROVINCIAL;2
I-115091;150132;LIMA;LIMA;SAN JUAN DE LURIGANCHO;-11.9631646;-77.0078247;Avenida José Carlos Mariátegui / Carhuaz;LOCAL;DISTRITAL;DISTRITAL;1
I-190095;150605;LIMA;HUARAL;CHANCAY;-11.566601;-77.268562;Calle López de Zúñiga / Calle Lopez de Zúñiga;VECINAL;PROVINCIAL;DISTRITAL;0
I-197370;080104;CUSCO;CUSCO;SAN JERONIMO;-13.5485579;-71.8938645;Avenida Fernando Tupac Amaru , Cusco / Planta Petro Peru, Cusco;VECINAL;PROVINCIAL;DISTRITAL;1
I-116863;150112;LIMA;LIMA;INDEPENDENCIA;-11.9991206;-77.04357;Las Hortencias / Los Guayabos;LOCAL;DISTRITAL;DISTRITAL;1
I-117097;211101;PUNO;SAN ROMAN;JULIACA;-15.4925901;-70.1474781;Avenida Andres Avelino Cáceres / Jirón Australia;LOCAL;DISTRITAL;PROVINCIAL;1
I-203631;230110;TACNA;TACNA;CORONEL GREGORIO ALBARRACIN LANCHIPA;-18.0460766;-70.2496178;Avenida Municipal / Calle Ricardo Palma;VECINAL;PROVINCIAL;DISTRITAL;1
I-117878;150132;LIMA;LIMA;SAN JUAN DE LURIGANCHO;-11.9627801;-76.9829112;Sevilla / Calle s / n;LOCAL;DISTRITAL;DISTRITAL;1
I-119246;150132;LIMA;LIMA;SAN JUAN DE LURIGANCHO;-11.9472375;-76.9855927;Avenida El Muro Oeste / Jirón Jorge Marshal;LOCAL;DISTRITAL;DISTRITAL;1
I-183896;131201;LA LIBERTAD;VIRU;VIRU;-8.4186115;-78.751976;Calle Lima / Calle José Olaya;VECINAL;PROVINCIAL;PROVINCIAL;0
I-210144;080601;CUSCO;CANCHIS;SICUANI;-14.2616648;-71.2273944;Avenida Confederación / Avenida Julio Ochoa;VECINAL;PROVINCIAL;PROVINCIAL;0
I-120758;150135;LIMA;LIMA;SAN MARTIN DE PORRES;-11.9915458;-77.1026044;Malaga / Calle s / n;LOCAL;DISTRITAL;DISTRITAL;1
I-217895;211101;PUNO;SAN ROMAN;JULIACA;-15.5114133;-70.1250185;Autopista Mártires del 4 de Noviembre / Avenida Américas;VECINAL;PROVINCIAL;PROVINCIAL;1
I-221810;140307;LAMBAYEQUE;LAMBAYEQUE;MOTUPE;-6.1589265;-79.7208945;Calle Sebastián Vilela Purihuamán / Prolongación Progreso;VECINAL;PROVINCIAL;DISTRITAL;1
I-225128;140118;LAMBAYEQUE;CHICLAYO;POMALCA;-6.7708286;-79.7870572;Avenida Bolivia / Avenida Perú;VECINAL;PROVINCIAL;DISTRITAL;2
I-232102;200405;PIURA;MORROPON;MORROPON;-5.186105;-79.9696911;Calle Lima / Lima / Palacios;VECINAL;PROVINCIAL;DISTRITAL;1
I-122539;150111;LIMA;LIMA;EL AGUSTINO;-12.0307132;-76.9988727;El Inti / Jirón Las Esmeraldas;LOCAL;DISTRITAL;DISTRITAL;1
I-122593;150111;LIMA;LIMA;EL AGUSTINO;-12.053144;-77.0062606;Hernando de Luque / Jirón Guadalupe;LOCAL;DISTRITAL;DISTRITAL;1
I-122866;150111;LIMA;LIMA;EL AGUSTINO;-12.0517482;-77.0036619;Avenida Inca Ripac / Faustino Sanchez Carrion;LOCAL;DISTRITAL;DISTRITAL;1
I-232602;140118;LAMBAYEQUE;CHICLAYO;POMALCA;-6.7702521;-79.7821132;Avenida Perú / Calle Los Algarrobos;VECINAL;PROVINCIAL;DISTRITAL;1
I-123013;150111;LIMA;LIMA;EL AGUSTINO;-12.049897;-77.000813;Jirón Juan Hoyle Palacios / Avenida Pedro Chamochumbe;LOCAL;DISTRITAL;DISTRITAL;0
I-12366;080901;CUSCO;LA CONVENCION;SANTA ANA;-12.8609029;-72.6939806;Jirón Espinar / Jirón Quillabamba;LOCAL;DISTRITAL;PROVINCIAL;0
I-123687;130207;LA LIBERTAD;ASCOPE;SANTIAGO DE CAO;-7.888676;-79.220679;Calle Real / Calle Huascar;LOCAL;DISTRITAL;DISTRITAL;0
I-232650;140118;LAMBAYEQUE;CHICLAYO;POMALCA;-6.7700987;-79.778826;Avenida San Francisco de Asís / Calle s / n;VECINAL;PROVINCIAL;DISTRITAL;1
I-124766;150125;LIMA;LIMA;PUENTE PIEDRA;-11.93497;-77.087175;Avenida Los Naranjos / Calle Las Poncianas;LOCAL;DISTRITAL;DISTRITAL;0
I-12573;150114;LIMA;LIMA;LA MOLINA;-12.1170101;-76.9377138;Calle Río Rin / Pasaje Río Arauca;LOCAL;DISTRITAL;DISTRITAL;1
I-232878;140118;LAMBAYEQUE;CHICLAYO;POMALCA;-6.7703867;-79.7830318;Avenida Perú / Calle s / n;VECINAL;PROVINCIAL;DISTRITAL;1
I-126911;131202;LA LIBERTAD;VIRU;CHAO;-8.5389535;-78.6731334;Calle Micaela Bastidas / José Aberlardo Quiñones;LOCAL;DISTRITAL;DISTRITAL;1
I-232941;140118;LAMBAYEQUE;CHICLAYO;POMALCA;-6.7699818;-79.7790817;Avenida Perú / Jirón Leoncio Prado;VECINAL;PROVINCIAL;DISTRITAL;1
I-236847;130106;LA LIBERTAD;TRUJILLO;LAREDO;-8.0926598;-78.9674968;Avenida Pumacahua / Avenida Julian Arce;VECINAL;PROVINCIAL;DISTRITAL;0
I-262841;200208;PIURA;AYABACA;SAPILLICA;-4.775948;-79.981767;Avenida Ernesto Merino / Pasaje Teodoro Lizano;VECINAL;PROVINCIAL;DISTRITAL;0
I-81562;040122;AREQUIPA;AREQUIPA;SOCABAYA;-16.4433443;-71.521159;Pasaje Jorge Chavez / Calle Alfonso Ugarte;LOCAL;DISTRITAL;DISTRITAL;0
I-129059;150140;LIMA;LIMA;SANTIAGO DE SURCO;-12.140453;-76.975434;Calle Cerro Gris / Calle Bosque de Coníferas;LOCAL;DISTRITAL;DISTRITAL;0
I-12947;150114;LIMA;LIMA;LA MOLINA;-12.102769;-76.937551;Avenida Las Lomas de la Molina Vieja / Jirón Posada del Marques;LOCAL;DISTRITAL;DISTRITAL;0
I-12959;150114;LIMA;LIMA;LA MOLINA;-12.103235;-76.934284;Calle Posada del Marquez / Calle Suspiro del Moro;LOCAL;DISTRITAL;DISTRITAL;0
I-130242;050101;AYACUCHO;HUAMANGA;AYACUCHO;-13.1568293;-74.2313391;Avenida Perú / Jirón Venezuela;LOCAL;DISTRITAL;PROVINCIAL;0
I-130466;050101;AYACUCHO;HUAMANGA;AYACUCHO;-13.1477877;-74.223604;Avenida Independencia / Jirón Las Magnolias;LOCAL;DISTRITAL;PROVINCIAL;1
I-131239;050110;AYACUCHO;HUAMANGA;SAN JUAN BAUTISTA;-13.166541;-74.223562;Jirón España / Jirón Mariano Bellido;LOCAL;DISTRITAL;DISTRITAL;0
I-131615;050104;AYACUCHO;HUAMANGA;CARMEN ALTO;-13.1759631;-74.2186255;10 de Febrero / Avenida Humanga / Jirón Huancavelica;LOCAL;DISTRITAL;DISTRITAL;1
I-132498;250105;UCAYALI;CORONEL PORTILLO;YARINACOCHA;-8.3536904;-74.5835364;Orellana / Purús;LOCAL;DISTRITAL;DISTRITAL;1
I-1326;080108;CUSCO;CUSCO;WANCHAQ;-13.5309064;-71.9478222;Calle Prolongación Avenida Túpac Amaru / Jirón Ricardo Palma;LOCAL;DISTRITAL;DISTRITAL;1
I-71966;140206;LAMBAYEQUE;FERREÑAFE;PUEBLO NUEVO;-6.6421649;-79.798737;Calle Salvador Peña / Calle Alberto Exebio;VECINAL;PROVINCIAL;DISTRITAL;0
I-132801;050110;AYACUCHO;HUAMANGA;SAN JUAN BAUTISTA;-13.1750797;-74.1965571;Avenida Javier Heraud / Jirón Julio C. Tello;LOCAL;DISTRITAL;DISTRITAL;1
I-130079;050104;AYACUCHO;HUAMANGA;CARMEN ALTO;-13.169014;-74.226905;Calle 2 de Mayo / Calle San Lorenzo;LOCAL;DISTRITAL;DISTRITAL;0
I-132836;050110;AYACUCHO;HUAMANGA;SAN JUAN BAUTISTA;-13.175352;-74.208983;Avenida Las Malvinas / Jirón Jose Arguedas;LOCAL;DISTRITAL;DISTRITAL;0
I-269106;210401;PUNO;CHUCUITO;JULI;-16.2129585;-69.4548437;Avenida Manuel Quiroga / Jirón 15 de Agosto;VECINAL;PROVINCIAL;PROVINCIAL;1
I-135511;180301;MOQUEGUA;ILO;ILO;-17.644735;-71.345419;Jirón Abtao / Calle Zepita;LOCAL;DISTRITAL;PROVINCIAL;0
I-279460;110106;ICA;ICA;PARCONA;-14.0681151;-75.6829878;Avenida José Matías Manzanilla / Avenida Sinchi Roca;VECINAL;PROVINCIAL;DISTRITAL;0
I-337677;150132;LIMA;LIMA;SAN JUAN DE LURIGANCHO;-11.9257052;-76.9636162;Avenida Pachacútec / Calle s / n;VECINAL;PROVINCIAL;DISTRITAL;1
I-132830;050110;AYACUCHO;HUAMANGA;SAN JUAN BAUTISTA;-13.1710477;-74.211031;Avenida La Victoria / Avenida Las Americas;LOCAL;DISTRITAL;DISTRITAL;0
I-33889;130111;LA LIBERTAD;TRUJILLO;VICTOR LARCO HERRERA;-8.1291328;-79.0427043;Avenida Victor Larco Herrera / Juan J. Ganoza;VECINAL;PROVINCIAL;DISTRITAL;1
I-340081;130111;LA LIBERTAD;TRUJILLO;VICTOR LARCO HERRERA;-8.1293843;-79.0429224;Avenida Victor Larco Herrera / Calle s / n;VECINAL;PROVINCIAL;DISTRITAL;1
I-395798;150123;LIMA;LIMA;PACHACAMAC;-12.227659;-76.860808;Jirón Suspiros / Jirón Comercio;VECINAL;PROVINCIAL;DISTRITAL;0
I-41573;130102;LA LIBERTAD;TRUJILLO;EL PORVENIR;-8.086945;-79.002148;Avenida José Faustino Sánchez Carrión / Avenida Pumacahua;VECINAL;PROVINCIAL;DISTRITAL;1
I-425411;050401;AYACUCHO;HUANTA;HUANTA;-12.9428865;-74.2457315;Avenida San Martín / Jirón Sucre;VECINAL;PROVINCIAL;PROVINCIAL;1
I-138205;120401;JUNIN;JAUJA;JAUJA;-11.7840735;-75.4821922;Avenida Fransisco Carlé / Avenida Héroes de la Breña;LOCAL;DISTRITAL;PROVINCIAL;1
I-138899;150137;LIMA;LIMA;SANTA ANITA;-12.0403762;-76.9644544;Avenida Imperial / Chasquis;LOCAL;DISTRITAL;DISTRITAL;1
I-139294;200401;PIURA;MORROPON;CHULUCANAS;-5.090427;-80.163586;Jirón Colón / Calle Banchero Rossi;LOCAL;DISTRITAL;PROVINCIAL;0
I-139603;200401;PIURA;MORROPON;CHULUCANAS;-5.099837;-80.158261;Calle Los Próceres / Calle Arequipa;LOCAL;DISTRITAL;PROVINCIAL;0
I-139643;200401;PIURA;MORROPON;CHULUCANAS;-5.0872676;-80.1584361;Buenos Aires / José Olaya;LOCAL;DISTRITAL;PROVINCIAL;1
I-139702;200401;PIURA;MORROPON;CHULUCANAS;-5.1048571;-80.1705416;Avenida Perú / Manuel A. Odría;LOCAL;DISTRITAL;PROVINCIAL;1
I-140916;030201;APURIMAC;ANDAHUAYLAS;ANDAHUAYLAS;-13.6598451;-73.3843464;Avenida Los Libertadores / Avenida Malinas;LOCAL;DISTRITAL;PROVINCIAL;1
I-141242;030213;APURIMAC;ANDAHUAYLAS;SAN JERONIMO;-13.6497088;-73.3639174;Jirón 28 de Julio / Jirón Bolognesi;LOCAL;DISTRITAL;DISTRITAL;1
I-430326;120905;JUNIN;CHUPACA;HUAMANCACA CHICO;-12.081577;-75.242223;Jirón María Parado de Bellido / Avenida 28 de Julio;VECINAL;PROVINCIAL;DISTRITAL;0
I-440469;150601;LIMA;HUARAL;HUARAL;-11.4850465;-77.2059295;Avenida Los Naturales / Las Rosas;VECINAL;PROVINCIAL;PROVINCIAL;1
I-461335;230110;TACNA;TACNA;CORONEL GREGORIO ALBARRACIN LANCHIPA;-18.0552698;-70.2432494;Calle César Faucheux / Prolongación Avenida Municipal;VECINAL;PROVINCIAL;DISTRITAL;2
I-464345;040107;AREQUIPA;AREQUIPA;JACOBO HUNTER;-16.4600496;-71.5566274;Avenida Paisajista / Calle s / n;VECINAL;PROVINCIAL;DISTRITAL;1
I-1454;150112;LIMA;LIMA;INDEPENDENCIA;-11.9989257;-77.0581262;Avenida Industrial / Rufino Macedo;LOCAL;DISTRITAL;DISTRITAL;1
I-469057;230101;TACNA;TACNA;TACNA;-18.0329963;-70.2777657;Avenida Litoral / Tres;VECINAL;PROVINCIAL;PROVINCIAL;1
I-14599;080901;CUSCO;LA CONVENCION;SANTA ANA;-12.8574009;-72.6959152;Avenida Francisco Bolognesi / Calle Alameda;LOCAL;DISTRITAL;PROVINCIAL;0
I-146721;170101;MADRE DE DIOS;TAMBOPATA;TAMBOPATA;-12.5899047;-69.1887;15 de Agosto / Jaime Troncoso;LOCAL;DISTRITAL;PROVINCIAL;1
I-146833;170101;MADRE DE DIOS;TAMBOPATA;TAMBOPATA;-12.595943;-69.1802686;Gonzáles Prada / Jirón Puno;LOCAL;DISTRITAL;PROVINCIAL;1
I-146950;170101;MADRE DE DIOS;TAMBOPATA;TAMBOPATA;-12.5962243;-69.1946206;15 de Agosto / Aprímac;LOCAL;DISTRITAL;PROVINCIAL;1
I-147052;170101;MADRE DE DIOS;TAMBOPATA;TAMBOPATA;-12.5921731;-69.2016081;Circuvalación / Jirón Junín;LOCAL;DISTRITAL;PROVINCIAL;1
I-469754;230101;TACNA;TACNA;TACNA;-18.0300542;-70.2704842;Avenida Cristo Rey / Avenida María Parado de Bellido;VECINAL;PROVINCIAL;PROVINCIAL;1
I-471747;230102;TACNA;TACNA;ALTO DE LA ALIANZA;-17.9875398;-70.2440929;Avenida Internacional / Calle José de la Riva Aguero;VECINAL;PROVINCIAL;DISTRITAL;1
I-472371;230104;TACNA;TACNA;CIUDAD NUEVA;-17.9784501;-70.2371953;Avenida Maria Parado de Bellido / Avenida Mariano Necochea;VECINAL;PROVINCIAL;DISTRITAL;1
I-152334;150101;LIMA;LIMA;LIMA;-12.0706369;-77.03157845;Avenida Paseo de la República / Calle Vía Expresa Luis Fernán Bedoya Reyes;LOCAL;DISTRITAL;PROVINCIAL;1
I-152355;211101;PUNO;SAN ROMAN;JULIACA;-15.4770701;-70.1144654;Avenida Daniel Alomias Robles / Santiago Giraldo;LOCAL;DISTRITAL;PROVINCIAL;1
I-152944;211101;PUNO;SAN ROMAN;JULIACA;-15.468729;-70.1408828;Avenida Los Virreyes / Jirón José Bedoya;LOCAL;DISTRITAL;PROVINCIAL;1
I-15321;070104;CALLAO;CALLAO;LA PERLA;-12.0667502;-77.1120697;Calle Carlos Saco / Calle Manuel Ascencio Segura;LOCAL;DISTRITAL;DISTRITAL;1
I-153813;150143;LIMA;LIMA;VILLA MARIA DEL TRIUNFO;-12.167602;-76.945024;Avenida Pedro Tejada / Jirón Progreso;LOCAL;DISTRITAL;DISTRITAL;0
I-153866;150143;LIMA;LIMA;VILLA MARIA DEL TRIUNFO;-12.1598887;-76.9393384;Avenida El Triunfo / Calle Ricardo Palma;LOCAL;DISTRITAL;DISTRITAL;1
I-472501;230104;TACNA;TACNA;CIUDAD NUEVA;-17.9817031;-70.2352832;Avenida Internacional / Pasaje Juan Manuel Iturregui;VECINAL;PROVINCIAL;DISTRITAL;0
I-155776;150109;LIMA;LIMA;CIENEGUILLA;-12.1126058;-76.8211433;Jirón José Galvez / Jirón Miguel Grau;LOCAL;DISTRITAL;DISTRITAL;0
I-478443;040107;AREQUIPA;AREQUIPA;JACOBO HUNTER;-16.4603201;-71.5561759;Calle 4 / Calle s / n;VECINAL;PROVINCIAL;DISTRITAL;1
I-51596;150601;LIMA;HUARAL;HUARAL;-11.4871043;-77.2138248;Calle Los Cerezos / Calle Nueva;VECINAL;PROVINCIAL;PROVINCIAL;0
I-54204;130106;LA LIBERTAD;TRUJILLO;LAREDO;-8.0923354;-78.9562538;Avenida Trujillo / Calle Zarumilla;VECINAL;PROVINCIAL;DISTRITAL;1
I-157829;150125;LIMA;LIMA;PUENTE PIEDRA;-11.8263645;-77.1125334;Calle Las Begonias / Calle Los Jazmines;LOCAL;DISTRITAL;DISTRITAL;1
I-159406;070101;CALLAO;CALLAO;CALLAO;-12.021431;-77.1368514;Avenida Juan Velasco Alvarado / Jirón Inmaculada Concepción;LOCAL;DISTRITAL;PROVINCIAL;1
I-160108;070106;CALLAO;CALLAO;VENTANILLA;-11.8289444;-77.1589076;Calle 43 / Prolongación Avenida 225;LOCAL;DISTRITAL;DISTRITAL;1
I-55966;150201;LIMA;BARRANCA;BARRANCA;-10.7485737;-77.758657;Jirón Bartolomé de las Casas / Jirón Mariscal Andres Santa Cruz;VECINAL;PROVINCIAL;PROVINCIAL;1
I-160260;070106;CALLAO;CALLAO;VENTANILLA;-11.8292237;-77.157777;Calle 40 / Prolongación Avenida 225;LOCAL;DISTRITAL;DISTRITAL;1
I-160456;080701;CUSCO;CHUMBIVILCAS;SANTO TOMAS;-14.4523997;-72.0827073;Calle 28 de Julio / Calle s / n;LOCAL;DISTRITAL;PROVINCIAL;1
I-625714;060807;CAJAMARCA;JAEN;POMAHUACA;-5.9334387;-79.228745;Calle Lenin Cervera Llagenta / Calle San Martín;VECINAL;PROVINCIAL;DISTRITAL;1
I-63663;110102;ICA;ICA;LA TINGUIÑA;-14.0377339;-75.699377;Avenida Los Próceres / Avenida Río de Janeiro;VECINAL;PROVINCIAL;DISTRITAL;1
I-663543;131201;LA LIBERTAD;VIRU;VIRU;-8.4146029;-78.754659;Pasaje Choloque / Pasaje San Carlos;VECINAL;PROVINCIAL;PROVINCIAL;1
I-71991;140206;LAMBAYEQUE;FERREÑAFE;PUEBLO NUEVO;-6.638952;-79.797091;Calle Juan Gil Casiano / Calle Juan Manuel Sencie;VECINAL;PROVINCIAL;DISTRITAL;0
I-72130;140206;LAMBAYEQUE;FERREÑAFE;PUEBLO NUEVO;-6.641344;-79.797682;Calle Cahuide / Calle Juan Manuel Sencie;VECINAL;PROVINCIAL;DISTRITAL;0
I-731699;230104;TACNA;TACNA;CIUDAD NUEVA;-17.9815667;-70.2349105;Avenida Internacional / Avenida Maria Parado de Bellido;VECINAL;PROVINCIAL;DISTRITAL;1
I-166510;110501;ICA;PISCO;PISCO;-13.7176968;-76.1972002;Avenida Las Américas / Calle Enrique Mestanza;LOCAL;DISTRITAL;PROVINCIAL;1
I-166514;110501;ICA;PISCO;PISCO;-13.7177793;-76.1958504;Avenida Las Américas / Calle 2;LOCAL;DISTRITAL;PROVINCIAL;0
I-166827;080801;CUSCO;ESPINAR;ESPINAR;-14.7967244;-71.4130351;Calle Víctor Pérez A. / Pasaje José Olaya;LOCAL;DISTRITAL;PROVINCIAL;0
I-745672;230104;TACNA;TACNA;CIUDAD NUEVA;-17.9817506;-70.2257641;Avenida Artesanal A / Calle s / n;VECINAL;PROVINCIAL;DISTRITAL;1
I-75854;040102;AREQUIPA;AREQUIPA;ALTO SELVA ALEGRE;-16.365769;-71.5243462;Avenida Francisco Mostajo / Calle Mariano Melgar;VECINAL;PROVINCIAL;DISTRITAL;1
I-76275;040117;AREQUIPA;AREQUIPA;SACHACA;-16.417342;-71.5833585;Avenida Progreso / Pasaje San Martín;VECINAL;PROVINCIAL;DISTRITAL;1
I-77232;040104;AREQUIPA;AREQUIPA;CERRO COLORADO;-16.3601947;-71.5626588;Avenida Tumbes / Sol Oeste;VECINAL;PROVINCIAL;DISTRITAL;1
I-78959;040129;AREQUIPA;AREQUIPA;JOSE LUIS BUSTAMANTE Y RIVERO;-16.4452971;-71.5109901;Primavera / Calle s / n;VECINAL;PROVINCIAL;DISTRITAL;1
I-262834;200208;PIURA;AYABACA;SAPILLICA;-4.778181;-79.981768;Calle Arequipa / Calle Ancash;VECINAL;PROVINCIAL;DISTRITAL;0
I-181603;090101;HUANCAVELICA;HUANCAVELICA;HUANCAVELICA;-12.781577;-74.967656;Jirón Miguel Iglesias / Jirón Inca Roca;LOCAL;DISTRITAL;PROVINCIAL;0
I-80956;040112;AREQUIPA;AREQUIPA;PAUCARPATA;-16.4109939;-71.5134547;Avenida los Incas / Calle Malecón Paucarpata / Calle Victoria;VECINAL;PROVINCIAL;DISTRITAL;1
I-82490;040110;AREQUIPA;AREQUIPA;MIRAFLORES;-16.390434;-71.5163236;Avenida Goyeneche / Calle Sánchez Trujillo;VECINAL;PROVINCIAL;DISTRITAL;1
I-828491;230101;TACNA;TACNA;TACNA;-17.994704;-70.252159;Calle Eduardo Pérez Gamboa / Calle Takana;VECINAL;PROVINCIAL;PROVINCIAL;1
I-828495;130107;LA LIBERTAD;TRUJILLO;MOCHE;-8.150675;-79.010571;Pasaje Las Flores / Calle Entrada a La Campiña;VECINAL;PROVINCIAL;DISTRITAL;1
I-172612;150119;LIMA;LIMA;LURIN;-12.3043315;-76.842869;Antigua Panamericana Sur / Calle Acapulco;LOCAL;DISTRITAL;DISTRITAL;1
I-172639;150126;LIMA;LIMA;PUNTA HERMOSA;-12.3095455;-76.837778;Avenida Los Delfines / Calle s / n;LOCAL;DISTRITAL;DISTRITAL;1
I-82981;040112;AREQUIPA;AREQUIPA;PAUCARPATA;-16.4142869;-71.5095311;Calle Prolongación Avenida Jesús / Calle Industrial;VECINAL;PROVINCIAL;DISTRITAL;1
I-172774;150119;LIMA;LIMA;LURIN;-12.294214;-76.8532749;Jirón 28 de Julio / Calle s / n;LOCAL;DISTRITAL;DISTRITAL;0
I-173578;150126;LIMA;LIMA;PUNTA HERMOSA;-12.332212;-76.827545;Calle Isla Ballesta / Avenida Sunset;LOCAL;DISTRITAL;DISTRITAL;0
I-86933;230102;TACNA;TACNA;ALTO DE LA ALIANZA;-17.9841457;-70.24424;Avenida Gregorio Albarracín / Calle Víctor Fajardo;VECINAL;PROVINCIAL;DISTRITAL;1
I-175165;070102;CALLAO;CALLAO;BELLAVISTA;-12.0537156;-77.0979222;Avenida Elmer Faucett / Calle s / n;LOCAL;DISTRITAL;DISTRITAL;1
I-17540;150105;LIMA;LIMA;BREÑA;-12.0595616;-77.04634;Jirón General Varela / Jirón Rebeca Oquendo;LOCAL;DISTRITAL;DISTRITAL;1
I-259138;100604;HUANUCO;LEONCIO PRADO;JOSE CRESPO Y CASTILLO;-8.934488;-76.113422;Avenida Huaraz / Jirón Tupac Amaru;LOCAL;DISTRITAL;DISTRITAL;0
I-330810;110108;ICA;ICA;SALAS;-13.987111;-75.768993;Calle Santa Rosa / Avenida 29 de Abril;LOCAL;DISTRITAL;DISTRITAL;0
I-177617;060301;CAJAMARCA;CELENDIN;CELENDIN;-6.8651057;-78.1441467;Jirón Cáceres / Jirón Unión;LOCAL;DISTRITAL;PROVINCIAL;1
I-92809;150123;LIMA;LIMA;PACHACAMAC;-12.1076586;-76.8753886;Avenida Víctor Malásquez / Calle s / n;METROPOLITANA;PROVINCIAL;DISTRITAL;1
I-86823;230102;TACNA;TACNA;ALTO DE LA ALIANZA;-17.9889955;-70.2466071;Avenida Internacional / Calle Haití;VECINAL;PROVINCIAL;DISTRITAL;0
I-179975;060601;CAJAMARCA;CUTERVO;CUTERVO;-6.377775;-78.818491;Jirón 22 de Octubre / Jirón Comercio;LOCAL;DISTRITAL;PROVINCIAL;0
I-180013;060601;CAJAMARCA;CUTERVO;CUTERVO;-6.3776447;-78.8145753;Jirón Juan Z. Montenegro / Jirón Santa Rosa;LOCAL;DISTRITAL;PROVINCIAL;1
I-180064;060601;CAJAMARCA;CUTERVO;CUTERVO;-6.376494;-78.817158;Jirón Progreso / Jirón La Merced;LOCAL;DISTRITAL;PROVINCIAL;0
I-180332;060401;CAJAMARCA;CHOTA;CHOTA;-6.5653487;-78.6514021;Jirón Carlos Largomarcino / Pasaje Mariscal Castilla;LOCAL;DISTRITAL;PROVINCIAL;1
I-181559;090101;HUANCAVELICA;HUANCAVELICA;HUANCAVELICA;-12.78451;-74.970354;Jirón Sinchi Roca / Calle Prolongación Virgen del Carmen;LOCAL;DISTRITAL;PROVINCIAL;0
I-181616;090101;HUANCAVELICA;HUANCAVELICA;HUANCAVELICA;-12.785217;-74.973348;Avenida San Cristóbal / Calle Malecón Virgen de la Candelaria;LOCAL;DISTRITAL;PROVINCIAL;0
I-86949;230102;TACNA;TACNA;ALTO DE LA ALIANZA;-17.9875015;-70.2474041;Avenida Gregorio Albarracín / Calle Haití;VECINAL;PROVINCIAL;DISTRITAL;0
I-471594;230102;TACNA;TACNA;ALTO DE LA ALIANZA;-17.9926381;-70.2502285;Avenida Internacional / Jirón de la Unión;VECINAL;PROVINCIAL;DISTRITAL;0
I-182932;130901;LA LIBERTAD;SANCHEZ CARRION;HUAMACHUCO;-7.8162638;-78.0405767;Jirón Andres Avelino Caceres / Jirón Florencia de Mora;LOCAL;DISTRITAL;PROVINCIAL;1
I-183076;130901;LA LIBERTAD;SANCHEZ CARRION;HUAMACHUCO;-7.8175957;-78.033728;Avenida Garcilaso de la Vega / Avenida Ramiro Priale;LOCAL;DISTRITAL;PROVINCIAL;1
I-183128;130901;LA LIBERTAD;SANCHEZ CARRION;HUAMACHUCO;-7.8186544;-78.0427923;Jirón Junin / Jirón Ramon Castilla;LOCAL;DISTRITAL;PROVINCIAL;1
I-183252;130901;LA LIBERTAD;SANCHEZ CARRION;HUAMACHUCO;-7.8201969;-78.0390466;Calle Agua de los Pajaritos / Pasaje San Marcos;LOCAL;DISTRITAL;PROVINCIAL;1
I-18397;200101;PIURA;PIURA;PIURA;-5.1975712;-80.6304467;Apurímac / Avenida Loreto;LOCAL;DISTRITAL;PROVINCIAL;1
I-18534;070103;CALLAO;CALLAO;CARMEN DE LA LEGUA REYNOSO;-12.0400183;-77.0930552;Avenida 1º de Mayo / Jirón Jorge Chávez;LOCAL;DISTRITAL;DISTRITAL;1
I-187491;210101;PUNO;PUNO;PUNO;-15.8371361;-70.0256497;Jirón Los Incas / Calle s / n;LOCAL;DISTRITAL;PROVINCIAL;1
I-187651;210101;PUNO;PUNO;PUNO;-15.8611403;-70.0133308;Avenida 4 de Noviembre / Calle s / n;LOCAL;DISTRITAL;PROVINCIAL;1
I-189025;080601;CUSCO;CANCHIS;SICUANI;-14.2809425;-71.2276558;Pasaje Santa Rosa / Calle s / n;LOCAL;DISTRITAL;PROVINCIAL;1
I-285880;030602;APURIMAC;CHINCHEROS;ANCO_HUALLO;-13.5232312;-73.6646519;Avenida Aviación / Avenida La Cultura;VECINAL;PROVINCIAL;DISTRITAL;0
I-55983;150201;LIMA;BARRANCA;BARRANCA;-10.7439391;-77.7503809;Calle 3 / Calle Las Moreras / Jirón Lauriama;VECINAL;PROVINCIAL;PROVINCIAL;0
I-191992;110501;ICA;PISCO;PISCO;-13.71322;-76.2098328;Avenida Abraham Valdelomar / Calle Santa Rosa;LOCAL;DISTRITAL;PROVINCIAL;1
I-192082;110501;ICA;PISCO;PISCO;-13.7169713;-76.2040387;Calle Comercio / Calle s / n;LOCAL;DISTRITAL;PROVINCIAL;1
I-195004;100601;HUANUCO;LEONCIO PRADO;RUPA-RUPA;-9.3031887;-76.0008751;Avenida 28 de Julio / Avenida Agricultura / Jirón Callao;LOCAL;DISTRITAL;PROVINCIAL;1
I-131657;050104;AYACUCHO;HUAMANGA;CARMEN ALTO;-13.1811054;-74.2267442;Jirón Cangallo / Jirón Del Porvenir / Prolongación Jirón Porvenir;VECINAL;PROVINCIAL;DISTRITAL;0
I-131869;050104;AYACUCHO;HUAMANGA;CARMEN ALTO;-13.1880799;-74.2219295;Avenida Abrahan Valdelomar / Avenida Gran Mariscal;VECINAL;PROVINCIAL;DISTRITAL;0
I-136120;050104;AYACUCHO;HUAMANGA;CARMEN ALTO;-13.1823986;-74.2215016;Avenida Los Libertadores / Jirón Atahualpa;VECINAL;PROVINCIAL;DISTRITAL;0
I-197680;150116;LIMA;LIMA;LINCE;-12.084557;-77.0284198;Avenida Prolongación Iquitos / Calle s / n;LOCAL;DISTRITAL;DISTRITAL;1
I-197785;040104;AREQUIPA;AREQUIPA;CERRO COLORADO;-16.3264516;-71.5904049;Avenida Vía 54 / Calle s / n;LOCAL;DISTRITAL;DISTRITAL;1
I-201523;110207;ICA;CHINCHA;PUEBLO NUEVO;-13.4037695;-76.1330586;Avenida Dos de Mayo / Jirón San Martin de Porres;LOCAL;DISTRITAL;DISTRITAL;1
I-201589;110507;ICA;PISCO;SAN CLEMENTE;-13.6793072;-76.152324;Calle Los Diamantes / Calle Paruro;LOCAL;DISTRITAL;DISTRITAL;1
I-131686;050104;AYACUCHO;HUAMANGA;CARMEN ALTO;-13.1772559;-74.2229851;Jirón Huancavelica / Jirón Progreso;VECINAL;PROVINCIAL;DISTRITAL;0
I-131685;050104;AYACUCHO;HUAMANGA;CARMEN ALTO;-13.177515;-74.2240321;Jirón Huancavelica / Jirón Miguel Grau;VECINAL;PROVINCIAL;DISTRITAL;0
I-177577;060301;CAJAMARCA;CELENDIN;CELENDIN;-6.8710485;-78.1471964;Jirón Ayacucho / Jirón Jorge Chávez;VECINAL;PROVINCIAL;PROVINCIAL;0
I-207073;230110;TACNA;TACNA;CORONEL GREGORIO ALBARRACIN LANCHIPA;-18.0634318;-70.2444827;Avenida Soberanía Nacional / Avenida Soldado Estanislao Cóndor;LOCAL;DISTRITAL;DISTRITAL;1
I-177581;060301;CAJAMARCA;CELENDIN;CELENDIN;-6.8614958;-78.1464685;Jirón Arica / Jirón Ayacucho;VECINAL;PROVINCIAL;PROVINCIAL;0
I-211270;210101;PUNO;PUNO;PUNO;-15.8393969;-70.0301968;Jirón Ilave / Jirón Libertad;LOCAL;DISTRITAL;PROVINCIAL;1
I-214151;040101;AREQUIPA;AREQUIPA;AREQUIPA;-16.4149176;-71.534333;Avenida Daniel Alcides Carrión / Calle San Rafael;LOCAL;DISTRITAL;PROVINCIAL;1
I-214168;040129;AREQUIPA;AREQUIPA;JOSE LUIS BUSTAMANTE Y RIVERO;-16.4214134;-71.5414472;Avenida Pedro P. Diaz / Calle Ambrosio Vucetich;LOCAL;DISTRITAL;DISTRITAL;1
I-21423;250105;UCAYALI;CORONEL PORTILLO;YARINACOCHA;-8.3716871;-74.5570996;Avenida Miraflores / Avenida Túpac Amaru;LOCAL;DISTRITAL;DISTRITAL;1
I-177592;060301;CAJAMARCA;CELENDIN;CELENDIN;-6.8657497;-78.1467944;Jirón Ayacucho / Jirón Pardo;VECINAL;PROVINCIAL;PROVINCIAL;0
I-21645;250105;UCAYALI;CORONEL PORTILLO;YARINACOCHA;-8.380552;-74.5691333;Arbonización / Balta;LOCAL;DISTRITAL;DISTRITAL;1
I-216714;180301;MOQUEGUA;ILO;ILO;-17.646184;-71.344723;Avenida 28 de Julio / Calle Callao;LOCAL;DISTRITAL;PROVINCIAL;0
I-34671;150605;LIMA;HUARAL;CHANCAY;-11.560535;-77.2716348;Avenida Benjamin Vizquera / Jirón Ayacucho;VECINAL;PROVINCIAL;DISTRITAL;0
I-217912;211101;PUNO;SAN ROMAN;JULIACA;-15.5144331;-70.1241387;Jirón Brasil / Jirón Manuel Nuñez Butron;LOCAL;DISTRITAL;PROVINCIAL;1
I-217943;211101;PUNO;SAN ROMAN;JULIACA;-15.5009046;-70.1303985;Jirón Cerezos / Jirón Mariano Pandia;LOCAL;DISTRITAL;PROVINCIAL;1
I-220109;210101;PUNO;PUNO;PUNO;-15.8521435;-70.0151579;Jirón Coronel Belisario Suárez / Calle s / n;LOCAL;DISTRITAL;PROVINCIAL;1
I-221526;140308;LAMBAYEQUE;LAMBAYEQUE;OLMOS;-5.9888856;-79.7480983;Avenida Augusto Bernardino Leguía / Calle Huáscar;LOCAL;DISTRITAL;DISTRITAL;1
I-34717;150605;LIMA;HUARAL;CHANCAY;-11.564176;-77.2686246;Avenida Simon Bolivar / Calle Leoncio Prado;VECINAL;PROVINCIAL;DISTRITAL;0
I-22228;250105;UCAYALI;CORONEL PORTILLO;YARINACOCHA;-8.371005;-74.560688;Calle Iparía / Calle Gacilazo de la Vega;LOCAL;DISTRITAL;DISTRITAL;0
I-222967;100102;HUANUCO;HUANUCO;AMARILIS;-9.938885;-76.2436956;Jirón Las Begonias / Vía de Evitamiento Heroes del Cenepa;LOCAL;DISTRITAL;DISTRITAL;1
I-35038;120107;JUNIN;HUANCAYO;CHILCA;-12.089822;-75.2067;Avenida General Cordova / Avenida Los Proceres;VECINAL;PROVINCIAL;DISTRITAL;0
I-22440;250105;UCAYALI;CORONEL PORTILLO;YARINACOCHA;-8.36004;-74.574254;Jirón Callería / Calle Nueva Luz de Fátima;LOCAL;DISTRITAL;DISTRITAL;0
I-22447;250105;UCAYALI;CORONEL PORTILLO;YARINACOCHA;-8.3569986;-74.5772759;2 de Mayo / Jirón Callería;LOCAL;DISTRITAL;DISTRITAL;1
I-224763;140116;LAMBAYEQUE;CHICLAYO;CAYALTI;-6.8928196;-79.5629478;Calle Agustín Gamarra / Jirón Agustín Gamarra;LOCAL;DISTRITAL;DISTRITAL;1
I-496458;021803;ANCASH;SANTA;COISHCO;-9.0228405;-78.6190842;Jirón Pescadores / Calle s / n;VECINAL;PROVINCIAL;DISTRITAL;0
I-33912;130111;LA LIBERTAD;TRUJILLO;VICTOR LARCO HERRERA;-8.136969;-79.039294;Calle Los Angeles / Calle 28 de Julio;LOCAL;DISTRITAL;DISTRITAL;0
I-226590;130401;LA LIBERTAD;CHEPEN;CHEPEN;-7.2313126;-79.4217566;El Progreso / Independencia;LOCAL;DISTRITAL;PROVINCIAL;1
I-39616;130109;LA LIBERTAD;TRUJILLO;SALAVERRY;-8.188858;-78.987491;Calle César Vallejo / Calle Sucre;LOCAL;DISTRITAL;DISTRITAL;0
I-22904;080106;CUSCO;CUSCO;SANTIAGO;-13.5261446;-71.9751142;Jirón Lima / Calle s / n;LOCAL;DISTRITAL;DISTRITAL;1
I-229321;200110;PIURA;PIURA;LA UNION;-5.404206;-80.74153;Calle Lambayeque / Jirón Huáscar;LOCAL;DISTRITAL;DISTRITAL;0
I-180232;060601;CAJAMARCA;CUTERVO;CUTERVO;-6.3758099;-78.8180599;Jirón Benjamín Duble / Jirón La Asunción;VECINAL;PROVINCIAL;PROVINCIAL;0
I-67699;120114;JUNIN;HUANCAYO;EL TAMBO;-12.0502114;-75.212571;Jirón Inca Ripac / Jirón San Cristobal / Prolongación José Carlos Mariátegui;VECINAL;PROVINCIAL;DISTRITAL;0
I-179098;120114;JUNIN;HUANCAYO;EL TAMBO;-12.0457025;-75.224482;Jirón Atalaya / Mariscal Castilla;VECINAL;PROVINCIAL;DISTRITAL;0
I-57514;150801;LIMA;HUAURA;HUACHO;-11.1073856;-77.602619;Avenida Túpac Amaru / Jirón Augusto B Leguia;VECINAL;PROVINCIAL;PROVINCIAL;0
I-57742;150801;LIMA;HUAURA;HUACHO;-11.1075587;-77.6100368;Avenida 28 de Julio / Avenida Echenique;VECINAL;PROVINCIAL;PROVINCIAL;0
I-234400;230104;TACNA;TACNA;CIUDAD NUEVA;-17.9760353;-70.2369521;Avenida Expedición Libertadora / Calle Las Buganvillas;LOCAL;DISTRITAL;DISTRITAL;1
I-57766;150801;LIMA;HUAURA;HUACHO;-11.1072713;-77.6062456;Avenida 28 de Julio / Calle Domingo Coloma;VECINAL;PROVINCIAL;PROVINCIAL;0
I-236190;130105;LA LIBERTAD;TRUJILLO;LA ESPERANZA;-8.0693602;-79.0343119;Calle Prolongación Blanco Encalada / Calle Ricardo Palma;LOCAL;DISTRITAL;DISTRITAL;1
I-206796;050401;AYACUCHO;HUANTA;HUANTA;-12.9392;-74.2490525;Avenida Mariscal Castilla / Jirón Arica / Jirón Saenz Peña;VECINAL;PROVINCIAL;PROVINCIAL;0
I-237951;130702;LA LIBERTAD;PACASMAYO;GUADALUPE;-7.3094078;-79.4842198;Calle Las Palmeras / Jirón Túpac Amaru;LOCAL;DISTRITAL;DISTRITAL;1
I-23889;150105;LIMA;LIMA;BREÑA;-12.061072;-77.0508422;Jirón Federico Villareal / Jirón General Vidal;LOCAL;DISTRITAL;DISTRITAL;0
I-487387;060801;CAJAMARCA;JAEN;JAEN;-5.7066753;-78.8096819;Pardo Miguel / Sucre;VECINAL;PROVINCIAL;PROVINCIAL;0
I-269177;210401;PUNO;CHUCUITO;JULI;-16.214547;-69.4616563;Jirón 8 de Diciembre / Jirón Ilave;VECINAL;PROVINCIAL;PROVINCIAL;0
I-335601;130106;LA LIBERTAD;TRUJILLO;LAREDO;-8.0926672;-78.9651105;Avenida Trujillo / Calle s / n;VECINAL;PROVINCIAL;DISTRITAL;0
I-358493;120606;JUNIN;SATIPO;PANGOA;-11.4354493;-74.4912195;Avenida Pangoa / Calle Brasil;VECINAL;PROVINCIAL;DISTRITAL;0
I-199160;040701;AREQUIPA;ISLAY;MOLLENDO;-17.0221147;-71.9990447;Calle 7 / Vía de Evitamiento;VECINAL;PROVINCIAL;PROVINCIAL;0
I-625727;060807;CAJAMARCA;JAEN;POMAHUACA;-5.9315348;-79.2294745;Calle Balta / Calle San Martín;VECINAL;PROVINCIAL;DISTRITAL;0
I-225105;140118;LAMBAYEQUE;CHICLAYO;POMALCA;-6.770017;-79.7777271;Avenida San Francisco de Asís / Calle s / n;VECINAL;PROVINCIAL;DISTRITAL;0
I-245529;130206;LA LIBERTAD;ASCOPE;RAZURI;-7.7041063;-79.4332958;Carretera Paiján - Puerto Chicama / Calle s / n;VECINAL;PROVINCIAL;DISTRITAL;0
I-628951;130206;LA LIBERTAD;ASCOPE;RAZURI;-7.7155556;-79.3759938;Carretera Paiján - Puerto Chicama / Calle s / n;VECINAL;PROVINCIAL;DISTRITAL;0
I-822920;140113;LAMBAYEQUE;CHICLAYO;REQUE;-6.8602751;-79.8115463;Jirón Atahualpa / Calle s / n;VECINAL;PROVINCIAL;DISTRITAL;0
I-433023;060901;CAJAMARCA;SAN IGNACIO;SAN IGNACIO;-5.1411128;-78.9967709;Jirón Comercio / Mariano Melgar;VECINAL;PROVINCIAL;PROVINCIAL;0
I-191372;150810;LIMA;HUAURA;SANTA MARIA;-11.1042363;-77.5755234;Avenida El Milagro / Avenida Libertad;VECINAL;PROVINCIAL;DISTRITAL;0
I-493573;150810;LIMA;HUAURA;SANTA MARIA;-11.0938372;-77.581623;Avenida 28 de Julio / Avenida San Martin;VECINAL;PROVINCIAL;DISTRITAL;0
I-253998;070107;CALLAO;CALLAO;MI PERU;-11.857648;-77.1283576;Avenida Arequipa / Avenida Víctor Raúl Haya de la Torre;LOCAL;DISTRITAL;DISTRITAL;1
I-25407;150132;LIMA;LIMA;SAN JUAN DE LURIGANCHO;-11.97708;-76.9987;Avenida Canto Rey / Calle Río Ucayali;LOCAL;DISTRITAL;DISTRITAL;0
I-254583;070104;CALLAO;CALLAO;LA PERLA;-12.074111;-77.1226195;Avenida Costanera / Calle s / n;LOCAL;DISTRITAL;DISTRITAL;1
I-200479;211301;PUNO;YUNGUYO;YUNGUYO;-16.2523522;-69.0940139;Avenida Tupac Amaru / Jirón Yunguyo;VECINAL;PROVINCIAL;PROVINCIAL;0
I-257103;070104;CALLAO;CALLAO;LA PERLA;-12.0658437;-77.1217727;Avenida José Gálvez / Calle s / n;LOCAL;DISTRITAL;DISTRITAL;1
I-257337;150115;LIMA;LIMA;LA VICTORIA;-12.0682683;-77.0092799;Avenida San Pablo / Pasaje Pisagua;LOCAL;DISTRITAL;DISTRITAL;1
I-547293;210102;PUNO;PUNO;ACORA;-15.9941664;-69.7618788;Calle s / n / Calle s / n;VECINAL;PROVINCIAL;DISTRITAL;1
I-329425;210102;PUNO;PUNO;ACORA;-16.0078893;-69.697559;Calle s / n / Calle s / n;VECINAL;PROVINCIAL;DISTRITAL;0
I-828496;130801;LA LIBERTAD;PATAZ;TAYABAMBA;-8.275307;-77.296837;Jirón Enrique Marquina / Jirón Bolivar;LOCAL;DISTRITAL;PROVINCIAL;0
I-180938;140120;LAMBAYEQUE;CHICLAYO;TUMAN;-6.745376;-79.700631;Calle Francisco Gandulia / Avenida Antonio Espinoza;LOCAL;DISTRITAL;DISTRITAL;0
I-36084;140301;LAMBAYEQUE;LAMBAYEQUE;LAMBAYEQUE;-6.702685;-79.903788;Calle San Martín / Avenida Cáceres;LOCAL;DISTRITAL;PROVINCIAL;0
I-261576;140101;LAMBAYEQUE;CHICLAYO;CHICLAYO;-6.7809457;-79.8370332;José Rodriguez Trigoso / Calle s / n;LOCAL;DISTRITAL;PROVINCIAL;1
I-71616;140201;LAMBAYEQUE;FERREÑAFE;FERREÑAFE;-6.6427274;-79.7876743;Calle Augusto Bernardino Leguía / Calle Sucre;LOCAL;DISTRITAL;PROVINCIAL;0
I-134093;180301;MOQUEGUA;ILO;ILO;-17.6495007;-71.3306884;Avenida Pedro Huilca Tecse / Calle s / n;VECINAL;PROVINCIAL;PROVINCIAL;1
I-220342;240302;TUMBES;ZARUMILLA;AGUAS VERDES;-3.4827806;-80.2470091;Jirón Lambayeque / Calle s / n;VECINAL;PROVINCIAL;DISTRITAL;0
I-140949;030201;APURIMAC;ANDAHUAYLAS;ANDAHUAYLAS;-13.6651996;-73.391871;Avenida Lázaro Carrillo / Calle s / n;VECINAL;PROVINCIAL;PROVINCIAL;1
I-72069;140206;LAMBAYEQUE;FERREÑAFE;PUEBLO NUEVO;-6.640831;-79.796481;Calle C. Chuman / Calle Buenaventura Sialer;LOCAL;DISTRITAL;DISTRITAL;0
I-267001;160601;LORETO;UCAYALI;CONTAMANA;-7.3405536;-75.0100631;Calle Luis Rengifo Guevara / Calle Roldán Tuesta Rengifo;LOCAL;DISTRITAL;PROVINCIAL;0
I-26704;150112;LIMA;LIMA;INDEPENDENCIA;-11.997994;-77.0520603;Las Viñas / Calle s / n;LOCAL;DISTRITAL;DISTRITAL;1
I-26803;150117;LIMA;LIMA;LOS OLIVOS;-11.9916964;-77.0703998;Cesar Vallejo / Jirón Manuel Gonzales Prada;LOCAL;DISTRITAL;DISTRITAL;1
I-331389;080104;CUSCO;CUSCO;SAN JERONIMO;-13.5498117;-71.9075292;Apv. Vallesito / Calle s / n;VECINAL;PROVINCIAL;DISTRITAL;0
I-222159;030602;APURIMAC;CHINCHEROS;ANCO_HUALLO;-13.5234183;-73.6841597;Calle s / n / Calle s / n;VECINAL;PROVINCIAL;DISTRITAL;1
I-170695;180101;MOQUEGUA;MARISCAL NIETO;MOQUEGUA;-17.1865212;-70.9428129;Avenida Circunvalación / Calle s / n;VECINAL;PROVINCIAL;PROVINCIAL;0
I-274490;080101;CUSCO;CUSCO;CUSCO;-13.5213251;-71.9892501;Avenida Ricardo Palma / Calle Cesar Vallejo;LOCAL;DISTRITAL;PROVINCIAL;1
I-274679;150120;LIMA;LIMA;MAGDALENA DEL MAR;-12.1038031;-77.0644513;Calle Ciclovía Costa Verde Magdalena - San Miguel / Calle Circuito de Playas;LOCAL;DISTRITAL;DISTRITAL;0
I-200526;211301;PUNO;YUNGUYO;YUNGUYO;-16.2416841;-69.0920423;Avenida 28 de Julio / Calle s / n;VECINAL;PROVINCIAL;PROVINCIAL;1
I-27671;070101;CALLAO;CALLAO;CALLAO;-12.0132232;-77.0974772;Avenida Los Nenufares / Calle La Capilla / Calle Las Magnolias;LOCAL;DISTRITAL;PROVINCIAL;1
I-203111;230110;TACNA;TACNA;CORONEL GREGORIO ALBARRACIN LANCHIPA;-18.0573631;-70.2567809;Avenida La Cultura / Calle s / n;VECINAL;PROVINCIAL;DISTRITAL;0
I-102550;150140;LIMA;LIMA;SANTIAGO DE SURCO;-12.124385;-76.989817;Calle Meridiano / Calle Alameda del Rocío;LOCAL;DISTRITAL;DISTRITAL;0
I-285685;150128;LIMA;LIMA;RIMAC;-12.0418835;-77.0224572;Jirón Marañón / Calle s / n;LOCAL;DISTRITAL;DISTRITAL;1
I-204874;130701;LA LIBERTAD;PACASMAYO;SAN PEDRO DE LLOC;-7.3861907;-79.4888848;Carretera San Pedro de Lloc - San José / Calle s / n;VECINAL;PROVINCIAL;PROVINCIAL;1
I-288982;130104;LA LIBERTAD;TRUJILLO;HUANCHACO;-8.0406688;-79.0592911;Avenida Miguel Grau / Calle Cápac Yupanqui;LOCAL;DISTRITAL;DISTRITAL;2
I-294231;130704;LA LIBERTAD;PACASMAYO;PACASMAYO;-7.4129895;-79.5631819;Avenida Elmer Faucett / Calle Las Orquídeas;LOCAL;DISTRITAL;DISTRITAL;1
I-206852;050401;AYACUCHO;HUANTA;HUANTA;-12.9361069;-74.2519086;Avenida Mariscal Castilla / Calle s / n;VECINAL;PROVINCIAL;PROVINCIAL;1
I-102563;150107;LIMA;LIMA;CHACLACAYO;-11.97251007;-76.75222209;Calle El Sol / Calle Irigoyen;LOCAL;DISTRITAL;DISTRITAL;0
I-210471;130207;LA LIBERTAD;ASCOPE;SANTIAGO DE CAO;-7.9620944;-79.2173213;Carretera Chiquitoy - Santiago de Cao / Calle s / n;VECINAL;PROVINCIAL;DISTRITAL;3
I-228699;200109;PIURA;PIURA;LA ARENA;-5.348314;-80.711628;Calle Arequipa / Calle Moquegua;VECINAL;PROVINCIAL;DISTRITAL;0
I-234730;040702;AREQUIPA;ISLAY;COCACHACRA;-17.103877;-71.7826006;Avenida Libertad / Calle s / n;VECINAL;PROVINCIAL;DISTRITAL;1
I-30179;150108;LIMA;LIMA;CHORRILLOS;-12.1928188;-77.0195488;Avenida Principal / Calle 5;LOCAL;DISTRITAL;DISTRITAL;1
I-565019;060701;CAJAMARCA;HUALGAYOC;BAMBAMARCA;-6.7584569;-78.4881815;Calle s / n / Calle s / n;VECINAL;PROVINCIAL;PROVINCIAL;1
I-107798;150133;LIMA;LIMA;SAN JUAN DE MIRAFLORES;-12.16527;-76.98282;Calle El Bosque / Calle Las Azucenas;LOCAL;DISTRITAL;DISTRITAL;0
I-289759;060802;CAJAMARCA;JAEN;BELLAVISTA;-5.6651289;-78.6811403;Calle s / n / Calle s / n;VECINAL;PROVINCIAL;DISTRITAL;1
I-289726;060802;CAJAMARCA;JAEN;BELLAVISTA;-5.6686878;-78.6781194;Calle s / n / Calle s / n;VECINAL;PROVINCIAL;DISTRITAL;0
I-306617;080106;CUSCO;CUSCO;SANTIAGO;-13.53701;-71.961156;Avenida Luis Vallejo Santoni / Avenida Cusco;LOCAL;DISTRITAL;DISTRITAL;0
I-259851;200805;PIURA;SECHURA;VICE;-5.454891;-80.810076;Calle Comercio / Av. San Pedro - Becará;VECINAL;PROVINCIAL;DISTRITAL;0
I-260067;200110;PIURA;PIURA;LA UNION;-5.4005049;-80.7754282;Carretera La Tortuga - La Unión / Calle s / n;VECINAL;PROVINCIAL;DISTRITAL;0
I-262968;200202;PIURA;AYABACA;FRIAS;-4.931532;-79.946925;Calle Piura / Calle Tacna;VECINAL;PROVINCIAL;DISTRITAL;0
I-267961;150811;LIMA;HUAURA;SAYAN;-11.149087;-77.24483;Andahuasi / Sayan;VECINAL;PROVINCIAL;DISTRITAL;0
I-269382;120901;JUNIN;CHUPACA;CHUPACA;-12.0655829;-75.2783445;Avenida Los Héroes / Calle s / n;VECINAL;PROVINCIAL;PROVINCIAL;1
I-195716;020601;ANCASH;CARHUAZ;CARHUAZ;-9.2848541;-77.6498622;Calle s / n / Calle s / n;VECINAL;PROVINCIAL;PROVINCIAL;0
I-71905;200105;PIURA;PIURA;CATACAOS;-5.2315638;-80.6579126;Calle s / n / Calle s / n;VECINAL;PROVINCIAL;DISTRITAL;1
I-71911;200105;PIURA;PIURA;CATACAOS;-5.2273475;-80.6569615;Calle s / n / Calle s / n;VECINAL;PROVINCIAL;DISTRITAL;0
I-31232;150128;LIMA;LIMA;RIMAC;-12.0377036;-77.0271637;Jirón Atahualpa / Jirón Chiclayo / Jirón Madera;LOCAL;DISTRITAL;DISTRITAL;1
I-31278;150128;LIMA;LIMA;RIMAC;-12.0379603;-77.0169993;Jirón Alfonso Ugarte / Pasaje 5;LOCAL;DISTRITAL;DISTRITAL;1
I-312831;130101;LA LIBERTAD;TRUJILLO;TRUJILLO;-8.1230718;-79.0226551;Avenida América Sur / Calle s / n;LOCAL;DISTRITAL;PROVINCIAL;2
I-404968;200105;PIURA;PIURA;CATACAOS;-5.2506082;-80.6820028;Calle s / n / Calle s / n;VECINAL;PROVINCIAL;DISTRITAL;0
I-71903;200105;PIURA;PIURA;CATACAOS;-5.2479687;-80.669968;Calle s / n / Calle s / n;VECINAL;PROVINCIAL;DISTRITAL;0
I-404967;200105;PIURA;PIURA;CATACAOS;-5.2520531;-80.6824269;Calle s / n / Calle s / n;VECINAL;PROVINCIAL;DISTRITAL;0
I-315275;040103;AREQUIPA;AREQUIPA;CAYMA;-16.3762364;-71.5388703;Avenida Cusco / Calle s / n;LOCAL;DISTRITAL;DISTRITAL;1
I-315608;070107;CALLAO;CALLAO;MI PERU;-11.8571311;-77.121697;Avenida Cuzco / Calle s / n;LOCAL;DISTRITAL;DISTRITAL;1
I-291540;130104;LA LIBERTAD;TRUJILLO;HUANCHACO;-8.0718011;-79.1136787;Avenida Cerrito de la Virgen / Calle s / n;VECINAL;PROVINCIAL;DISTRITAL;1
I-31623;070103;CALLAO;CALLAO;CARMEN DE LA LEGUA REYNOSO;-12.0474224;-77.087521;Avenida Enrique Meiggs / Avenida República de Argentina;LOCAL;DISTRITAL;DISTRITAL;1
I-351531;040104;AREQUIPA;AREQUIPA;CERRO COLORADO;-16.3751623;-71.5577353;Calle s / n / Calle s / n;VECINAL;PROVINCIAL;DISTRITAL;1
I-302564;040520;AREQUIPA;CAYLLOMA;MAJES;-16.3503676;-72.1858149;Avenida Arequipa / Calle s / n;VECINAL;PROVINCIAL;DISTRITAL;1
I-316836;150116;LIMA;LIMA;LINCE;-12.082191;-77.032797;Jirón Manuel Candamo / Avenida Ignacio Merino;LOCAL;DISTRITAL;DISTRITAL;0
I-308096;040108;AREQUIPA;AREQUIPA;LA JOYA;-16.4458116;-71.8255575;Avenida 28 de Julio / Calle s / n;VECINAL;PROVINCIAL;DISTRITAL;1
I-316882;150135;LIMA;LIMA;SAN MARTIN DE PORRES;-11.9859915;-77.0864769;Avenida Rosario del Norte / Los Castaños;LOCAL;DISTRITAL;DISTRITAL;1
I-626292;081103;CUSCO;PAUCARTAMBO;CHALLABAMBA;-13.206767;-71.6577807;Calle s / n / Calle s / n;VECINAL;PROVINCIAL;DISTRITAL;1
I-126950;131202;LA LIBERTAD;VIRU;CHAO;-8.5419081;-78.6811988;Calle Alan Garcia / Calle s / n;VECINAL;PROVINCIAL;DISTRITAL;1
I-127023;131202;LA LIBERTAD;VIRU;CHAO;-8.5740661;-78.6990102;Calle s / n / Calle s / n;VECINAL;PROVINCIAL;DISTRITAL;1
I-353242;131202;LA LIBERTAD;VIRU;CHAO;-8.5129298;-78.6810365;Calle s / n / Calle s / n;VECINAL;PROVINCIAL;DISTRITAL;1
I-408834;040105;AREQUIPA;AREQUIPA;CHARACATO;-16.4654124;-71.4938768;Calle s / n / Calle s / n;VECINAL;PROVINCIAL;DISTRITAL;1
I-329716;040107;AREQUIPA;AREQUIPA;JACOBO HUNTER;-16.4481823;-71.5661217;Avenida Paisajista / Calle s / n;VECINAL;PROVINCIAL;DISTRITAL;1
I-361822;130401;LA LIBERTAD;CHEPEN;CHEPEN;-7.2434471;-79.3998012;Calle s / n / Calle s / n;VECINAL;PROVINCIAL;PROVINCIAL;1
I-535318;130401;LA LIBERTAD;CHEPEN;CHEPEN;-7.2282422;-79.4110434;La Esperanza / Calle s / n;VECINAL;PROVINCIAL;PROVINCIAL;0
I-409960;200401;PIURA;MORROPON;CHULUCANAS;-5.1638723;-80.1407198;Calle s / n / Calle s / n;VECINAL;PROVINCIAL;PROVINCIAL;1
I-356615;130403;LA LIBERTAD;CHEPEN;PUEBLO NUEVO;-7.2035874;-79.6646282;Camino a la Playa Bocana / Calle s / n;VECINAL;PROVINCIAL;DISTRITAL;1
I-365342;110112;ICA;ICA;SUBTANJALLA;-14.0293972;-75.7543906;Primavera / Calle s / n;VECINAL;PROVINCIAL;DISTRITAL;1
I-323540;070101;CALLAO;CALLAO;CALLAO;-12.016706;-77.0926618;Avenida El Olivar / Calle s / n;LOCAL;DISTRITAL;PROVINCIAL;1
I-32389;080101;CUSCO;CUSCO;CUSCO;-13.5255257;-71.9751564;Avenida del Ejército / Calle s / n;LOCAL;DISTRITAL;PROVINCIAL;1
I-36900;140106;LAMBAYEQUE;CHICLAYO;LA VICTORIA;-6.8404659;-79.8596739;Carretera Monsefú - Chiclayo / Calle s / n;VECINAL;PROVINCIAL;DISTRITAL;1
I-36913;140106;LAMBAYEQUE;CHICLAYO;LA VICTORIA;-6.8401535;-79.8596106;Carretera Monsefú - Chiclayo / Calle s / n;VECINAL;PROVINCIAL;DISTRITAL;1
I-266558;080902;CUSCO;LA CONVENCION;ECHARATE;-12.7641185;-72.5824211;Jirón Alameda Arusayhua / Calle s / n;VECINAL;PROVINCIAL;DISTRITAL;0
I-39877;130106;LA LIBERTAD;TRUJILLO;LAREDO;-8.0878192;-78.9815497;Avenida Pumacahua / Calle s / n;VECINAL;PROVINCIAL;DISTRITAL;1
I-32851;130111;LA LIBERTAD;TRUJILLO;VICTOR LARCO HERRERA;-8.131527;-79.050961;Avenida Juan Pablo II / Avenida Huamán;LOCAL;DISTRITAL;DISTRITAL;0
I-329690;040101;AREQUIPA;AREQUIPA;AREQUIPA;-16.3970436;-71.5411805;Avenida de la Marina / Calle s / n;LOCAL;DISTRITAL;PROVINCIAL;0
I-329702;040110;AREQUIPA;AREQUIPA;MIRAFLORES;-16.3966305;-71.5221677;Avenida Goyeneche / Calle Puno;LOCAL;DISTRITAL;DISTRITAL;1
I-117300;150116;LIMA;LIMA;LINCE;-12.088086;-77.047047;Jirón Alberto Alexander / Avenida César Vallejo;LOCAL;DISTRITAL;DISTRITAL;0
I-40656;130107;LA LIBERTAD;TRUJILLO;MOCHE;-8.1660152;-79.0218291;Avenida Las Américas / Calle s / n;VECINAL;PROVINCIAL;DISTRITAL;1
I-33126;080105;CUSCO;CUSCO;SAN SEBASTIAN;-13.530175;-71.9384877;Avenida Cusco / Calle Loreto;LOCAL;DISTRITAL;DISTRITAL;1
I-33232;080105;CUSCO;CUSCO;SAN SEBASTIAN;-13.5318508;-71.9166266;Avenida de la Cultura / Calle s / n;LOCAL;DISTRITAL;DISTRITAL;1
I-33268;080105;CUSCO;CUSCO;SAN SEBASTIAN;-13.5302473;-71.9319593;Avenida de la Cultura / Calle s / n;LOCAL;DISTRITAL;DISTRITAL;1
I-333629;131201;LA LIBERTAD;VIRU;VIRU;-8.415349;-78.75189;Calle Libertad / Calle Independencia;LOCAL;DISTRITAL;PROVINCIAL;0
I-33726;080901;CUSCO;LA CONVENCION;SANTA ANA;-12.857118;-72.692696;Jirón General Gamarra / Jirón Pangoa;LOCAL;DISTRITAL;PROVINCIAL;0
I-445312;150801;LIMA;HUAURA;HUACHO;-11.12715;-77.6113995;Calle s / n / Calle s / n;VECINAL;PROVINCIAL;PROVINCIAL;0
I-338074;080101;CUSCO;CUSCO;CUSCO;-13.5045192;-71.9952768;Avenida Humberto Vidal Unda / Calle s / n;LOCAL;DISTRITAL;PROVINCIAL;1
I-183187;130901;LA LIBERTAD;SANCHEZ CARRION;HUAMACHUCO;-7.812029;-78.0305383;Calle s / n / Calle s / n;VECINAL;PROVINCIAL;PROVINCIAL;1
I-709946;120119;JUNIN;HUANCAYO;HUANCAN;-12.1145352;-75.2239932;Calle s / n / Calle s / n;VECINAL;PROVINCIAL;DISTRITAL;1
I-340167;140106;LAMBAYEQUE;CHICLAYO;LA VICTORIA;-6.8141353;-79.8532642;Carretera Monsefú - Chiclayo / Calle s / n;LOCAL;DISTRITAL;DISTRITAL;1
I-341076;150142;LIMA;LIMA;VILLA EL SALVADOR;-12.1975571;-76.9423295;Calle 7 / Calle F;LOCAL;DISTRITAL;DISTRITAL;1
I-430308;120905;JUNIN;CHUPACA;HUAMANCACA CHICO;-12.082409;-75.239193;Av. Máx Hongler / Jr. Progreso;VECINAL;PROVINCIAL;DISTRITAL;0
I-206859;050401;AYACUCHO;HUANTA;HUANTA;-12.9343989;-74.2533779;Avenida Mariscal Castilla / Calle s / n;VECINAL;PROVINCIAL;PROVINCIAL;0
I-343207;200101;PIURA;PIURA;PIURA;-5.1723183;-80.6451032;Avenida D / Avenida José E. Aguilar Santisteban;LOCAL;DISTRITAL;PROVINCIAL;1
I-343233;200101;PIURA;PIURA;PIURA;-5.1665794;-80.6395532;Avenida A / Avenida Raúl Mata de la Cruz;LOCAL;DISTRITAL;PROVINCIAL;2
I-436170;130104;LA LIBERTAD;TRUJILLO;HUANCHACO;-8.0881171;-79.093799;Avenida Ramón Castilla / Calle s / n;VECINAL;PROVINCIAL;DISTRITAL;1
I-34384;200101;PIURA;PIURA;PIURA;-5.2006093;-80.6321796;Avenida Circunvalación / Avenida Sullana;LOCAL;DISTRITAL;PROVINCIAL;1
I-12823;150114;LIMA;LIMA;LA MOLINA;-12.098422;-76.948359;Avenida Alameda de La Paz / Jirón Los Aromos;LOCAL;DISTRITAL;DISTRITAL;0
I-13665;150141;LIMA;LIMA;SURQUILLO;-12.1213427;-76.9990295;Avenida El Sauce / Calle Eucalipto;LOCAL;DISTRITAL;DISTRITAL;0
I-137842;150143;LIMA;LIMA;VILLA MARIA DEL TRIUNFO;-12.1832043;-76.9249334;Avenida Los Incas / Jirón Tres Marías;LOCAL;DISTRITAL;DISTRITAL;1
I-153997;150143;LIMA;LIMA;VILLA MARIA DEL TRIUNFO;-12.173071;-76.934408;Avenida 7 de Junio / Avenida 2 de Mayo;LOCAL;DISTRITAL;DISTRITAL;0
I-605724;150601;LIMA;HUARAL;HUARAL;-11.4802681;-77.2078628;Calle s / n / Calle s / n;VECINAL;PROVINCIAL;PROVINCIAL;1
I-349490;210601;PUNO;HUANCANE;HUANCANE;-15.2006401;-69.7597731;Jirón Arica / Calle s / n;LOCAL;DISTRITAL;PROVINCIAL;1
I-3503;150116;LIMA;LIMA;LINCE;-12.088926;-77.027389;Avenida Ricardo Rivera Navarrete / Calle Los Mirtos;LOCAL;DISTRITAL;DISTRITAL;0
I-439875;150811;LIMA;HUAURA;SAYAN;-11.2180889;-77.409188;Avenida Principal / Calle s / n;VECINAL;PROVINCIAL;DISTRITAL;1
I-351927;150112;LIMA;LIMA;INDEPENDENCIA;-11.9932983;-77.0625491;Calle A / Calle 1;LOCAL;DISTRITAL;DISTRITAL;1
I-439878;150811;LIMA;HUAURA;SAYAN;-11.216606;-77.412813;Irrigacion Santa Rosa / 9 De Octubre - Sayan;VECINAL;PROVINCIAL;DISTRITAL;0
I-439880;150811;LIMA;HUAURA;SAYAN;-11.214964;-77.41671;Irrigacion Sta Rosa / 9 De Octubre - Sayan;VECINAL;PROVINCIAL;DISTRITAL;0
I-178602;210501;PUNO;EL COLLAO;ILAVE;-16.050223;-69.6103642;Calle s / n / Calle s / n;VECINAL;PROVINCIAL;PROVINCIAL;1
I-35571;130101;LA LIBERTAD;TRUJILLO;TRUJILLO;-8.1165661;-79.0165503;Avenida América Sur / Jirón Francisco de Zela;LOCAL;DISTRITAL;PROVINCIAL;1
I-356560;150103;LIMA;LIMA;ATE;-12.0551509;-76.9374712;Auxiliar Javier Prado Este / Calle Vía Reservada;LOCAL;DISTRITAL;DISTRITAL;1
I-358402;120606;JUNIN;SATIPO;PANGOA;-11.429744;-74.488086;Calle 3 de Noviembre / Calle Mantaro;LOCAL;DISTRITAL;DISTRITAL;0
I-359854;040101;AREQUIPA;AREQUIPA;AREQUIPA;-16.4052496;-71.532842;Avenida Jorge Chávez / Calle s / n;LOCAL;DISTRITAL;PROVINCIAL;1
I-16115;150121;LIMA;LIMA;PUEBLO LIBRE;-12.0721146;-77.0741582;Calle Paracas / Jirón Alfredo Cardenas;LOCAL;DISTRITAL;DISTRITAL;0
I-363606;211101;PUNO;SAN ROMAN;JULIACA;-15.4924455;-70.1168124;Avenida Peru / Jirón Valle Sagrado;LOCAL;DISTRITAL;PROVINCIAL;1
I-197095;210501;PUNO;EL COLLAO;ILAVE;-16.0187868;-69.5787696;Calle s / n / Calle s / n;VECINAL;PROVINCIAL;PROVINCIAL;1
I-686390;210501;PUNO;EL COLLAO;ILAVE;-16.0592273;-69.6207164;Calle s / n / Calle s / n;VECINAL;PROVINCIAL;PROVINCIAL;1
I-686908;210501;PUNO;EL COLLAO;ILAVE;-16.0669939;-69.6288697;Calle s / n / Calle s / n;VECINAL;PROVINCIAL;PROVINCIAL;1
I-374820;150137;LIMA;LIMA;SANTA ANITA;-12.0532552;-76.9630146;Zorzales / Calle s / n;LOCAL;DISTRITAL;DISTRITAL;1
I-37646;200104;PIURA;PIURA;CASTILLA;-5.1911372;-80.6180746;Avenida Luis Montero / Jirón las Cidras;LOCAL;DISTRITAL;DISTRITAL;1
I-3768;150116;LIMA;LIMA;LINCE;-12.08363;-77.0432582;Jirón Leon Velarde / Pasaje Quilla;LOCAL;DISTRITAL;DISTRITAL;1
I-37728;200104;PIURA;PIURA;CASTILLA;-5.204585;-80.6213772;Arequipa / Avenida Grau;LOCAL;DISTRITAL;DISTRITAL;1
I-37787;200104;PIURA;PIURA;CASTILLA;-5.2078229;-80.6225719;Avenida Grau / Jirón Hipólito Unanue;LOCAL;DISTRITAL;DISTRITAL;1
I-378152;070103;CALLAO;CALLAO;CARMEN DE LA LEGUA REYNOSO;-12.0472611;-77.0856453;Avenida República de Argentina / Calle s / n;LOCAL;DISTRITAL;DISTRITAL;1
I-378420;120101;JUNIN;HUANCAYO;HUANCAYO;-12.0698966;-75.2047543;Avenida Ferrocarril / Prolongación Piura Nueva;LOCAL;DISTRITAL;PROVINCIAL;1
I-730283;210501;PUNO;EL COLLAO;ILAVE;-16.0397155;-69.5997522;Calle s / n / Calle s / n;VECINAL;PROVINCIAL;PROVINCIAL;1
I-474460;130107;LA LIBERTAD;TRUJILLO;MOCHE;-8.1776568;-79.0122847;Avenida Independencia / Calle s / n;VECINAL;PROVINCIAL;DISTRITAL;1
I-479907;040122;AREQUIPA;AREQUIPA;SOCABAYA;-16.4600118;-71.5469179;Avenida Paisajista / Calle s / n;VECINAL;PROVINCIAL;DISTRITAL;1
I-380840;080101;CUSCO;CUSCO;CUSCO;-13.5041266;-71.9955768;Avenida José Carlos Mariátegui / Avenida Humberto Vidal Unda;LOCAL;DISTRITAL;PROVINCIAL;1
I-38159;130111;LA LIBERTAD;TRUJILLO;VICTOR LARCO HERRERA;-8.1412499;-79.0594322;Avenida Libertad / Calle Pedro Herrera;LOCAL;DISTRITAL;DISTRITAL;1
I-38224;130111;LA LIBERTAD;TRUJILLO;VICTOR LARCO HERRERA;-8.1414638;-79.0596132;Avenida Libertad / Calle Rubén Paoli;LOCAL;DISTRITAL;DISTRITAL;1
I-382474;211301;PUNO;YUNGUYO;YUNGUYO;-16.2514061;-69.0907252;Avenida Circunvalación / Jirón Abraham Valdelomar;LOCAL;DISTRITAL;PROVINCIAL;1
I-496147;130107;LA LIBERTAD;TRUJILLO;MOCHE;-8.1506716;-79.0100382;Calle Entrada a la Campiña / Calle s / n;VECINAL;PROVINCIAL;DISTRITAL;1
I-38326;130111;LA LIBERTAD;TRUJILLO;VICTOR LARCO HERRERA;-8.1429777;-79.0547783;Avenida Victor Larco Herrera / Jirón Desamparados / Jirón Santa Rosa;LOCAL;DISTRITAL;DISTRITAL;1
I-38514;130101;LA LIBERTAD;TRUJILLO;TRUJILLO;-8.0935094;-78.9962529;Avenida Libertad / Avenida Pesqueda;LOCAL;DISTRITAL;PROVINCIAL;1
I-386396;160112;LORETO;MAYNAS;BELEN;-3.7656934;-73.2644114;Avenida José Abelardo Quiñones / Calle s / n;LOCAL;DISTRITAL;DISTRITAL;1
I-228209;200109;PIURA;PIURA;LA ARENA;-5.3493221;-80.7084968;Carretera La Arena - Chatito / Calle s / n;VECINAL;PROVINCIAL;DISTRITAL;0
I-386735;150134;LIMA;LIMA;SAN LUIS;-12.0686223;-76.9917971;Avenida Eloy Ureta / Calle s / n;LOCAL;DISTRITAL;DISTRITAL;2
I-228389;200109;PIURA;PIURA;LA ARENA;-5.3442118;-80.7080283;Calle s / n / Calle s / n;VECINAL;PROVINCIAL;DISTRITAL;0
I-390489;150123;LIMA;LIMA;PACHACAMAC;-12.2305151;-76.8601757;Jirón Lima / Calle s / n;LOCAL;DISTRITAL;DISTRITAL;1
I-391154;080104;CUSCO;CUSCO;SAN JERONIMO;-13.5425766;-71.8982485;Avenida de la Cultura / Calle s / n;LOCAL;DISTRITAL;DISTRITAL;1
I-39292;130102;LA LIBERTAD;TRUJILLO;EL PORVENIR;-8.0746182;-79.0085401;Calle Wiracocha / Jirón Tito Condemayta;LOCAL;DISTRITAL;DISTRITAL;1
I-50368;080901;CUSCO;LA CONVENCION;SANTA ANA;-12.8709578;-72.7016178;Avenida Nicanor Larrea / Calle s / n;VECINAL;PROVINCIAL;PROVINCIAL;1
I-315015;040108;AREQUIPA;AREQUIPA;LA JOYA;-16.6944388;-71.8806377;Calle s / n / Calle s / n;VECINAL;PROVINCIAL;DISTRITAL;1
I-184056;150501;LIMA;CAÑETE;SAN VICENTE DE CAÑETE;-13.07607429;-76.38507618;Calle Óvalo Grau / Avenida Santa Rosalía;LOCAL;DISTRITAL;PROVINCIAL;0
I-39751;130103;LA LIBERTAD;TRUJILLO;FLORENCIA DE MORA;-8.074539;-79.0226181;Calle 17 de Diciembre / Calle los Girasoles;LOCAL;DISTRITAL;DISTRITAL;1
I-39852;130105;LA LIBERTAD;TRUJILLO;LA ESPERANZA;-8.0622665;-79.0523318;Avenida Indoamérica / Avenida José Gabriel Condorcanqui;LOCAL;DISTRITAL;DISTRITAL;3
I-399507;110106;ICA;ICA;PARCONA;-14.0636768;-75.7207475;Avenida 7 / Profetas;LOCAL;DISTRITAL;DISTRITAL;1
I-402598;080106;CUSCO;CUSCO;SANTIAGO;-13.5232294;-71.9840128;Avenida del Ejército / Calle Los Angeles / Lanlacuyoc;LOCAL;DISTRITAL;DISTRITAL;1
I-404348;110507;ICA;PISCO;SAN CLEMENTE;-13.6716939;-76.1536893;Calle Chorrillos / Calle Santa Isabel;LOCAL;DISTRITAL;DISTRITAL;1
I-404389;110501;ICA;PISCO;PISCO;-13.7172158;-76.2063829;Avenida Las Américas / Calle s / n;LOCAL;DISTRITAL;PROVINCIAL;1
I-40521;130101;LA LIBERTAD;TRUJILLO;TRUJILLO;-8.0879657;-79.0395057;Avenida Túpac Amaru / Calle Trujillo;LOCAL;DISTRITAL;PROVINCIAL;1
I-4055;150113;LIMA;LIMA;JESUS MARIA;-12.0890947;-77.0584651;Jirón Estados Unidos / Calle s / n;LOCAL;DISTRITAL;DISTRITAL;1
I-408288;130102;LA LIBERTAD;TRUJILLO;EL PORVENIR;-8.0663588;-78.9957146;Avenida José Faustino Sánchez Carrión / Avenida el Porvenir;LOCAL;DISTRITAL;DISTRITAL;1
I-40862;130109;LA LIBERTAD;TRUJILLO;SALAVERRY;-8.186617;-78.9858303;Calle San Francisco / Calle Sucre;LOCAL;DISTRITAL;DISTRITAL;1
I-41191;130105;LA LIBERTAD;TRUJILLO;LA ESPERANZA;-8.0493753;-79.056524;Avenida José Gabriel Condorcanqui / Calle Miguel Grau;LOCAL;DISTRITAL;DISTRITAL;1
I-41427;130105;LA LIBERTAD;TRUJILLO;LA ESPERANZA;-8.0537136;-79.0541136;Calle 3 / Calle 6;LOCAL;DISTRITAL;DISTRITAL;1
I-41543;130101;LA LIBERTAD;TRUJILLO;TRUJILLO;-8.1120207;-79.0328614;Avenida España / Pasaje San Luis;LOCAL;DISTRITAL;PROVINCIAL;1
I-457342;200110;PIURA;PIURA;LA UNION;-5.4065449;-80.7249128;Calle s / n / Calle s / n;VECINAL;PROVINCIAL;DISTRITAL;1
I-418376;220909;SAN MARTIN;SAN MARTIN;LA BANDA DE SHILCAYO;-6.511114;-76.360033;Calle Vía de Evitamiento / Avenida Virgen Dolorosa;LOCAL;DISTRITAL;DISTRITAL;0
I-41879;130101;LA LIBERTAD;TRUJILLO;TRUJILLO;-8.0857802;-79.015652;Avenida los Laureles / Pasaje Laureles;LOCAL;DISTRITAL;PROVINCIAL;1
I-419505;220803;SAN MARTIN;RIOJA;ELIAS SOPLIN VARGAS;-5.987754;-77.277282;Avenida Galilea / Jirón San Martín;LOCAL;DISTRITAL;DISTRITAL;0
I-281682;150106;LIMA;LIMA;CARABAYLLO;-11.8897106;-77.0248807;Jirón Prado / Jirón Jorge Chavez;LOCAL;DISTRITAL;DISTRITAL;1
I-419534;220803;SAN MARTIN;RIOJA;ELIAS SOPLIN VARGAS;-5.9884719;-77.2804403;Avenida Dos Olivos / Jirón Lima;LOCAL;DISTRITAL;DISTRITAL;1
I-419780;220804;SAN MARTIN;RIOJA;NUEVA CAJAMARCA;-5.9447096;-77.302125;Jirón Micaela Bastidas / Jirón San Pablo;LOCAL;DISTRITAL;DISTRITAL;0
I-42130;130103;LA LIBERTAD;TRUJILLO;FLORENCIA DE MORA;-8.0836927;-79.0256856;Calle 20 de Junio / Calle 29 de Junio;LOCAL;DISTRITAL;DISTRITAL;1
I-42340;130105;LA LIBERTAD;TRUJILLO;LA ESPERANZA;-8.0567859;-79.0541959;Avenida 3 / Avenida José Gabriel Condorcanqui;LOCAL;DISTRITAL;DISTRITAL;1
I-42485;130101;LA LIBERTAD;TRUJILLO;TRUJILLO;-8.1198975;-79.028712;Avenida 29 de Diciembre / Calle Paraguay;LOCAL;DISTRITAL;PROVINCIAL;1
I-197869;020606;ANCASH;CARHUAZ;MARCARA;-9.3305157;-77.5530259;Calle s / n / Calle s / n;VECINAL;PROVINCIAL;DISTRITAL;0
I-42778;130109;LA LIBERTAD;TRUJILLO;SALAVERRY;-8.185574;-78.986313;Calle Santa Rosa / Calle José de la Mar;LOCAL;DISTRITAL;DISTRITAL;0
I-42863;130105;LA LIBERTAD;TRUJILLO;LA ESPERANZA;-8.0794224;-79.035759;Calle Carlos Maria de Alvear / Calle Mc Gregor;LOCAL;DISTRITAL;DISTRITAL;1
I-42873;130104;LA LIBERTAD;TRUJILLO;HUANCHACO;-8.0174155;-79.0667816;Avenida Miguel Grau / Calle José Galvez;LOCAL;DISTRITAL;DISTRITAL;1
I-42972;130103;LA LIBERTAD;TRUJILLO;FLORENCIA DE MORA;-8.086036;-79.0180687;Avenida 12 de Noviembre / Avenida 26 de Marzo;LOCAL;DISTRITAL;DISTRITAL;1
I-197925;020606;ANCASH;CARHUAZ;MARCARA;-9.3269601;-77.5550972;Calle s / n / Calle s / n;VECINAL;PROVINCIAL;DISTRITAL;0
I-42699;130107;LA LIBERTAD;TRUJILLO;MOCHE;-8.1632939;-79.0045719;Calle s / n / Calle s / n;VECINAL;PROVINCIAL;DISTRITAL;0
I-433027;060901;CAJAMARCA;SAN IGNACIO;SAN IGNACIO;-5.1432448;-79.0004161;Jirón Huascar / Jirón Loreto;LOCAL;DISTRITAL;PROVINCIAL;1
I-434023;110501;ICA;PISCO;PISCO;-13.7083137;-76.2044609;Calle Dos De Mayo / Cerro Azul;LOCAL;DISTRITAL;PROVINCIAL;1
I-434663;120601;JUNIN;SATIPO;SATIPO;-11.2470092;-74.6344155;Calle 5 / Calle San Martín / Calle Santos Cura de Ars;LOCAL;DISTRITAL;PROVINCIAL;0
I-43473;130105;LA LIBERTAD;TRUJILLO;LA ESPERANZA;-8.0871464;-79.0333448;Avenida los Laureles / Jirón Manuel Balmaceda;LOCAL;DISTRITAL;DISTRITAL;1
I-434829;120601;JUNIN;SATIPO;SATIPO;-11.2582487;-74.6379133;Jirón 1 de Noviembre / Jirón Julio C. Tello;LOCAL;DISTRITAL;PROVINCIAL;1
I-434840;120601;JUNIN;SATIPO;SATIPO;-11.2467251;-74.6342935;Calle San Martín / Calle Santa María;LOCAL;DISTRITAL;PROVINCIAL;1
I-329979;150130;LIMA;LIMA;SAN BORJA;-12.105855;-77.004148;Avenida Paul Linder Lob / Jirón Eduardo Ordoñez;LOCAL;DISTRITAL;DISTRITAL;0
I-581136;140108;LAMBAYEQUE;CHICLAYO;MONSEFU;-6.8757112;-79.866538;Calle Sáenz Peña / Calle s / n;VECINAL;PROVINCIAL;DISTRITAL;0
I-436552;120101;JUNIN;HUANCAYO;HUANCAYO;-12.0710426;-75.2030187;Jirón Atahualpa / Prolongación Huanuco;LOCAL;DISTRITAL;PROVINCIAL;1
I-436554;120101;JUNIN;HUANCAYO;HUANCAYO;-12.0727476;-75.1979405;Avenida José Gálvez / Pasaje Castellanos;LOCAL;DISTRITAL;PROVINCIAL;1
I-437650;120101;JUNIN;HUANCAYO;HUANCAYO;-12.0739015;-75.2103809;Jirón Cajamarca / Jirón La Libertad;LOCAL;DISTRITAL;PROVINCIAL;1
I-43814;130102;LA LIBERTAD;TRUJILLO;EL PORVENIR;-8.085621;-79.0018393;Avenida José Faustino Sánchez Carrión / Calle Micaela Bastidas;LOCAL;DISTRITAL;DISTRITAL;1
I-438911;021809;ANCASH;SANTA;NUEVO CHIMBOTE;-9.1165621;-78.5396524;Avenida Buenos Aires / Jirón Tangay;LOCAL;DISTRITAL;DISTRITAL;1
I-455530;140307;LAMBAYEQUE;LAMBAYEQUE;MOTUPE;-6.3125767;-79.7632045;Calle s / n / Calle s / n;VECINAL;PROVINCIAL;DISTRITAL;1
I-45238;021809;ANCASH;SANTA;NUEVO CHIMBOTE;-9.0826882;-78.5233921;Calle s / n / Calle s / n;VECINAL;PROVINCIAL;DISTRITAL;1
I-443854;130112;LA LIBERTAD;TRUJILLO;ALTO TRUJILLO;-8.0688655;-79.0294114;Calle 5 / Prol Calle Tupac Amaru;LOCAL;DISTRITAL;DISTRITAL;1
I-44591;130104;LA LIBERTAD;TRUJILLO;HUANCHACO;-8.0422088;-79.0585724;Calle San Francisco / Calle s / n;LOCAL;DISTRITAL;DISTRITAL;1
I-34687;150605;LIMA;HUARAL;CHANCAY;-11.561039;-77.270239;Calle Mariscal Sucre / Jirón Junin;LOCAL;DISTRITAL;DISTRITAL;0
I-447525;021801;ANCASH;SANTA;CHIMBOTE;-9.0746105;-78.5832459;Avenida Camino Real / Calle s / n;LOCAL;DISTRITAL;PROVINCIAL;1
I-594257;150810;LIMA;HUAURA;SANTA MARIA;-11.0938163;-77.5839428;Avenida San Martin / Calle s / n;VECINAL;PROVINCIAL;DISTRITAL;1
I-45182;021809;ANCASH;SANTA;NUEVO CHIMBOTE;-9.118419;-78.529517;Avenida Brasil / Avenida Country;LOCAL;DISTRITAL;DISTRITAL;1
I-45252;021801;ANCASH;SANTA;CHIMBOTE;-9.0743828;-78.5726598;Avenida Camino Real / Jirón Santa Cruz;LOCAL;DISTRITAL;PROVINCIAL;0
I-45674;021803;ANCASH;SANTA;COISHCO;-9.0200901;-78.6122622;Calle Kennedy / Jirón Cesar Vallejo;LOCAL;DISTRITAL;DISTRITAL;1
I-227226;130402;LA LIBERTAD;CHEPEN;PACANGA;-7.1549217;-79.4413038;Calle s / n / Calle s / n;VECINAL;PROVINCIAL;DISTRITAL;1
I-227227;130402;LA LIBERTAD;CHEPEN;PACANGA;-7.1544576;-79.440874;Calle s / n / Calle s / n;VECINAL;PROVINCIAL;DISTRITAL;1
I-596172;210401;PUNO;CHUCUITO;JULI;-16.2193857;-69.4754074;Avenida Bolognesi / Calle s / n;VECINAL;PROVINCIAL;PROVINCIAL;1
I-226800;130402;LA LIBERTAD;CHEPEN;PACANGA;-7.1568575;-79.440066;José Gálvez / Calle s / n;VECINAL;PROVINCIAL;DISTRITAL;0
I-464552;150123;LIMA;LIMA;PACHACAMAC;-12.2293764;-76.859295;Jirón Comercio / Jirón Paraíso;LOCAL;DISTRITAL;DISTRITAL;1
I-468221;040129;AREQUIPA;AREQUIPA;JOSE LUIS BUSTAMANTE Y RIVERO;-16.4274831;-71.532843;Costa Rica / Calle s / n;LOCAL;DISTRITAL;DISTRITAL;1
I-123396;130704;LA LIBERTAD;PACASMAYO;PACASMAYO;-7.4000164;-79.5630344;Avenida Gonzalo Ugas Salcedo / Calle Santa Rosa;VECINAL;PROVINCIAL;DISTRITAL;1
I-469461;040107;AREQUIPA;AREQUIPA;JACOBO HUNTER;-16.4514174;-71.5547206;Calle Belén / Mariscal Eloy Ureta;LOCAL;DISTRITAL;DISTRITAL;1
I-9294;130704;LA LIBERTAD;PACASMAYO;PACASMAYO;-7.3975022;-79.5675956;Calle s / n / Calle s / n;VECINAL;PROVINCIAL;DISTRITAL;0
I-469927;040101;AREQUIPA;AREQUIPA;AREQUIPA;-16.3970123;-71.5426428;Calle Beaterio / Avenida Zamacola;LOCAL;DISTRITAL;PROVINCIAL;1
I-470686;040112;AREQUIPA;AREQUIPA;PAUCARPATA;-16.4066821;-71.4744645;Avenida Villa Hermosa / Avenida Von Humboldt;LOCAL;DISTRITAL;DISTRITAL;1
I-123404;130704;LA LIBERTAD;PACASMAYO;PACASMAYO;-7.3998957;-79.566867;Calle s / n / Calle s / n;VECINAL;PROVINCIAL;DISTRITAL;0
I-471771;230104;TACNA;TACNA;CIUDAD NUEVA;-17.9835835;-70.2406018;Avenida Emancipación / Calle Baquíjano y Carrillo;LOCAL;DISTRITAL;DISTRITAL;1
I-471872;040104;AREQUIPA;AREQUIPA;CERRO COLORADO;-16.4012016;-71.5773061;Jirón Lambayeque / Jirón Piura;LOCAL;DISTRITAL;DISTRITAL;1
I-471940;040104;AREQUIPA;AREQUIPA;CERRO COLORADO;-16.4010718;-71.5819439;Avenida Amazonas / Mariscal SImón Bolívar;LOCAL;DISTRITAL;DISTRITAL;1
I-472330;230104;TACNA;TACNA;CIUDAD NUEVA;-17.9741587;-70.2334553;Calle La Unión / Pasaje Huatasani;LOCAL;DISTRITAL;DISTRITAL;1
I-47237;021809;ANCASH;SANTA;NUEVO CHIMBOTE;-9.129367;-78.512502;Avenida Central / Avenida Pacífico;LOCAL;DISTRITAL;DISTRITAL;0
I-633827;060101;CAJAMARCA;CAJAMARCA;CAJAMARCA;-7.1383267;-78.5278614;Pasaje San Rafael / Calle s / n;VECINAL;PROVINCIAL;PROVINCIAL;1
I-472373;230104;TACNA;TACNA;CIUDAD NUEVA;-17.9780494;-70.2374623;Avenida Maria Parado de Bellido / Calle Gabriel Aguilar;LOCAL;DISTRITAL;DISTRITAL;1
I-133966;021601;ANCASH;POMABAMBA;POMABAMBA;-8.8246764;-77.4605492;Jiron Primavera / Calle s / n;VECINAL;PROVINCIAL;PROVINCIAL;1
I-472574;230104;TACNA;TACNA;CIUDAD NUEVA;-17.9793735;-70.2344263;Avenida Emancipación / Calle s / n;LOCAL;DISTRITAL;DISTRITAL;1
I-472592;230104;TACNA;TACNA;CIUDAD NUEVA;-17.979361;-70.2350753;Avenida los Proceres / Calle Mateo Silva;LOCAL;DISTRITAL;DISTRITAL;1
I-473570;130109;LA LIBERTAD;TRUJILLO;SALAVERRY;-8.219768;-78.976062;Calle Pacasmayo / Calle Orbegoso;LOCAL;DISTRITAL;DISTRITAL;0
I-473572;130109;LA LIBERTAD;TRUJILLO;SALAVERRY;-8.221913;-78.976759;Calle Sucre / Calle La Libertad;LOCAL;DISTRITAL;DISTRITAL;0
I-473577;130109;LA LIBERTAD;TRUJILLO;SALAVERRY;-8.219996;-78.977097;Calle La Libertad / Calle Orbegoso;LOCAL;DISTRITAL;DISTRITAL;0
I-47446;021801;ANCASH;SANTA;CHIMBOTE;-9.0761557;-78.5901963;Avenida José Gálvez / Avenida José Pardo;LOCAL;DISTRITAL;PROVINCIAL;1
I-474562;230110;TACNA;TACNA;CORONEL GREGORIO ALBARRACIN LANCHIPA;-18.0510618;-70.2514292;Avenida Los Molles / Pasaje Juan More;LOCAL;DISTRITAL;DISTRITAL;1
I-475894;040112;AREQUIPA;AREQUIPA;PAUCARPATA;-16.4096008;-71.4927858;Avenida Miguel Grau / Calle Morro De Arica;LOCAL;DISTRITAL;DISTRITAL;1
I-476445;120114;JUNIN;HUANCAYO;EL TAMBO;-12.0500235;-75.2158943;Jirón Los Manzanos / Pasaje Tovar;LOCAL;DISTRITAL;DISTRITAL;0
I-384384;021601;ANCASH;POMABAMBA;POMABAMBA;-8.8220278;-77.462951;Calle s / n / Calle s / n;VECINAL;PROVINCIAL;PROVINCIAL;0
I-479983;140101;LAMBAYEQUE;CHICLAYO;CHICLAYO;-6.7758318;-79.8366578;Avenida Mariscal Nieto / Mariscal Castilla;LOCAL;DISTRITAL;PROVINCIAL;1
I-480273;140101;LAMBAYEQUE;CHICLAYO;CHICLAYO;-6.7684675;-79.8464539;Jirón Diego Ferre / Melitón Carvajal;LOCAL;DISTRITAL;PROVINCIAL;1
I-480805;140101;LAMBAYEQUE;CHICLAYO;CHICLAYO;-6.7642803;-79.8594008;Avenida Escrivá de Balaguer / Calle Mariano Melgar;LOCAL;DISTRITAL;PROVINCIAL;1
I-481341;140101;LAMBAYEQUE;CHICLAYO;CHICLAYO;-6.7803733;-79.8542602;Calle Prolongación Avenida Francisco Bolognesi / Calle Piura;LOCAL;DISTRITAL;PROVINCIAL;1
I-481849;140106;LAMBAYEQUE;CHICLAYO;LA VICTORIA;-6.7964417;-79.8401632;Avenida Los Incas / Las Ñustas;LOCAL;DISTRITAL;DISTRITAL;1
I-481874;140106;LAMBAYEQUE;CHICLAYO;LA VICTORIA;-6.7988684;-79.8334485;Avenida Antenor Orrego / Inti Raymi;LOCAL;DISTRITAL;DISTRITAL;1
I-481969;140106;LAMBAYEQUE;CHICLAYO;LA VICTORIA;-6.7963021;-79.8437834;Avenida Los Amautas / Los Andenes;LOCAL;DISTRITAL;DISTRITAL;1
I-481976;140106;LAMBAYEQUE;CHICLAYO;LA VICTORIA;-6.7958222;-79.8415829;Avenida Los Amautas / Calle Yahuar Huaca;LOCAL;DISTRITAL;DISTRITAL;1
I-483344;120101;JUNIN;HUANCAYO;HUANCAYO;-12.0624991;-75.2025514;Pasaje San Antonio / Prolongación Cusco;LOCAL;DISTRITAL;PROVINCIAL;1
I-483507;110108;ICA;ICA;SALAS;-13.985934;-75.770495;Calle Lima / Calle Jorge Chávez;LOCAL;DISTRITAL;DISTRITAL;0
I-484152;120107;JUNIN;HUANCAYO;CHILCA;-12.0832773;-75.2124647;Avenida Leoncio Prado / Jirón Huallaga;LOCAL;DISTRITAL;DISTRITAL;1
I-48448;060101;CAJAMARCA;CAJAMARCA;CAJAMARCA;-7.1716362;-78.5010269;Avenida San Martín de Porres / Jirón Gladiolos;LOCAL;DISTRITAL;PROVINCIAL;1
I-48529;060101;CAJAMARCA;CAJAMARCA;CAJAMARCA;-7.1655137;-78.5059679;Avenida San Martín de Porres / Calle s / n;LOCAL;DISTRITAL;PROVINCIAL;1
I-48587;060101;CAJAMARCA;CAJAMARCA;CAJAMARCA;-7.1691342;-78.5037957;Avenida San Martín de Porres / Pasaje San Antonio;LOCAL;DISTRITAL;PROVINCIAL;1
I-48695;060101;CAJAMARCA;CAJAMARCA;CAJAMARCA;-7.150154;-78.5164984;Jirón Iquique / Leguia;LOCAL;DISTRITAL;PROVINCIAL;1
I-487602;060801;CAJAMARCA;JAEN;JAEN;-5.7028744;-78.808986;Atahualpa / Chillón;LOCAL;DISTRITAL;PROVINCIAL;1
I-487679;060801;CAJAMARCA;JAEN;JAEN;-5.7032551;-78.8076205;Atahualpa / Cajamarca;LOCAL;DISTRITAL;PROVINCIAL;1
I-48786;060101;CAJAMARCA;CAJAMARCA;CAJAMARCA;-7.1477622;-78.5183524;Jirón Huancavelica / Jirón Miguel Iglesias;LOCAL;DISTRITAL;PROVINCIAL;1
I-488486;120107;JUNIN;HUANCAYO;CHILCA;-12.0805779;-75.1901123;Pasaje Gutarra / Pasaje Palian;LOCAL;DISTRITAL;DISTRITAL;1
I-489552;130112;LA LIBERTAD;TRUJILLO;ALTO TRUJILLO;-8.0689608;-79.0299365;Calle 5 / Prolongación Calle Tupac Amaru;LOCAL;DISTRITAL;DISTRITAL;1
I-49022;060101;CAJAMARCA;CAJAMARCA;CAJAMARCA;-7.1579832;-78.5093276;Jirón 7 de Junio / Jirón Miguel Grau;LOCAL;DISTRITAL;PROVINCIAL;1
I-490973;200601;PIURA;SULLANA;SULLANA;-4.9045936;-80.7013896;Calle San Marcelo / El Alto;LOCAL;DISTRITAL;PROVINCIAL;1
I-49114;060101;CAJAMARCA;CAJAMARCA;CAJAMARCA;-7.1660611;-78.5117676;Avenida Independencia / Calle s / n;LOCAL;DISTRITAL;PROVINCIAL;1
I-492575;130102;LA LIBERTAD;TRUJILLO;EL PORVENIR;-8.0857748;-78.9968431;Calle Francisco de Zela / Pasaje José Bejar;LOCAL;DISTRITAL;DISTRITAL;1
I-492581;130102;LA LIBERTAD;TRUJILLO;EL PORVENIR;-8.0857741;-79.0104545;Calle Francisco de Paula Quiroz / Pasaje Maria Antonia de Pardo;LOCAL;DISTRITAL;DISTRITAL;1
I-495183;110207;ICA;CHINCHA;PUEBLO NUEVO;-13.4075834;-76.1318451;Avenida 13 de Octubre / Jirón 23 de Mayo;LOCAL;DISTRITAL;DISTRITAL;1
I-496635;021801;ANCASH;SANTA;CHIMBOTE;-9.0626443;-78.5850073;Pasaje José Olaya / Pasaje San Martín;LOCAL;DISTRITAL;PROVINCIAL;1
I-497085;200101;PIURA;PIURA;PIURA;-5.1680564;-80.6487491;Avenida José E. Aguilar Santisteban / Calle s / n;LOCAL;DISTRITAL;PROVINCIAL;1
I-49770;010101;AMAZONAS;CHACHAPOYAS;CHACHAPOYAS;-6.2333927;-77.867265;Hermosura / Sociego;LOCAL;DISTRITAL;PROVINCIAL;1
I-625710;060807;CAJAMARCA;JAEN;POMAHUACA;-5.9395312;-79.2285218;Calle s / n / Calle s / n;VECINAL;PROVINCIAL;DISTRITAL;0
I-49875;010101;AMAZONAS;CHACHAPOYAS;CHACHAPOYAS;-6.226347;-77.867502;Calle Santa Ana / Calle Hermosura;LOCAL;DISTRITAL;PROVINCIAL;0
I-796127;060807;CAJAMARCA;JAEN;POMAHUACA;-5.8724716;-79.2149274;Calle s / n / Calle s / n;VECINAL;PROVINCIAL;DISTRITAL;0
I-49924;010101;AMAZONAS;CHACHAPOYAS;CHACHAPOYAS;-6.228983;-77.870993;Jirón Dos de Mayo / Jirón Ayacucho;LOCAL;DISTRITAL;PROVINCIAL;0
I-7547;150104;LIMA;LIMA;BARRANCO;-12.1552562;-77.0229162;Jirón Alfredo Silva / Jirón Comandante Montero Rosas;LOCAL;DISTRITAL;DISTRITAL;0
I-50313;080901;CUSCO;LA CONVENCION;SANTA ANA;-12.871719;-72.69413;Jirón 4 de Noviembre / Jirón 25 de Julio;LOCAL;DISTRITAL;PROVINCIAL;0
I-504200;200115;PIURA;PIURA;VEINTISEIS DE OCTUBRE;-5.1716062;-80.6673865;Avenida Dos / Calle s / n;LOCAL;DISTRITAL;DISTRITAL;1
I-505;080101;CUSCO;CUSCO;CUSCO;-13.5166967;-71.9747057;Calle Recoleta / Chihuampata / Siete Ventanas;LOCAL;DISTRITAL;PROVINCIAL;1
I-496406;110207;ICA;CHINCHA;PUEBLO NUEVO;-13.3765556;-76.1306435;Calle s / n / Calle s / n;VECINAL;PROVINCIAL;DISTRITAL;1
I-506809;200104;PIURA;PIURA;CASTILLA;-5.1837862;-80.6115645;Avenida Mariscal Tito / Calle s / n;LOCAL;DISTRITAL;DISTRITAL;0
I-508079;240302;TUMBES;ZARUMILLA;AGUAS VERDES;-3.4852461;-80.2665183;Calle Bogotá / Calle San José;LOCAL;DISTRITAL;DISTRITAL;1
I-509789;130104;LA LIBERTAD;TRUJILLO;HUANCHACO;-8.081576;-79.1160391;Avenida Juan Pablo II / Jirón Libertad;LOCAL;DISTRITAL;DISTRITAL;1
I-732536;130206;LA LIBERTAD;ASCOPE;RAZURI;-7.7047058;-79.4312157;Calle s / n / Calle s / n;VECINAL;PROVINCIAL;DISTRITAL;1
I-513952;100101;HUANUCO;HUANUCO;HUANUCO;-9.9292689;-76.2428934;Jirón Huallayco / Jirón Huánuco;LOCAL;DISTRITAL;PROVINCIAL;1
I-51783;150601;LIMA;HUARAL;HUARAL;-11.4917946;-77.211459;Avenida Los Geranios / Calle s / n;LOCAL;DISTRITAL;PROVINCIAL;1
I-8511;150104;LIMA;LIMA;BARRANCO;-12.1363232;-77.0198314;Jirón Buenaventura Aguirre / Jirón Enrique Barrón;LOCAL;DISTRITAL;DISTRITAL;0
I-523730;200115;PIURA;PIURA;VEINTISEIS DE OCTUBRE;-5.1761383;-80.6617189;Avenida Raúl Mata de la Cruz / Calle s / n;LOCAL;DISTRITAL;DISTRITAL;2
I-52531;220901;SAN MARTIN;SAN MARTIN;TARAPOTO;-6.483611;-76.3729499;Jirón 9 de Abril / Jirón Tupac Amaru;LOCAL;DISTRITAL;PROVINCIAL;1
I-526837;080105;CUSCO;CUSCO;SAN SEBASTIAN;-13.5261708;-71.9296626;Calle Miguel Grau / Calle s / n;LOCAL;DISTRITAL;DISTRITAL;1
I-52696;220901;SAN MARTIN;SAN MARTIN;TARAPOTO;-6.490213;-76.3593374;Jirón Gregorio Delgado / Jirón Ricardo Palma;LOCAL;DISTRITAL;PROVINCIAL;1
I-527341;160112;LORETO;MAYNAS;BELEN;-3.7649419;-73.2594748;Avenida José Abelardo Quiñones / San Francisco;LOCAL;DISTRITAL;DISTRITAL;1
I-527469;211101;PUNO;SAN ROMAN;JULIACA;-15.5023238;-70.1288027;Avenida Manuel Nuñez Butron / Jirón Libertad / Patricio Quispe;LOCAL;DISTRITAL;PROVINCIAL;1
I-52815;220910;SAN MARTIN;SAN MARTIN;MORALES;-6.478812;-76.386442;Jirón José de San Martín / Jirón Moyobamba;LOCAL;DISTRITAL;DISTRITAL;0
I-52968;220910;SAN MARTIN;SAN MARTIN;MORALES;-6.481044;-76.381738;Jirón Francisco Pizarro / Jirón Túpac Amaru;LOCAL;DISTRITAL;DISTRITAL;0
I-96459;150125;LIMA;LIMA;PUENTE PIEDRA;-11.830216;-77.11077;Avenida Huarangal / Calle Los Lirios;LOCAL;DISTRITAL;DISTRITAL;0
I-53304;220901;SAN MARTIN;SAN MARTIN;TARAPOTO;-6.4901606;-76.3617648;Alberto Leveau / Ricardo Jimenez Pimentel;LOCAL;DISTRITAL;PROVINCIAL;1
I-53418;020601;ANCASH;CARHUAZ;CARHUAZ;-9.2826292;-77.6478158;Avenida La Merced / Jirón 2 de Mayo;LOCAL;DISTRITAL;PROVINCIAL;1
I-538042;130803;LA LIBERTAD;PATAZ;CHILLIA;-8.1249505;-77.51472;Jirón Comercio / Jirón Cruz Blanca;LOCAL;DISTRITAL;DISTRITAL;1
I-539596;130901;LA LIBERTAD;SANCHEZ CARRION;HUAMACHUCO;-7.8221138;-78.0382351;Pasaje Garcia Marquez / Pasaje Manuel Scorza;LOCAL;DISTRITAL;PROVINCIAL;1
I-628950;130206;LA LIBERTAD;ASCOPE;RAZURI;-7.7118275;-79.3948223;Carretera Paiján - Puerto Chicama / Calle s / n;VECINAL;PROVINCIAL;DISTRITAL;0
I-554052;150101;LIMA;LIMA;LIMA;-12.05132;-77.0364582;Jirón Camaná / Jirón Quilca;LOCAL;DISTRITAL;PROVINCIAL;1
I-554305;070104;CALLAO;CALLAO;LA PERLA;-12.0644903;-77.1124692;Avenida República de Venezuela / Calle Carlos Saco;LOCAL;DISTRITAL;DISTRITAL;1
I-555561;110101;ICA;ICA;ICA;-14.0647557;-75.7336359;José Matías Manzanilla / Calle s / n;LOCAL;DISTRITAL;PROVINCIAL;1
I-558974;080801;CUSCO;ESPINAR;ESPINAR;-14.7923054;-71.4119201;Avenida Leoncio Prado / Calle Alfonso Ugarte;LOCAL;DISTRITAL;PROVINCIAL;1
I-235222;140113;LAMBAYEQUE;CHICLAYO;REQUE;-6.8409089;-79.7906501;Calle s / n / Calle s / n;VECINAL;PROVINCIAL;DISTRITAL;1
I-567732;211201;PUNO;SANDIA;SANDIA;-14.321318;-69.4657622;Jirón Raymondi / Jirón Tacna;LOCAL;DISTRITAL;PROVINCIAL;1
I-568069;100604;HUANUCO;LEONCIO PRADO;JOSE CRESPO Y CASTILLO;-8.9297006;-76.1173622;Jirón Huánuco / Jirón María Parado De Bellido;LOCAL;DISTRITAL;DISTRITAL;1
I-568074;100604;HUANUCO;LEONCIO PRADO;JOSE CRESPO Y CASTILLO;-8.9353005;-76.1189716;Avenida Independencia / Malecon Huallaga;LOCAL;DISTRITAL;DISTRITAL;1
I-195372;100601;HUANUCO;LEONCIO PRADO;RUPA-RUPA;-9.2888583;-75.986972;Avenida Los Ángeles / Calle s / n;VECINAL;PROVINCIAL;PROVINCIAL;0
I-573231;180301;MOQUEGUA;ILO;ILO;-17.647731;-71.328632;Avenida Aviación / Calle Argentina;LOCAL;DISTRITAL;PROVINCIAL;0
I-583172;040110;AREQUIPA;AREQUIPA;MIRAFLORES;-16.3939419;-71.5210061;Calle Jorge Chávez / Avenida Prohogar;LOCAL;DISTRITAL;DISTRITAL;1
I-585840;200101;PIURA;PIURA;PIURA;-5.1640242;-80.6476224;Avenida Raúl Mata de la Cruz / Calle s / n;LOCAL;DISTRITAL;PROVINCIAL;3
I-585844;200101;PIURA;PIURA;PIURA;-5.1644704;-80.6463276;Avenida Raúl Mata de la Cruz / Calle 3;LOCAL;DISTRITAL;PROVINCIAL;1
I-195374;100601;HUANUCO;LEONCIO PRADO;RUPA-RUPA;-9.2894876;-75.977068;Avenida Los Ángeles / Calle s / n;VECINAL;PROVINCIAL;PROVINCIAL;0
I-5978;070102;CALLAO;CALLAO;BELLAVISTA;-12.0611047;-77.1337683;Avenida Almirante Miguel Grau / Jirón Colina;LOCAL;DISTRITAL;DISTRITAL;1
I-61238;110207;ICA;CHINCHA;PUEBLO NUEVO;-13.3898209;-76.1476911;Juan Velasco Alvarado / Las Begonias;LOCAL;DISTRITAL;DISTRITAL;1
I-61585;110201;ICA;CHINCHA;CHINCHA ALTA;-13.4112103;-76.1257189;Avenida San Christobal / Calle s / n;LOCAL;DISTRITAL;PROVINCIAL;1
I-620729;110101;ICA;ICA;ICA;-14.0659359;-75.7376298;José Matías Manzanilla / Calle s / n;LOCAL;DISTRITAL;PROVINCIAL;0
I-62269;110106;ICA;ICA;PARCONA;-14.0504561;-75.7043242;José Conrrado / Calle s / n;LOCAL;DISTRITAL;DISTRITAL;1
I-62382;110106;ICA;ICA;PARCONA;-14.0463233;-75.6985665;Avenida Francisco Pizarro / Avenida Miguel Grau / Avenida Túpac Amaru;LOCAL;DISTRITAL;DISTRITAL;1
I-248006;040208;AREQUIPA;CAMANA;SAMUEL PASTOR;-16.6102567;-72.7153276;Calle s / n / Calle s / n;VECINAL;PROVINCIAL;DISTRITAL;1
I-62546;110106;ICA;ICA;PARCONA;-14.0442352;-75.6988229;Domingo Elías / José Galvez;LOCAL;DISTRITAL;DISTRITAL;1
I-279725;110506;ICA;PISCO;SAN ANDRES;-13.7258764;-76.1832678;Calle s / n / Calle s / n;VECINAL;PROVINCIAL;DISTRITAL;1
I-62646;110101;ICA;ICA;ICA;-14.0598238;-75.7370205;Avenida Abraham Valdelomar / Avenida Arenales;LOCAL;DISTRITAL;PROVINCIAL;1
I-266949;160601;LORETO;UCAYALI;CONTAMANA;-7.3497168;-75.0116434;Jirón Amazonas / Jirón Arturo Guevara Espinar;LOCAL;DISTRITAL;PROVINCIAL;0
I-633628;230110;TACNA;TACNA;CORONEL GREGORIO ALBARRACIN LANCHIPA;-18.0537578;-70.2429088;Avenida Raúl Porras Barrenechea / Calle Felipe Paria Calizaya;LOCAL;DISTRITAL;DISTRITAL;1
I-279716;110506;ICA;PISCO;SAN ANDRES;-13.7202972;-76.1847417;Calle s / n / Calle s / n;VECINAL;PROVINCIAL;DISTRITAL;0
I-63706;110102;ICA;ICA;LA TINGUIÑA;-14.0345962;-75.7030944;Avenida Madrid / Avenida Mexico;LOCAL;DISTRITAL;DISTRITAL;1
I-64909;110101;ICA;ICA;ICA;-14.0663187;-75.7355003;Avenida Túpac Amaru / Calle Luis Medina;LOCAL;DISTRITAL;PROVINCIAL;1
I-65240;200115;PIURA;PIURA;VEINTISEIS DE OCTUBRE;-5.1937439;-80.6518671;Avenida Don Bosco / Calle Austria;LOCAL;DISTRITAL;DISTRITAL;1
I-652612;150143;LIMA;LIMA;VILLA MARIA DEL TRIUNFO;-12.1453517;-76.9531682;Avenida Jose de San Martin / Avenida Prolongación Luis Pardo;LOCAL;DISTRITAL;DISTRITAL;1
I-662;080101;CUSCO;CUSCO;CUSCO;-13.5228814;-71.9837566;Calle General Buendía / Monjaspata;LOCAL;DISTRITAL;PROVINCIAL;1
I-279721;110506;ICA;PISCO;SAN ANDRES;-13.7272231;-76.183358;Calle s / n / Calle s / n;VECINAL;PROVINCIAL;DISTRITAL;0
I-68011;120114;JUNIN;HUANCAYO;EL TAMBO;-12.0625035;-75.2262037;Avenida Las Colinas / Jirón Los Bosques;LOCAL;DISTRITAL;DISTRITAL;2
I-606448;060901;CAJAMARCA;SAN IGNACIO;SAN IGNACIO;-5.150243;-78.9983106;Jirón Miguel Grau / Calle s / n;VECINAL;PROVINCIAL;PROVINCIAL;0
I-606469;060901;CAJAMARCA;SAN IGNACIO;SAN IGNACIO;-5.1423558;-78.9980431;Calle s / n / Calle s / n;VECINAL;PROVINCIAL;PROVINCIAL;0
I-68504;120101;JUNIN;HUANCAYO;HUANCAYO;-12.0615896;-75.203055;Avenida Centenario / Jirón Pichcus;LOCAL;DISTRITAL;PROVINCIAL;1
I-433018;060901;CAJAMARCA;SAN IGNACIO;SAN IGNACIO;-5.1413363;-78.9980572;Jirón Comercio / Calle s / n;VECINAL;PROVINCIAL;PROVINCIAL;0
I-69049;120101;JUNIN;HUANCAYO;HUANCAYO;-12.0695463;-75.1995784;Jirón Los Comuneros / Prolongación Huanuco;LOCAL;DISTRITAL;PROVINCIAL;1
I-69218;120114;JUNIN;HUANCAYO;EL TAMBO;-12.0502206;-75.2217428;Mariscal Castilla / Pasaje Cenepa;LOCAL;DISTRITAL;DISTRITAL;0
I-69961;080601;CUSCO;CANCHIS;SICUANI;-14.2683315;-71.2275352;Jirón Alfonso Ugarte / Jirón Inambari;LOCAL;DISTRITAL;PROVINCIAL;1
I-70120;160112;LORETO;MAYNAS;BELEN;-3.7597839;-73.2481354;Calle 16 de Julio / Pasaje Paquito;LOCAL;DISTRITAL;DISTRITAL;1
I-7013;200401;PIURA;MORROPON;CHULUCANAS;-5.096588;-80.163123;Jirón Callao / Jirón Huancavelica;LOCAL;DISTRITAL;PROVINCIAL;0
I-70130;160112;LORETO;MAYNAS;BELEN;-3.7600299;-73.24844;Calle 16 de Julio / Jirón Abtao;LOCAL;DISTRITAL;DISTRITAL;1
I-7045;140116;LAMBAYEQUE;CHICLAYO;CAYALTI;-6.890558;-79.5629112;Avenida Paseo de la Reforma / Calle Arequipa / Calle Jorge Chávez;LOCAL;DISTRITAL;DISTRITAL;1
I-704582;140101;LAMBAYEQUE;CHICLAYO;CHICLAYO;-6.7658243;-79.8527996;Calle Piura / Avenida José Eufemio Lora y Lora;LOCAL;DISTRITAL;PROVINCIAL;1
I-146825;170101;MADRE DE DIOS;TAMBOPATA;TAMBOPATA;-12.5984122;-69.1825309;Jirón Puno / Calle Ica;LOCAL;DISTRITAL;PROVINCIAL;0
I-71653;140201;LAMBAYEQUE;FERREÑAFE;FERREÑAFE;-6.6394977;-79.7885262;Calle Monseñor Francisco Gonzáles Burga / Calle Nicanor Carmona;LOCAL;DISTRITAL;PROVINCIAL;0
I-719022;200101;PIURA;PIURA;PIURA;-5.1653629;-80.6511189;Avenida José E. Aguilar Santisteban / Avenida Raúl Mata de la Cruz;LOCAL;DISTRITAL;PROVINCIAL;1
I-71968;140206;LAMBAYEQUE;FERREÑAFE;PUEBLO NUEVO;-6.6410832;-79.7985458;Calle Cahuide / Calle Salvador Peña;LOCAL;DISTRITAL;DISTRITAL;1
I-390673;080104;CUSCO;CUSCO;SAN JERONIMO;-13.5507456;-71.8964824;Calle s / n / Calle s / n;VECINAL;PROVINCIAL;DISTRITAL;1
I-281286;110110;ICA;ICA;SAN JUAN BAUTISTA;-14.0047952;-75.7530311;Calle s / n / Calle s / n;VECINAL;PROVINCIAL;DISTRITAL;1
I-729020;150130;LIMA;LIMA;SAN BORJA;-12.1117287;-77.0064349;Calle Emilio Harth Terré / Calle Emilio Harth Terre;LOCAL;DISTRITAL;DISTRITAL;1
I-731430;230104;TACNA;TACNA;CIUDAD NUEVA;-17.9856607;-70.2333699;Avenida Aviación / Calle Daniel Alcides Carrion;LOCAL;DISTRITAL;DISTRITAL;1
I-70441;160113;LORETO;MAYNAS;SAN JUAN BAUTISTA;-3.7754608;-73.3027199;Calle s / n / Calle s / n;VECINAL;PROVINCIAL;DISTRITAL;1
I-706823;130701;LA LIBERTAD;PACASMAYO;SAN PEDRO DE LLOC;-7.370467;-79.4687355;Calle s / n / Calle s / n;VECINAL;PROVINCIAL;PROVINCIAL;1
I-737526;130105;LA LIBERTAD;TRUJILLO;LA ESPERANZA;-8.0835954;-79.0430864;Calle Carlos Maria de Alvear / Calle s / n;LOCAL;DISTRITAL;DISTRITAL;1
I-73820;140112;LAMBAYEQUE;CHICLAYO;PIMENTEL;-6.786895;-79.8722121;Avenida Universidad de Lima / Calle San Marcos;LOCAL;DISTRITAL;DISTRITAL;1
I-74128;140105;LAMBAYEQUE;CHICLAYO;JOSE LEONARDO ORTIZ;-6.753515;-79.8420302;Avenida Panamá / Avenida Paraguay;LOCAL;DISTRITAL;DISTRITAL;1
I-74428;140105;LAMBAYEQUE;CHICLAYO;JOSE LEONARDO ORTIZ;-6.7558611;-79.8246435;27 de Julio / María Parado de Bellido;LOCAL;DISTRITAL;DISTRITAL;1
I-567738;211201;PUNO;SANDIA;SANDIA;-14.3168092;-69.4533026;Carretera a Chiriguaya / Calle s / n;VECINAL;PROVINCIAL;PROVINCIAL;0
I-825153;211201;PUNO;SANDIA;SANDIA;-14.3094697;-69.4414982;Calle s / n / Calle s / n;VECINAL;PROVINCIAL;PROVINCIAL;0
I-497614;150810;LIMA;HUAURA;SANTA MARIA;-11.0870753;-77.5718196;Avenida Libertad / Calle s / n;VECINAL;PROVINCIAL;DISTRITAL;0
I-74851;140105;LAMBAYEQUE;CHICLAYO;JOSE LEONARDO ORTIZ;-6.7500639;-79.8296401;Machu Picchu / Paucartambo / San Lucio;LOCAL;DISTRITAL;DISTRITAL;1
I-749043;150108;LIMA;LIMA;CHORRILLOS;-12.1790201;-77.0140989;Calle Jorge Luis Borges / Calle s / n;LOCAL;DISTRITAL;DISTRITAL;1
I-640504;130207;LA LIBERTAD;ASCOPE;SANTIAGO DE CAO;-7.9879111;-79.217599;Calle s / n / Calle s / n;VECINAL;PROVINCIAL;DISTRITAL;1
I-749617;070101;CALLAO;CALLAO;CALLAO;-12.0492912;-77.1118149;Avenida República de Argentina / Avenida Principal;LOCAL;DISTRITAL;PROVINCIAL;1
I-75103;040109;AREQUIPA;AREQUIPA;MARIANO MELGAR;-16.3956144;-71.5063706;Calle 8 de Junio / Calle Capitán Novoa;LOCAL;DISTRITAL;DISTRITAL;1
I-752425;060801;CAJAMARCA;JAEN;JAEN;-5.7102792;-78.8170543;Mariscal Ureta / Calle s / n;LOCAL;DISTRITAL;PROVINCIAL;1
I-78078;040107;AREQUIPA;AREQUIPA;JACOBO HUNTER;-16.4484409;-71.5663707;Avenida Paisajista / Calle s / n;VECINAL;PROVINCIAL;DISTRITAL;0
I-75724;040110;AREQUIPA;AREQUIPA;MIRAFLORES;-16.3860918;-71.5175663;Calle Calvario / Calle Manuel Gonzales Prada;LOCAL;DISTRITAL;DISTRITAL;1
I-439518;150811;LIMA;HUAURA;SAYAN;-11.1974513;-77.4244146;Calle s / n / Calle s / n;VECINAL;PROVINCIAL;DISTRITAL;1
I-539284;200801;PIURA;SECHURA;SECHURA;-5.5760827;-80.8214321;Calle s / n / Calle s / n;VECINAL;PROVINCIAL;PROVINCIAL;1
I-76336;040110;AREQUIPA;AREQUIPA;MIRAFLORES;-16.389604;-71.520797;Calle Misti / Calle Rodriguez Ballon;LOCAL;DISTRITAL;DISTRITAL;1
I-764219;130103;LA LIBERTAD;TRUJILLO;FLORENCIA DE MORA;-8.0873193;-79.026702;Avenida 26 de Marzo / Calle 7 de Julio;LOCAL;DISTRITAL;DISTRITAL;1
I-765;080108;CUSCO;CUSCO;WANCHAQ;-13.5223821;-71.9720262;Avenida Garcilaso / Avenida Huascar;LOCAL;DISTRITAL;DISTRITAL;1
I-7678;160101;LORETO;MAYNAS;IQUITOS;-3.7572341;-73.2527539;Jirón Abtao / Jirón Moore;LOCAL;DISTRITAL;PROVINCIAL;1
I-260762;200801;PIURA;SECHURA;SECHURA;-5.5714357;-80.8171587;Calle Castilla / Calle s / n;VECINAL;PROVINCIAL;PROVINCIAL;0
I-501602;200801;PIURA;SECHURA;SECHURA;-5.5560563;-80.8115246;Calle s / n / Calle s / n;VECINAL;PROVINCIAL;PROVINCIAL;0
I-77579;040109;AREQUIPA;AREQUIPA;MARIANO MELGAR;-16.404852;-71.4984341;Avenida Argentina / Avenida Perú;LOCAL;DISTRITAL;DISTRITAL;1
I-261097;200801;PIURA;SECHURA;SECHURA;-5.5537666;-80.8128285;Calle s / n / Calle s / n;VECINAL;PROVINCIAL;PROVINCIAL;0
I-78350;040107;AREQUIPA;AREQUIPA;JACOBO HUNTER;-16.4433984;-71.5555047;Avenida Viña del Mar / Calle Nicaragua;LOCAL;DISTRITAL;DISTRITAL;1
I-563311;200801;PIURA;SECHURA;SECHURA;-5.5594715;-80.8110928;Calle s / n / Calle s / n;VECINAL;PROVINCIAL;PROVINCIAL;0
I-511933;040122;AREQUIPA;AREQUIPA;SOCABAYA;-16.4688735;-71.5514302;Calle s / n / Calle s / n;VECINAL;PROVINCIAL;DISTRITAL;1
I-79065;040107;AREQUIPA;AREQUIPA;JACOBO HUNTER;-16.443734;-71.5553551;Avenida Viña del Mar / Panamá;LOCAL;DISTRITAL;DISTRITAL;1
I-79066;040107;AREQUIPA;AREQUIPA;JACOBO HUNTER;-16.4432514;-71.5558418;Avenida Brasilia / Avenida Viña del Mar;LOCAL;DISTRITAL;DISTRITAL;1
I-790784;040112;AREQUIPA;AREQUIPA;PAUCARPATA;-16.4107439;-71.50427;Pasaje Olaya / Prolongación Avenida Mariscal Castilla;LOCAL;DISTRITAL;DISTRITAL;1
I-791048;160601;LORETO;UCAYALI;CONTAMANA;-7.351085;-75.008883;Jirón Buenaventura Márquez / Jirón Amazonas;LOCAL;DISTRITAL;PROVINCIAL;0
I-794488;150118;LIMA;LIMA;LURIGANCHO;-11.9969404;-76.9173984;Calle Nieveria / Calle s / n;LOCAL;DISTRITAL;DISTRITAL;1
I-79687;040104;AREQUIPA;AREQUIPA;CERRO COLORADO;-16.3888452;-71.5766935;Jirón Cahuide / Jirón Loreto;LOCAL;DISTRITAL;DISTRITAL;1
I-783960;040122;AREQUIPA;AREQUIPA;SOCABAYA;-16.4579884;-71.5411931;Calle s / n / Calle s / n;VECINAL;PROVINCIAL;DISTRITAL;1
I-805239;040110;AREQUIPA;AREQUIPA;MIRAFLORES;-16.3982708;-71.5194476;Calle Espinar / Calle Puno;LOCAL;DISTRITAL;DISTRITAL;1
I-805532;130102;LA LIBERTAD;TRUJILLO;EL PORVENIR;-8.0672633;-78.9959805;Avenida José Faustino Sánchez Carrión / Calle Andres Razuri;LOCAL;DISTRITAL;DISTRITAL;1
I-432161;040122;AREQUIPA;AREQUIPA;SOCABAYA;-16.4672615;-71.551416;Calle 1 / Calle s / n;VECINAL;PROVINCIAL;DISTRITAL;0
I-815322;150104;LIMA;LIMA;BARRANCO;-12.1428959;-77.0220039;Avenida Almirante Miguel Grau / Avenida Miraflores;LOCAL;DISTRITAL;DISTRITAL;1
I-8194;160101;LORETO;MAYNAS;IQUITOS;-3.7459267;-73.2489509;Jirón Faning / Jirón Pucallpa / Jirón Putumayo;LOCAL;DISTRITAL;PROVINCIAL;1
I-8205;160101;LORETO;MAYNAS;IQUITOS;-3.7371576;-73.2594801;Jirón Putumayo / Jirón Raul Pillco Perez;LOCAL;DISTRITAL;PROVINCIAL;1
I-8212;160101;LORETO;MAYNAS;IQUITOS;-3.7470373;-73.2498912;Jirón César Calvo de Araujo / Jirón Faning;LOCAL;DISTRITAL;PROVINCIAL;1
I-82370;040129;AREQUIPA;AREQUIPA;JOSE LUIS BUSTAMANTE Y RIVERO;-16.4344154;-71.5304579;Avenida 13 de Junio / Avenida Inglaterra;LOCAL;DISTRITAL;DISTRITAL;1
I-511951;040122;AREQUIPA;AREQUIPA;SOCABAYA;-16.465198;-71.5513946;Avenida Principal / Calle s / n;VECINAL;PROVINCIAL;DISTRITAL;0
I-82494;040103;AREQUIPA;AREQUIPA;CAYMA;-16.3721129;-71.5376857;La Ronda / Calle s / n;LOCAL;DISTRITAL;DISTRITAL;1
I-8254;160101;LORETO;MAYNAS;IQUITOS;-3.7552634;-73.2712513;Calle Lourdes de Leon / Calle Tupac Amaru;LOCAL;DISTRITAL;PROVINCIAL;1
I-825895;140101;LAMBAYEQUE;CHICLAYO;CHICLAYO;-6.7668626;-79.8368214;Calle 7 de Enero / Calle Arica;LOCAL;DISTRITAL;PROVINCIAL;1
I-828488;200401;PIURA;MORROPON;CHULUCANAS;-5.101669;-80.164603;Calle Ayacucho / Calle Áncash;LOCAL;DISTRITAL;PROVINCIAL;0
I-828489;200401;PIURA;MORROPON;CHULUCANAS;-5.102665;-80.16509;Calle Ayacucho / Calle Túpac Amaru;LOCAL;DISTRITAL;PROVINCIAL;0
I-358989;200601;PIURA;SULLANA;SULLANA;-4.7906505;-80.5560997;Calle s / n / Calle s / n;VECINAL;PROVINCIAL;PROVINCIAL;1
I-828493;130801;LA LIBERTAD;PATAZ;TAYABAMBA;-8.276632;-77.295819;Jirón San Martin de Porras / Jirón Bolognesi;LOCAL;DISTRITAL;PROVINCIAL;0
I-55261;150204;LIMA;BARRANCA;SUPE;-10.8160655;-77.7172691;Calle s / n / Calle s / n;VECINAL;PROVINCIAL;DISTRITAL;1
I-419510;220803;SAN MARTIN;RIOJA;ELIAS SOPLIN VARGAS;-5.989017;-77.279508;Avenida Samaria / Jirón Lima;LOCAL;DISTRITAL;DISTRITAL;0
I-829;080106;CUSCO;CUSCO;SANTIAGO;-13.528405;-71.983935;Avenida Túpac Amaru / Avenida Micaela Bastidas;LOCAL;DISTRITAL;DISTRITAL;0
I-700076;150204;LIMA;BARRANCA;SUPE;-10.7388432;-77.609376;Calle s / n / Calle s / n;VECINAL;PROVINCIAL;DISTRITAL;1
I-83495;040109;AREQUIPA;AREQUIPA;MARIANO MELGAR;-16.4028181;-71.5085459;Avenida Simón Bolívar / Junín;LOCAL;DISTRITAL;DISTRITAL;1
I-52568;220901;SAN MARTIN;SAN MARTIN;TARAPOTO;-6.485113;-76.357567;Jirón Perú / Calle Ramirez Hurtado;LOCAL;DISTRITAL;PROVINCIAL;0
I-84012;040101;AREQUIPA;AREQUIPA;AREQUIPA;-16.4094426;-71.5336615;Avenida Independencia / Tabada;LOCAL;DISTRITAL;PROVINCIAL;1
I-84192;220101;SAN MARTIN;MOYOBAMBA;MOYOBAMBA;-6.0442072;-76.9719876;Jirón 20 de Abril / Jirón Pucallpa;LOCAL;DISTRITAL;PROVINCIAL;1
I-8484;150104;LIMA;LIMA;BARRANCO;-12.143327;-77.023307;Avenida Sáenz Peña / Avenida Prolongación General José de San Martín;LOCAL;DISTRITAL;DISTRITAL;0
I-86055;230101;TACNA;TACNA;TACNA;-18.0313561;-70.2731678;Avenida Nora Flores Torres / Calle 24 de Enero / Tacna;LOCAL;DISTRITAL;PROVINCIAL;1
I-86295;230110;TACNA;TACNA;CORONEL GREGORIO ALBARRACIN LANCHIPA;-18.0448499;-70.2568521;Avenida Los Escritores / Avenida Los Músicos;LOCAL;DISTRITAL;DISTRITAL;1
I-371706;150204;LIMA;BARRANCA;SUPE;-10.8084937;-77.694737;Calle s / n / Calle s / n;VECINAL;PROVINCIAL;DISTRITAL;0
I-420988;150204;LIMA;BARRANCA;SUPE;-10.7906299;-77.674633;Calle s / n / Calle s / n;VECINAL;PROVINCIAL;DISTRITAL;0
I-320946;060417;CAJAMARCA;CHOTA;TACABAMBA;-6.4221451;-78.6325666;Calle s / n / Calle s / n;VECINAL;PROVINCIAL;DISTRITAL;1
I-262962;200202;PIURA;AYABACA;FRIAS;-4.9309451;-79.947677;Calle Piura Con Calle Ayacucho / Calle s / n;VECINAL;PROVINCIAL;DISTRITAL;0
I-822962;140114;LAMBAYEQUE;CHICLAYO;SANTA ROSA;-6.8549405;-79.9048364;LA-781 / Calle s / n;VECINAL;PROVINCIAL;DISTRITAL;1
I-90505;150134;LIMA;LIMA;SAN LUIS;-12.081699;-76.992219;Jirón Mayor José Urdanivia / Jirón San Ignacio;LOCAL;DISTRITAL;DISTRITAL;0
I-90991;150107;LIMA;LIMA;CHACLACAYO;-11.986416;-76.814121;Calle Alameda E / Pasaje Andahuaylas;LOCAL;DISTRITAL;DISTRITAL;0
I-91302;150123;LIMA;LIMA;PACHACAMAC;-12.117764;-76.869632;Calle 117 / Calle 113;LOCAL;DISTRITAL;DISTRITAL;0
I-91649;150114;LIMA;LIMA;LA MOLINA;-12.069024;-76.951756;Calle Los Quimicos / Calle Los Forestales;LOCAL;DISTRITAL;DISTRITAL;0
I-91987;150140;LIMA;LIMA;SANTIAGO DE SURCO;-12.115173;-76.981464;Calle Montefrío / Calle Monte Umbroso;LOCAL;DISTRITAL;DISTRITAL;0
I-92016;150118;LIMA;LIMA;LURIGANCHO;-11.937982;-76.701425;Calle Las Dioritas / Calle Las Piroxenitas;LOCAL;DISTRITAL;DISTRITAL;0
I-828494;130107;LA LIBERTAD;TRUJILLO;MOCHE;-8.166455;-79.020787;Av. Las Americas / Calle s / n;VECINAL;PROVINCIAL;DISTRITAL;0
I-277840;210607;PUNO;HUANCANE;TARACO;-15.2972958;-69.9785652;Calle s / n / Calle s / n;VECINAL;PROVINCIAL;DISTRITAL;0
I-92845;150107;LIMA;LIMA;CHACLACAYO;-11.9799669;-76.7750501;Calle Los Alamos / Calle Los Cedros;LOCAL;DISTRITAL;DISTRITAL;2
I-563247;130801;LA LIBERTAD;PATAZ;TAYABAMBA;-8.2851238;-77.26897;Calle s / n / Calle s / n;VECINAL;PROVINCIAL;PROVINCIAL;1
I-741350;140120;LAMBAYEQUE;CHICLAYO;TUMAN;-6.7849385;-79.685365;Calle s / n / Calle s / n;VECINAL;PROVINCIAL;DISTRITAL;1
I-94702;150118;LIMA;LIMA;LURIGANCHO;-11.9387315;-76.7139559;Avenida Andrés Avelino Cáceres / Calle Independencia;LOCAL;DISTRITAL;DISTRITAL;1
I-95075;070102;CALLAO;CALLAO;BELLAVISTA;-12.0646267;-77.1159655;Auxiliar Avenida República de Venezuela / Calle s / n;LOCAL;DISTRITAL;DISTRITAL;2
I-30757;081301;CUSCO;URUBAMBA;URUBAMBA;-13.3036914;-72.1310722;Calle s / n / Calle s / n;VECINAL;PROVINCIAL;PROVINCIAL;1
I-95981;150114;LIMA;LIMA;LA MOLINA;-12.065478;-76.955302;Calle Los Economos / Jirón Los Industriales;LOCAL;DISTRITAL;DISTRITAL;0
I-97280;150103;LIMA;LIMA;ATE;-12.0620279;-76.9961462;Avenida Mariscal Andrés Avelino Cáceres / Jirón Los Lirios;LOCAL;DISTRITAL;DISTRITAL;1
I-97302;150134;LIMA;LIMA;SAN LUIS;-12.0672292;-76.989687;Avenida Mariscal Agustin Gamarra / Mariscal Oscar Raul Benavides;LOCAL;DISTRITAL;DISTRITAL;1
I-387481;200805;PIURA;SECHURA;VICE;-5.4365611;-80.7827399;Calle s / n / Calle s / n;VECINAL;PROVINCIAL;DISTRITAL;1
I-97846;150115;LIMA;LIMA;LA VICTORIA;-12.0671801;-76.9983509;Avenida La Floral / Pasaje Tupac Amaru;LOCAL;DISTRITAL;DISTRITAL;1
I-259842;200805;PIURA;SECHURA;VICE;-5.4460578;-80.8070143;Calle s / n / Calle s / n;VECINAL;PROVINCIAL;DISTRITAL;0
I-508054;240302;TUMBES;ZARUMILLA;AGUAS VERDES;-3.4928789;-80.2660275;Calle Los Ángeles / Calle s / n;LOCAL;DISTRITAL;DISTRITAL;0
I-86407;230102;TACNA;TACNA;ALTO DE LA ALIANZA;-17.9924017;-70.244222;Avenida Gustavo Pinto / Avenida Prolongación Pinto / Calle Haití;LOCAL;DISTRITAL;DISTRITAL;0
I-259850;200805;PIURA;SECHURA;VICE;-5.4504055;-80.8078124;Calle s / n / Calle s / n;VECINAL;PROVINCIAL;DISTRITAL;0
I-259882;200805;PIURA;SECHURA;VICE;-5.4530771;-80.8095782;Calle s / n / Calle s / n;VECINAL;PROVINCIAL;DISTRITAL;0
I-640791;200105;PIURA;PIURA;CATACAOS;-5.2609952;-80.7039593;Calle s / n / Calle s / n;VECINAL;PROVINCIAL;DISTRITAL;0
I-471716;230102;TACNA;TACNA;ALTO DE LA ALIANZA;-17.9883805;-70.2399307;Avenida Juan Moore / Calle Eleodoro Camacho;LOCAL;DISTRITAL;DISTRITAL;0
I-471746;230102;TACNA;TACNA;ALTO DE LA ALIANZA;-17.9863815;-70.2448761;Avenida Emancipación / Calle José de la Riva Aguero;LOCAL;DISTRITAL;DISTRITAL;0
I-9265;200701;PIURA;TALARA;PARIÑAS;-4.5899054;-81.2267974;Calle s / n / Calle s / n;VECINAL;PROVINCIAL;PROVINCIAL;0
I-250281;030602;APURIMAC;CHINCHEROS;ANCO_HUALLO;-13.5311691;-73.6731454;Avenida Andrés Avelino Cáceres / Jirón Micaela Bastidas;LOCAL;DISTRITAL;DISTRITAL;0
I-130046;050101;AYACUCHO;HUAMANGA;AYACUCHO;-13.1576088;-74.2245429;Avenida Mariscal Cáceres / Jirón Asamblea;LOCAL;DISTRITAL;PROVINCIAL;0
I-130089;050101;AYACUCHO;HUAMANGA;AYACUCHO;-13.1622879;-74.2374572;Avenida Jose Carlos Mareategui / Avenida Los Andes / Jirón Nueva Democracia / Prolongación Los Andes;LOCAL;DISTRITAL;PROVINCIAL;0
I-130182;050101;AYACUCHO;HUAMANGA;AYACUCHO;-13.1647184;-74.2354889;Avenida Jose Carlos Mareategui / Jirón Ica;LOCAL;DISTRITAL;PROVINCIAL;0
I-281516;050101;AYACUCHO;HUAMANGA;AYACUCHO;-13.1444425;-74.2259067;Avenida Independencia / Jirón Los Alamos;LOCAL;DISTRITAL;PROVINCIAL;0
I-281523;050101;AYACUCHO;HUAMANGA;AYACUCHO;-13.1554223;-74.233729;Jirón Juan Domingo Nieto / Jirón Pokra;LOCAL;DISTRITAL;PROVINCIAL;0
I-168363;060701;CAJAMARCA;HUALGAYOC;BAMBAMARCA;-6.6810043;-78.5207577;Jirón Mariscal Sucre / Jirón San Martin;LOCAL;DISTRITAL;PROVINCIAL;0
I-168366;060701;CAJAMARCA;HUALGAYOC;BAMBAMARCA;-6.6793844;-78.5212576;Jirón Jaime de Martinez / Jirón Mariscal Sucre;LOCAL;DISTRITAL;PROVINCIAL;0
I-232368;060701;CAJAMARCA;HUALGAYOC;BAMBAMARCA;-6.6764554;-78.5213563;Avenida Malecon Martin Quiliche / Jirón Perfil de Cristo;LOCAL;DISTRITAL;PROVINCIAL;0
I-6571;130104;LA LIBERTAD;TRUJILLO;HUANCHACO;-8.0877653;-79.0952007;Avenida Ramón Castilla / Calle s / n;VECINAL;PROVINCIAL;DISTRITAL;0
I-56153;150201;LIMA;BARRANCA;BARRANCA;-10.7484249;-77.7655359;Jirón 9 de Diciembre / Jirón Carlos Sayan;LOCAL;DISTRITAL;PROVINCIAL;0
I-56229;150201;LIMA;BARRANCA;BARRANCA;-10.7488701;-77.7533594;Avenida Alfonso Ugarte / Avenida Aviación;LOCAL;DISTRITAL;PROVINCIAL;0
I-21690;250101;UCAYALI;CORONEL PORTILLO;CALLERIA;-8.3800395;-74.5555372;Rosales / Unión;LOCAL;DISTRITAL;PROVINCIAL;0
I-21801;250101;UCAYALI;CORONEL PORTILLO;CALLERIA;-8.3828828;-74.5532304;Avenida Amazonas / Rosa Merino;LOCAL;DISTRITAL;PROVINCIAL;0
I-129357;250101;UCAYALI;CORONEL PORTILLO;CALLERIA;-8.3657631;-74.5520376;Calle 4 / San Lorenzo;LOCAL;DISTRITAL;PROVINCIAL;0
I-135624;250101;UCAYALI;CORONEL PORTILLO;CALLERIA;-8.3669775;-74.5517434;Calle 4 / Venezuela;LOCAL;DISTRITAL;PROVINCIAL;0
I-252668;250101;UCAYALI;CORONEL PORTILLO;CALLERIA;-8.3786686;-74.5501929;Avenida Salvador Allende / Unión;LOCAL;DISTRITAL;PROVINCIAL;0
I-652668;250101;UCAYALI;CORONEL PORTILLO;CALLERIA;-8.3697036;-74.5496767;Avenida Miraflores / Calle 6;LOCAL;DISTRITAL;PROVINCIAL;0
I-465027;100102;HUANUCO;HUANUCO;AMARILIS;-9.9262476;-76.1690544;Calle s / n / Calle s / n;VECINAL;PROVINCIAL;DISTRITAL;0
I-131771;050104;AYACUCHO;HUAMANGA;CARMEN ALTO;-13.1731864;-74.2226854;Jirón Las Macetas / Jirón Sacsayhuaman;LOCAL;DISTRITAL;DISTRITAL;0
I-170483;180101;MOQUEGUA;MARISCAL NIETO;MOQUEGUA;-17.1929834;-70.9380184;Avenida Balta / Óvalo Mariátegui;VECINAL;PROVINCIAL;PROVINCIAL;0
I-306940;110301;ICA;NASCA;NASCA;-14.8224327;-75.0599256;Calle s / n / Calle s / n;VECINAL;PROVINCIAL;PROVINCIAL;0
I-306938;110301;ICA;NASCA;NASCA;-14.8231414;-75.0424605;Calle s / n / Calle s / n;VECINAL;PROVINCIAL;PROVINCIAL;0
I-530523;220801;SAN MARTIN;RIOJA;RIOJA;-6.0170423;-77.2540929;Calle s / n / Calle s / n;VECINAL;PROVINCIAL;PROVINCIAL;0
I-7037;140116;LAMBAYEQUE;CHICLAYO;CAYALTI;-6.8913107;-79.5622371;Avenida Paseo de la Reforma / Calle Alfonso Ugarte;LOCAL;DISTRITAL;DISTRITAL;0
I-7038;140116;LAMBAYEQUE;CHICLAYO;CAYALTI;-6.8924349;-79.5612762;Avenida Paseo de la Reforma / Calle 28 de Julio;LOCAL;DISTRITAL;DISTRITAL;0
I-7043;140116;LAMBAYEQUE;CHICLAYO;CAYALTI;-6.8897172;-79.5636494;Avenida Paseo de la Reforma / Avenida San Ramón;LOCAL;DISTRITAL;DISTRITAL;0
I-224670;140116;LAMBAYEQUE;CHICLAYO;CAYALTI;-6.889558;-79.5608741;Calle Elías Aguirre / Calle San Pedro;LOCAL;DISTRITAL;DISTRITAL;0
I-530524;220801;SAN MARTIN;RIOJA;RIOJA;-6.0580103;-77.2538005;Calle s / n / Calle s / n;VECINAL;PROVINCIAL;PROVINCIAL;0
I-530521;220801;SAN MARTIN;RIOJA;RIOJA;-6.0160297;-77.2535838;Calle s / n / Calle s / n;VECINAL;PROVINCIAL;PROVINCIAL;0
I-585074;040701;AREQUIPA;ISLAY;MOLLENDO;-17.0235594;-71.9973644;Calle s / n / Calle s / n;VECINAL;PROVINCIAL;PROVINCIAL;0
I-177604;060301;CAJAMARCA;CELENDIN;CELENDIN;-6.8693263;-78.1488111;Avenida El Cumbe / Jirón Moquegua;LOCAL;DISTRITAL;PROVINCIAL;0
I-49805;010101;AMAZONAS;CHACHAPOYAS;CHACHAPOYAS;-6.2355541;-77.8710872;2 de Mayo / Jirón Dos de Mayo / Jirón Grau;LOCAL;DISTRITAL;PROVINCIAL;0
I-49813;010101;AMAZONAS;CHACHAPOYAS;CHACHAPOYAS;-6.2306939;-77.8718798;Jirón Grau / Jirón Triunfo;LOCAL;DISTRITAL;PROVINCIAL;0
I-49918;010101;AMAZONAS;CHACHAPOYAS;CHACHAPOYAS;-6.2323878;-77.8709348;Jirón Dos de Mayo / Jirón Piura;LOCAL;DISTRITAL;PROVINCIAL;0
I-205854;081301;CUSCO;URUBAMBA;URUBAMBA;-13.2802648;-72.1040884;Calle s / n / Calle s / n;VECINAL;PROVINCIAL;PROVINCIAL;0
I-205853;081301;CUSCO;URUBAMBA;URUBAMBA;-13.2832313;-72.1061145;Calle s / n / Calle s / n;VECINAL;PROVINCIAL;PROVINCIAL;0
I-190111;150605;LIMA;HUARAL;CHANCAY;-11.5639668;-77.2723914;Avenida 1 de Mayo / Pasaje Alto la Luna;LOCAL;DISTRITAL;DISTRITAL;0
I-359940;040105;AREQUIPA;AREQUIPA;CHARACATO;-16.4817123;-71.5048201;Horacio Zeballos Gámez / José Carlos Mariátegui;LOCAL;DISTRITAL;DISTRITAL;0
I-71126;190101;PASCO;PASCO;CHAUPIMARCA;-10.6874098;-76.2581437;Avenida Alfonso Rivera / Jirón Lima;LOCAL;DISTRITAL;PROVINCIAL;0
I-226535;130401;LA LIBERTAD;CHEPEN;CHEPEN;-7.2327373;-79.4246246;Jirón Libertad / San Pedro;LOCAL;DISTRITAL;PROVINCIAL;0
I-226585;130401;LA LIBERTAD;CHEPEN;CHEPEN;-7.232684;-79.4256018;Antonio José de Sucre / Avenida 28 de Julio;LOCAL;DISTRITAL;PROVINCIAL;0
I-73596;140101;LAMBAYEQUE;CHICLAYO;CHICLAYO;-6.7668619;-79.8482705;Avenida José Eufemio Lora y Lora / José Carlos Mariátegui;LOCAL;DISTRITAL;PROVINCIAL;0
I-35018;120107;JUNIN;HUANCAYO;CHILCA;-12.0754764;-75.1959228;Avenida Leoncio Prado / Jirón Husares de Junin;LOCAL;DISTRITAL;DISTRITAL;0
I-35028;120107;JUNIN;HUANCAYO;CHILCA;-12.0840176;-75.1961542;Avenida Jacinto Ibarra / Avenida Los Proceres / Avenida Proceres;LOCAL;DISTRITAL;DISTRITAL;0
I-35036;120107;JUNIN;HUANCAYO;CHILCA;-12.0854758;-75.1985808;Avenida Los Proceres / Jirón Ancash;LOCAL;DISTRITAL;DISTRITAL;0
I-205852;081301;CUSCO;URUBAMBA;URUBAMBA;-13.2841804;-72.1072671;Calle s / n / Calle s / n;VECINAL;PROVINCIAL;PROVINCIAL;0
I-35058;120107;JUNIN;HUANCAYO;CHILCA;-12.0827815;-75.194356;Avenida Proceres / Calle s / n;LOCAL;DISTRITAL;DISTRITAL;0
I-538038;130803;LA LIBERTAD;PATAZ;CHILLIA;-8.1239958;-77.5143865;Jirón Comercio / Jirón José Pardo;LOCAL;DISTRITAL;DISTRITAL;0
I-46004;021801;ANCASH;SANTA;CHIMBOTE;-9.0710088;-78.5698056;Avenida Moquegua / Avenida Perú;LOCAL;DISTRITAL;PROVINCIAL;0
I-439024;021801;ANCASH;SANTA;CHIMBOTE;-9.0695815;-78.5863203;Avenida Buenos Aires / Jirón Dionisio Derteano;LOCAL;DISTRITAL;PROVINCIAL;0
I-440672;021801;ANCASH;SANTA;CHIMBOTE;-9.0581863;-78.5781348;Jirón Unión / Prolongación Avenida Buenos Aires;LOCAL;DISTRITAL;PROVINCIAL;0
I-180282;060401;CAJAMARCA;CHOTA;CHOTA;-6.5588627;-78.649504;Avenida Todos los Santos / Jirón Anaximandro Vega;LOCAL;DISTRITAL;PROVINCIAL;0
I-180387;060401;CAJAMARCA;CHOTA;CHOTA;-6.5622339;-78.6507724;Jirón Anaximandro Vega / Jirón Cajamarca;LOCAL;DISTRITAL;PROVINCIAL;0
I-180421;060401;CAJAMARCA;CHOTA;CHOTA;-6.5606572;-78.6515647;Jirón 30 de Agosto / Jirón Ponciano Vigil;LOCAL;DISTRITAL;PROVINCIAL;0
I-180497;060401;CAJAMARCA;CHOTA;CHOTA;-6.5586215;-78.653116;Jirón Adriano Novoa / Jirón Francisco Cadenillas;LOCAL;DISTRITAL;PROVINCIAL;0
I-713152;060401;CAJAMARCA;CHOTA;CHOTA;-6.560687;-78.6469735;Jirón Adriano Novoa / Calle s / n;LOCAL;DISTRITAL;PROVINCIAL;0
I-385737;150109;LIMA;LIMA;CIENEGUILLA;-12.0840384;-76.8601398;Avenida Nueva Victoria / Calle Los Rosales;LOCAL;DISTRITAL;DISTRITAL;0
I-44916;021803;ANCASH;SANTA;COISHCO;-9.0221664;-78.6166234;Calle Los Pescadores / Jirón Amazonas;LOCAL;DISTRITAL;DISTRITAL;0
I-602091;080701;CUSCO;CHUMBIVILCAS;SANTO TOMAS;-14.6229185;-72.0295557;Calle s / n / Calle s / n;VECINAL;PROVINCIAL;PROVINCIAL;0
I-45721;021803;ANCASH;SANTA;COISHCO;-9.0173375;-78.6166913;Calle El Milagro / Jirón 28 de Julio;LOCAL;DISTRITAL;DISTRITAL;0
I-266829;160601;LORETO;UCAYALI;CONTAMANA;-7.3450059;-75.0070702;Avenida Víctor Raúl Haya de la Torre / Jirón Ricardo Valles;LOCAL;DISTRITAL;PROVINCIAL;0
I-266933;160601;LORETO;UCAYALI;CONTAMANA;-7.3484855;-75.0052762;Calle Las Malvinas / Jirón Moisés Rengifo;LOCAL;DISTRITAL;PROVINCIAL;0
I-266996;160601;LORETO;UCAYALI;CONTAMANA;-7.3456491;-75.0104621;Calle Requena / Jirón Moisés Rengifo;LOCAL;DISTRITAL;PROVINCIAL;0
I-267131;160601;LORETO;UCAYALI;CONTAMANA;-7.349629;-75.0072064;Calle Alberto Angulo Soto / Calle Sargento Lores;LOCAL;DISTRITAL;PROVINCIAL;0
I-180041;060601;CAJAMARCA;CUTERVO;CUTERVO;-6.3797799;-78.8178186;Jirón Comercio / Jirón María Elena Medina;LOCAL;DISTRITAL;PROVINCIAL;0
I-180060;060601;CAJAMARCA;CUTERVO;CUTERVO;-6.3780916;-78.8166758;Jirón Progreso / Jirón Santa Rosa;LOCAL;DISTRITAL;PROVINCIAL;0
I-180081;060601;CAJAMARCA;CUTERVO;CUTERVO;-6.3804077;-78.8209266;Avenida San Juan / Jirón Santa Rosa;LOCAL;DISTRITAL;PROVINCIAL;0
I-123509;130701;LA LIBERTAD;PACASMAYO;SAN PEDRO DE LLOC;-7.4358113;-79.5044723;Calle s / n / Calle s / n;VECINAL;PROVINCIAL;PROVINCIAL;0
I-207736;120302;JUNIN;CHANCHAMAYO;PERENE;-10.9510953;-75.2253834;Calle s / n / Calle s / n;VECINAL;PROVINCIAL;DISTRITAL;0
I-68331;120114;JUNIN;HUANCAYO;EL TAMBO;-12.0526392;-75.2165657;Calle Tahuantinsuyo / Prolongación José Carlos Mariátegui;LOCAL;DISTRITAL;DISTRITAL;0
I-609246;120302;JUNIN;CHANCHAMAYO;PERENE;-11.0011613;-75.2080552;Calle s / n / Calle s / n;VECINAL;PROVINCIAL;DISTRITAL;0
I-475418;120114;JUNIN;HUANCAYO;EL TAMBO;-12.0483991;-75.2207565;Avenida Julio Sumar / Jirón Santa Isabel;LOCAL;DISTRITAL;DISTRITAL;0
I-476094;120114;JUNIN;HUANCAYO;EL TAMBO;-12.0551777;-75.2209444;Avenida José Carlos Mariátegui / Jirón Moquegua;LOCAL;DISTRITAL;DISTRITAL;0
I-419532;220803;SAN MARTIN;RIOJA;ELIAS SOPLIN VARGAS;-5.9887155;-77.2754142;Avenida Canaán / Jirón San Martín;LOCAL;DISTRITAL;DISTRITAL;0
I-419558;220803;SAN MARTIN;RIOJA;ELIAS SOPLIN VARGAS;-5.9862743;-77.2789758;Avenida Corazón de Jesús / Pasaje Nuevo Amanecer;LOCAL;DISTRITAL;DISTRITAL;0
I-609242;120302;JUNIN;CHANCHAMAYO;PERENE;-11.0040911;-75.192086;Calle s / n / Calle s / n;VECINAL;PROVINCIAL;DISTRITAL;0
I-609241;120302;JUNIN;CHANCHAMAYO;PERENE;-11.0150143;-75.1812887;Calle s / n / Calle s / n;VECINAL;PROVINCIAL;DISTRITAL;0
I-609240;120302;JUNIN;CHANCHAMAYO;PERENE;-11.0000647;-75.208654;Calle s / n / Calle s / n;VECINAL;PROVINCIAL;DISTRITAL;0
I-57732;150801;LIMA;HUAURA;HUACHO;-11.127642;-77.614519;Jose Galvez / Calle s / n;LOCAL;DISTRITAL;PROVINCIAL;0
I-306038;210601;PUNO;HUANCANE;HUANCANE;-15.2046285;-69.7589396;27 de Noviembre / Jirón Ayacucho;LOCAL;DISTRITAL;PROVINCIAL;0
I-349434;210601;PUNO;HUANCANE;HUANCANE;-15.1994852;-69.7597741;Avenida Catastro / Jirón Arequipa;LOCAL;DISTRITAL;PROVINCIAL;0
I-349515;210601;PUNO;HUANCANE;HUANCANE;-15.1983092;-69.7626926;Avenida Manuel E. Cordero / Avenida Ramón Castilla;LOCAL;DISTRITAL;PROVINCIAL;0
I-828009;210601;PUNO;HUANCANE;HUANCANE;-15.2023307;-69.7613986;Jirón Arica / Jirón Ayacucho;LOCAL;DISTRITAL;PROVINCIAL;0
I-349526;210601;PUNO;HUANCANE;HUANCANE;-15.2002315;-69.7645177;Avenida Ramón Castilla / Jirón José Pardo;LOCAL;DISTRITAL;PROVINCIAL;0
I-181508;090101;HUANCAVELICA;HUANCAVELICA;HUANCAVELICA;-12.78537;-74.971914;Jirón Sebastián Barranca / Pasaje La Mar / Prolongación Victoria Garma;LOCAL;DISTRITAL;PROVINCIAL;0
I-181514;090101;HUANCAVELICA;HUANCAVELICA;HUANCAVELICA;-12.7851639;-74.9696578;Jirón Daniel Hernández / Calle s / n;LOCAL;DISTRITAL;PROVINCIAL;0
I-181554;090101;HUANCAVELICA;HUANCAVELICA;HUANCAVELICA;-12.7804479;-74.9673385;Jirón Ccoripaccha / Jirón Manco Inca;LOCAL;DISTRITAL;PROVINCIAL;0
I-181560;090101;HUANCAVELICA;HUANCAVELICA;HUANCAVELICA;-12.7817866;-74.9707929;Jirón 5 de agosto / Jirón Sinchi Roca;LOCAL;DISTRITAL;PROVINCIAL;0
I-7345;050401;AYACUCHO;HUANTA;HUANTA;-12.940702;-74.2497065;Avenida Gervasio Santillana / Jirón Luis Cavero;LOCAL;DISTRITAL;PROVINCIAL;0
I-609251;120302;JUNIN;CHANCHAMAYO;PERENE;-11.0087664;-75.1682264;Calle s / n / Calle s / n;VECINAL;PROVINCIAL;DISTRITAL;0
I-222400;100101;HUANUCO;HUANUCO;HUANUCO;-9.9246359;-76.235783;Avenida Alameda de la República / Jirón 28 de Julio;LOCAL;DISTRITAL;PROVINCIAL;0
I-222442;100101;HUANUCO;HUANUCO;HUANUCO;-9.9314103;-76.2416767;Jirón 2 de Mayo / Jirón Ayacucho;LOCAL;DISTRITAL;PROVINCIAL;0
I-222508;100101;HUANUCO;HUANUCO;HUANUCO;-9.9317558;-76.2470128;Jirón Leoncio Prado / Jirón Mayro;LOCAL;DISTRITAL;PROVINCIAL;0
I-222568;100101;HUANUCO;HUANUCO;HUANUCO;-9.9363079;-76.2525909;Jirón Provincias / Jirón Tarma / Pasaje Santa Isabel;LOCAL;DISTRITAL;PROVINCIAL;0
I-555252;100101;HUANUCO;HUANUCO;HUANUCO;-9.9234066;-76.2376408;Avenida Alameda de la República / Jirón Abtao;LOCAL;DISTRITAL;PROVINCIAL;0
I-7114;140112;LAMBAYEQUE;CHICLAYO;PIMENTEL;-6.7699826;-79.8795769;Carretera Chiclayo - Ciudad de Dios - San José / Calle s / n;VECINAL;PROVINCIAL;DISTRITAL;0
I-487669;060801;CAJAMARCA;JAEN;JAEN;-5.7034115;-78.8099766;Avenida Mariscal Castilla / Mariscal Castilla;LOCAL;DISTRITAL;PROVINCIAL;0
I-487671;060801;CAJAMARCA;JAEN;JAEN;-5.6996092;-78.8082668;Avenida Mariscal Castilla / Chinchaysuyo;LOCAL;DISTRITAL;PROVINCIAL;0
I-186173;120401;JUNIN;JAUJA;JAUJA;-11.7766737;-75.4999348;Jirón Ayacucho / Jirón Tarapaca;LOCAL;DISTRITAL;PROVINCIAL;0
I-259089;100604;HUANUCO;LEONCIO PRADO;JOSE CRESPO Y CASTILLO;-8.9299538;-76.11271;Avenida San Martín / Jirón Grau;LOCAL;DISTRITAL;DISTRITAL;0
I-400873;100604;HUANUCO;LEONCIO PRADO;JOSE CRESPO Y CASTILLO;-8.9287692;-76.1153686;Avenida Lima / Jirón Huánuco;LOCAL;DISTRITAL;DISTRITAL;0
I-400919;100604;HUANUCO;LEONCIO PRADO;JOSE CRESPO Y CASTILLO;-8.9281645;-76.1048656;Avenida Nicolás de Piérola / Calle Arequipa;LOCAL;DISTRITAL;DISTRITAL;0
I-400947;100604;HUANUCO;LEONCIO PRADO;JOSE CRESPO Y CASTILLO;-8.927619;-76.1085035;Jirón Sucre / Jirón Trujillo;LOCAL;DISTRITAL;DISTRITAL;0
I-73941;140105;LAMBAYEQUE;CHICLAYO;JOSE LEONARDO ORTIZ;-6.7563138;-79.850421;Avenida Mariano Cornejo / Calle Las Palmeras;LOCAL;DISTRITAL;DISTRITAL;0
I-73943;140105;LAMBAYEQUE;CHICLAYO;JOSE LEONARDO ORTIZ;-6.7524914;-79.8500177;Avenida Mariano Cornejo / Avenida Panamá;LOCAL;DISTRITAL;DISTRITAL;0
I-73949;140105;LAMBAYEQUE;CHICLAYO;JOSE LEONARDO ORTIZ;-6.7590694;-79.8507134;Avenida Mariano Cornejo / Calle Tahuantinsuyo;LOCAL;DISTRITAL;DISTRITAL;0
I-479543;140105;LAMBAYEQUE;CHICLAYO;JOSE LEONARDO ORTIZ;-6.7588555;-79.8417029;Avenida El Dorado / Avenida Simón Bolívar;LOCAL;DISTRITAL;DISTRITAL;0
I-269100;210401;PUNO;CHUCUITO;JULI;-16.2115942;-69.4575254;Avenida Bertonio / Jirón San Bartolomé;LOCAL;DISTRITAL;PROVINCIAL;0
I-269118;210401;PUNO;CHUCUITO;JULI;-16.2139342;-69.4589454;Jirón Asunción / Jirón Tacna;LOCAL;DISTRITAL;PROVINCIAL;0
I-729871;140112;LAMBAYEQUE;CHICLAYO;PIMENTEL;-6.8210361;-79.9033915;Calle s / n / Calle s / n;VECINAL;PROVINCIAL;DISTRITAL;0
I-14984;070104;CALLAO;CALLAO;LA PERLA;-12.0644814;-77.1083875;Avenida Víctor Raúl Haya de la Torre / Calle Elias Chunga Zapata;LOCAL;DISTRITAL;DISTRITAL;0
I-15377;070104;CALLAO;CALLAO;LA PERLA;-12.0731632;-77.1213888;Avenida La Paz / Calle España;LOCAL;DISTRITAL;DISTRITAL;0
I-15400;070104;CALLAO;CALLAO;LA PERLA;-12.0692907;-77.1124733;Avenida de La Marina / Calle Huamachuco;LOCAL;DISTRITAL;DISTRITAL;0
I-254028;070104;CALLAO;CALLAO;LA PERLA;-12.0728025;-77.1119227;Avenida El Pacífico / Avenida Víctor Raúl Haya de la Torre;LOCAL;DISTRITAL;DISTRITAL;0
I-550311;070104;CALLAO;CALLAO;LA PERLA;-12.0764883;-77.1132437;Avenida Víctor Raúl Haya de la Torre / Avenida La Paz;LOCAL;DISTRITAL;DISTRITAL;0
I-7299;130106;LA LIBERTAD;TRUJILLO;LAREDO;-8.087081;-78.962008;Avenida Julian Arce / Calle José Galvez;LOCAL;DISTRITAL;DISTRITAL;0
I-54085;130106;LA LIBERTAD;TRUJILLO;LAREDO;-8.0867045;-78.9575191;Avenida Julian Arce / Avenida Pedro García García / Pasaje Santa Rosa;LOCAL;DISTRITAL;DISTRITAL;0
I-18781;220804;SAN MARTIN;RIOJA;NUEVA CAJAMARCA;-5.9193886;-77.2948781;Carretera San Fernando / Calle s / n;VECINAL;PROVINCIAL;DISTRITAL;0
I-509152;130106;LA LIBERTAD;TRUJILLO;LAREDO;-8.0866806;-78.9537699;Avenida Julian Arce / Calle Manuel Búfalo;LOCAL;DISTRITAL;DISTRITAL;0
I-20988;250107;UCAYALI;CORONEL PORTILLO;MANANTAY;-8.4008518;-74.5388106;Atalaya / Avenida Túpac Amaru;LOCAL;DISTRITAL;DISTRITAL;0
I-229969;200706;PIURA;TALARA;MANCORA;-4.1074533;-81.0481211;Calle Simón Bolívar / Calle Talara;LOCAL;DISTRITAL;DISTRITAL;0
I-229997;200706;PIURA;TALARA;MANCORA;-4.1084735;-81.0467138;Calle 9 de Diciembre / Calle Ramón Castilla;LOCAL;DISTRITAL;DISTRITAL;0
I-230164;200706;PIURA;TALARA;MANCORA;-4.1041547;-81.0482723;Calle Santa Elena / Avenida Playa El Amor;LOCAL;DISTRITAL;DISTRITAL;0
I-644124;220804;SAN MARTIN;RIOJA;NUEVA CAJAMARCA;-5.910031;-77.3162533;Calle s / n / Calle s / n;VECINAL;PROVINCIAL;DISTRITAL;0
I-165328;070107;CALLAO;CALLAO;MI PERU;-11.8539187;-77.1207911;Avenida Cuzco / Avenida San Martín;LOCAL;DISTRITAL;DISTRITAL;0
I-253999;070107;CALLAO;CALLAO;MI PERU;-11.8612569;-77.1282526;Avenida Cuzco / Avenida Víctor Raúl Haya de la Torre;LOCAL;DISTRITAL;DISTRITAL;0
I-254673;070107;CALLAO;CALLAO;MI PERU;-11.8557462;-77.128517;Avenida Huaura / Avenida Víctor Raúl Haya de la Torre / Prolongación Avenida Huaura;LOCAL;DISTRITAL;DISTRITAL;0
I-254679;070107;CALLAO;CALLAO;MI PERU;-11.8586486;-77.1284389;Avenida Víctor Raúl Haya de la Torre / Calle 5-L;LOCAL;DISTRITAL;DISTRITAL;0
I-199098;040701;AREQUIPA;ISLAY;MOLLENDO;-17.018512;-72.0139959;Avenida Mariscal Castilla / Calle Teófilo Nuñez;LOCAL;DISTRITAL;PROVINCIAL;0
I-644125;220804;SAN MARTIN;RIOJA;NUEVA CAJAMARCA;-5.9108749;-77.3180017;Calle s / n / Calle s / n;VECINAL;PROVINCIAL;DISTRITAL;0
I-36794;140108;LAMBAYEQUE;CHICLAYO;MONSEFU;-6.8783064;-79.8715742;Avenida Mariscal Ramón Castilla / Calle 28 de Julio;LOCAL;DISTRITAL;DISTRITAL;0
I-36807;140108;LAMBAYEQUE;CHICLAYO;MONSEFU;-6.8736508;-79.8723056;Avenida José Abelardo Quiñones / Calle 7 de Junio;LOCAL;DISTRITAL;DISTRITAL;0
I-221823;140307;LAMBAYEQUE;LAMBAYEQUE;MOTUPE;-6.1520818;-79.7170074;Calle Garcilazo de la Vega / Calle José Anteparra;LOCAL;DISTRITAL;DISTRITAL;0
I-221870;140307;LAMBAYEQUE;LAMBAYEQUE;MOTUPE;-6.1489307;-79.7174727;Avenida Cruz de Chalpón / Calle s / n;LOCAL;DISTRITAL;DISTRITAL;0
I-295434;220101;SAN MARTIN;MOYOBAMBA;MOYOBAMBA;-6.0384638;-76.9799664;Vía de Evitamiento Indañe-Shango / Calle s / n;LOCAL;DISTRITAL;PROVINCIAL;0
I-205625;081306;CUSCO;URUBAMBA;OLLANTAYTAMBO;-13.2588524;-72.2687175;Calle Turistas / Los K'antus;LOCAL;DISTRITAL;DISTRITAL;0
I-123372;130704;LA LIBERTAD;PACASMAYO;PACASMAYO;-7.4008711;-79.5686531;Jirón Ladislao Espinar / Jirón Leoncio Prado;LOCAL;DISTRITAL;DISTRITAL;0
I-336019;130704;LA LIBERTAD;PACASMAYO;PACASMAYO;-7.4031872;-79.5625844;Jirón Rodolfo Silva Santisteban / Jirón Ladislao Espinar;LOCAL;DISTRITAL;DISTRITAL;0
I-255974;120303;JUNIN;CHANCHAMAYO;PICHANAQUI;-10.9236566;-74.8683449;Avenida Industrial / Jirón 7 de Junio;LOCAL;DISTRITAL;DISTRITAL;0
I-255997;120303;JUNIN;CHANCHAMAYO;PICHANAQUI;-10.9230946;-74.8741287;Avenida Circunvalación / Jirón 9 de Diciembre / Jirón Sucre / Pasaje Los Cedros;LOCAL;DISTRITAL;DISTRITAL;0
I-74074;140112;LAMBAYEQUE;CHICLAYO;PIMENTEL;-6.785916;-79.8763299;12 de Febrero / Los Cipreses;LOCAL;DISTRITAL;DISTRITAL;0
I-644126;220804;SAN MARTIN;RIOJA;NUEVA CAJAMARCA;-5.9115047;-77.3192747;Calle s / n / Calle s / n;VECINAL;PROVINCIAL;DISTRITAL;0
I-615570;120303;JUNIN;CHANCHAMAYO;PICHANAQUI;-10.9257075;-74.7299865;Calle s / n / Calle s / n;VECINAL;PROVINCIAL;DISTRITAL;0
I-225218;140118;LAMBAYEQUE;CHICLAYO;POMALCA;-6.7671846;-79.7804324;Avenida José de San Martín / Calle José Carlos Mariátegui;LOCAL;DISTRITAL;DISTRITAL;0
I-232628;140118;LAMBAYEQUE;CHICLAYO;POMALCA;-6.7700086;-79.7905414;Calle Cuba / Calle México;LOCAL;DISTRITAL;DISTRITAL;0
I-71962;140206;LAMBAYEQUE;FERREÑAFE;PUEBLO NUEVO;-6.6399889;-79.7982381;Calle Augusto Bernardino Leguía / Calle Salvador Peña;LOCAL;DISTRITAL;DISTRITAL;0
I-72074;140206;LAMBAYEQUE;FERREÑAFE;PUEBLO NUEVO;-6.6376342;-79.7956683;Calle C. Chuman / Calle Monseñor Francisco Gonzáles Burga;LOCAL;DISTRITAL;DISTRITAL;0
I-10184;160108;LORETO;MAYNAS;PUNCHANA;-3.7282864;-73.2428995;Avenida 28 de Julio / Calle Rep. Edilberto Valles;LOCAL;DISTRITAL;DISTRITAL;0
I-69608;160108;LORETO;MAYNAS;PUNCHANA;-3.7243987;-73.2553423;5 de Diciembre / Monitor Huascar;LOCAL;DISTRITAL;DISTRITAL;0
I-12288;160108;LORETO;MAYNAS;PUNCHANA;-3.724428;-73.2518077;Calle Amazonas / Pilar Nires de Garica;LOCAL;DISTRITAL;DISTRITAL;0
I-615572;120303;JUNIN;CHANCHAMAYO;PICHANAQUI;-10.9192791;-74.7535353;Calle s / n / Calle s / n;VECINAL;PROVINCIAL;DISTRITAL;0
I-615573;120303;JUNIN;CHANCHAMAYO;PICHANAQUI;-10.9150285;-74.7509819;Calle s / n / Calle s / n;VECINAL;PROVINCIAL;DISTRITAL;0
I-615578;120303;JUNIN;CHANCHAMAYO;PICHANAQUI;-10.8936225;-74.757725;Calle s / n / Calle s / n;VECINAL;PROVINCIAL;DISTRITAL;0
I-235167;140113;LAMBAYEQUE;CHICLAYO;REQUE;-6.8808328;-79.8149054;Calle 13 / Calle 3;LOCAL;DISTRITAL;DISTRITAL;0
I-194911;100601;HUANUCO;LEONCIO PRADO;RUPA-RUPA;-9.2947512;-75.9957328;Avenida Amazonas / Jirón Aguaytia;LOCAL;DISTRITAL;PROVINCIAL;0
I-195463;100601;HUANUCO;LEONCIO PRADO;RUPA-RUPA;-9.2994126;-75.998563;Avenida Amazonas / Jirón Lamas;LOCAL;DISTRITAL;PROVINCIAL;0
I-194976;100601;HUANUCO;LEONCIO PRADO;RUPA-RUPA;-9.2928152;-75.9968552;Avenida Alameda Perú / Jirón Julio Burga;LOCAL;DISTRITAL;PROVINCIAL;0
I-194943;100601;HUANUCO;LEONCIO PRADO;RUPA-RUPA;-9.2910998;-75.9995506;Jirón Tingo María / Pasaje Tito Jaime Fernandez;LOCAL;DISTRITAL;PROVINCIAL;0
I-195022;100601;HUANUCO;LEONCIO PRADO;RUPA-RUPA;-9.3083443;-76.002337;Jirón Alfonso Ugarte / Jirón Túpac Amaru;LOCAL;DISTRITAL;PROVINCIAL;0
I-192689;110506;ICA;PISCO;SAN ANDRES;-13.7345882;-76.2229679;Calle Ica / Calle Mariscal Cáceres;LOCAL;DISTRITAL;DISTRITAL;0
I-192511;110506;ICA;PISCO;SAN ANDRES;-13.7313238;-76.2226183;Calle Independencia / Calle Miguel Grau;LOCAL;DISTRITAL;DISTRITAL;0
I-615580;120303;JUNIN;CHANCHAMAYO;PICHANAQUI;-10.9428448;-74.7321207;Calle s / n / Calle s / n;VECINAL;PROVINCIAL;DISTRITAL;0
I-433016;060901;CAJAMARCA;SAN IGNACIO;SAN IGNACIO;-5.1434224;-79.0020408;Jirón Comercio / Jirón Junin;LOCAL;DISTRITAL;PROVINCIAL;0
I-270202;060901;CAJAMARCA;SAN IGNACIO;SAN IGNACIO;-5.1473758;-79.0033775;Jirón Cuzco / Jirón El Carmen;LOCAL;DISTRITAL;PROVINCIAL;0
I-705138;150501;LIMA;CAÑETE;SAN VICENTE DE CAÑETE;-13.0800211;-76.3862175;Avenida 28 de Julio / Avenida José Galvez;LOCAL;DISTRITAL;PROVINCIAL;0
I-286170;211201;PUNO;SANDIA;SANDIA;-14.323442;-69.465498;Jirón Raymondi / Calle s / n;LOCAL;DISTRITAL;PROVINCIAL;0
I-286171;211201;PUNO;SANDIA;SANDIA;-14.3212936;-69.4668656;Jirón Garcilazo de la Vega / Jirón Manuel Quispe Fernandez / Jirón Pedro de Candia;LOCAL;DISTRITAL;PROVINCIAL;0
I-615793;120303;JUNIN;CHANCHAMAYO;PICHANAQUI;-10.9005326;-74.7370182;Calle s / n / Calle s / n;VECINAL;PROVINCIAL;DISTRITAL;0
I-615795;120303;JUNIN;CHANCHAMAYO;PICHANAQUI;-10.8846608;-74.7350226;Calle s / n / Calle s / n;VECINAL;PROVINCIAL;DISTRITAL;0
I-294021;050507;AYACUCHO;LA MAR;SANTA ROSA;-12.684327;-73.7331292;Avenida Del Ejército / Jirón Rosales;LOCAL;DISTRITAL;DISTRITAL;0
I-293920;050507;AYACUCHO;LA MAR;SANTA ROSA;-12.6859515;-73.7345505;Avenida Del Ejército / Jirón Libertad;LOCAL;DISTRITAL;DISTRITAL;0
I-123688;130207;LA LIBERTAD;ASCOPE;SANTIAGO DE CAO;-7.8900066;-79.220922;Calle Real / Calle s / n;LOCAL;DISTRITAL;DISTRITAL;0
I-262831;200208;PIURA;AYABACA;SAPILLICA;-4.7782781;-79.9827719;Calle Simón Bolívar / Calle Tumbes;LOCAL;DISTRITAL;DISTRITAL;0
I-9182;080601;CUSCO;CANCHIS;SICUANI;-14.2723018;-71.2298371;Avenida Centenario / Prolongación Cantenario;LOCAL;DISTRITAL;PROVINCIAL;0
I-9185;080601;CUSCO;CANCHIS;SICUANI;-14.2734586;-71.2325298;Jirón Clorinda Mattos / Jirón Micaela Bastidas;LOCAL;DISTRITAL;PROVINCIAL;0
I-50028;080601;CUSCO;CANCHIS;SICUANI;-14.2779573;-71.2292334;Avenida Arequipa / Jirón Luis Nieto;LOCAL;DISTRITAL;PROVINCIAL;0
I-50030;080601;CUSCO;CANCHIS;SICUANI;-14.2744839;-71.229365;Avenida Arequipa / Jirón Alonso Toledo / Jirón Wiracocha;LOCAL;DISTRITAL;PROVINCIAL;0
I-69858;080601;CUSCO;CANCHIS;SICUANI;-14.278127;-71.2239756;Avenida Perú / Jirón Abraham Valdelomar;LOCAL;DISTRITAL;PROVINCIAL;0
I-231063;200601;PIURA;SULLANA;SULLANA;-4.9118193;-80.7235914;Avenida Tangarará / Avenida Universitaria;LOCAL;DISTRITAL;PROVINCIAL;0
I-231132;200601;PIURA;SULLANA;SULLANA;-4.9152575;-80.7239317;Avenida Próceres / Avenida Tangarará;LOCAL;DISTRITAL;PROVINCIAL;0
I-231159;200601;PIURA;SULLANA;SULLANA;-4.9077475;-80.722822;Avenida Matínez Compañón y Gufanda / Avenida Tangarará;LOCAL;DISTRITAL;PROVINCIAL;0
I-351101;200601;PIURA;SULLANA;SULLANA;-4.905099;-80.7170354;Avenida Alejandro Dioses / Calle Pedro Miguel Arrese;LOCAL;DISTRITAL;PROVINCIAL;0
I-86141;230101;TACNA;TACNA;TACNA;-18.014253;-70.2492356;Avenida Francisco Bolognesi / Calle Ayacucho;LOCAL;DISTRITAL;PROVINCIAL;0
I-305953;230101;TACNA;TACNA;TACNA;-18.0117971;-70.2464564;Avenida Francisco Bolognesi / Calle Junín;LOCAL;DISTRITAL;PROVINCIAL;0
I-471153;230101;TACNA;TACNA;TACNA;-18.0025606;-70.2373144;Avenida Augusto Bernardino Leguía / Calle Cajamarca;LOCAL;DISTRITAL;PROVINCIAL;0
I-313601;130801;LA LIBERTAD;PATAZ;TAYABAMBA;-8.2753657;-77.2955853;Jirón Cahuide / Jirón Jose Galvez;LOCAL;DISTRITAL;PROVINCIAL;0
I-313609;130801;LA LIBERTAD;PATAZ;TAYABAMBA;-8.2772864;-77.2975211;Jirón Bolognesi / Calle s / n;LOCAL;DISTRITAL;PROVINCIAL;0
I-313616;130801;LA LIBERTAD;PATAZ;TAYABAMBA;-8.2719928;-77.298904;Jirón 2 de Mayo / Jirón Cesar Vallejo;LOCAL;DISTRITAL;PROVINCIAL;0
I-243814;240101;TUMBES;TUMBES;TUMBES;-3.5755964;-80.4179086;Avenida Presidente Fernando Belaúnde Terry / Calle Jeremías;LOCAL;DISTRITAL;PROVINCIAL;0
I-162038;070106;CALLAO;CALLAO;VENTANILLA;-11.8316561;-77.1319119;Avenida Pachacutec / Egipto / Honduras;LOCAL;DISTRITAL;DISTRITAL;0
I-200534;211301;PUNO;YUNGUYO;YUNGUYO;-16.2450405;-69.0951111;Avenida Ejercito / Jirón Huáscar;LOCAL;DISTRITAL;PROVINCIAL;0
I-200615;211301;PUNO;YUNGUYO;YUNGUYO;-16.2454796;-69.090549;Calle Alfonso Ugarte / Jirón Jose Olaya / Jirón Tapoje;LOCAL;DISTRITAL;PROVINCIAL;0
I-200643;211301;PUNO;YUNGUYO;YUNGUYO;-16.2449638;-69.0879969;Avenida 28 de Julio / Avenida Micaela Bastidas;LOCAL;DISTRITAL;PROVINCIAL;0
I-492495;110112;ICA;ICA;SUBTANJALLA;-14.018372;-75.7652824;Calle s / n / Calle s / n;VECINAL;PROVINCIAL;DISTRITAL;0
I-200631;211301;PUNO;YUNGUYO;YUNGUYO;-16.2503305;-69.0922208;Avenida Tupac Amaru / Jirón J. Heraud;LOCAL;DISTRITAL;PROVINCIAL;0
I-134088;180301;MOQUEGUA;ILO;ILO;-17.658639;-71.341433;Interseccion De Carretera Panamericana / Av. Pedro Huilca;LOCAL;DISTRITAL;PROVINCIAL;0
I-439851;150811;LIMA;HUAURA;SAYAN;-11.235412;-77.381778;Irrigacion Santa Rosa / Sayan;LOCAL;DISTRITAL;DISTRITAL;0
I-1041;080106;CUSCO;CUSCO;SANTIAGO;-13.535362;-71.985571;Ramiro Priale / Calle s / n;LOCAL;DISTRITAL;DISTRITAL;0
I-107046;150118;LIMA;LIMA;LURIGANCHO;-11.985421;-76.9387649;Avenida 9 de Setiembre / Calle s / n;LOCAL;DISTRITAL;DISTRITAL;1
I-46880;021809;ANCASH;SANTA;NUEVO CHIMBOTE;-9.1195088;-78.5232735;Av.Brasil Con Av.Country / Calle s / n;LOCAL;DISTRITAL;DISTRITAL;0
I-303609;040520;AREQUIPA;CAYLLOMA;MAJES;-16.3443884;-72.1770621;Av. Principal Oeste Y Este Con Calle Perimetral 1 (C.P. La Colina) / Calle s / n;LOCAL;DISTRITAL;DISTRITAL;0
I-112018;130104;LA LIBERTAD;TRUJILLO;HUANCHACO;-8.0319159;-79.0620929;Avenida Miguel Grau / Calle s / n;LOCAL;DISTRITAL;DISTRITAL;0
I-429893;120119;JUNIN;HUANCAYO;HUANCAN;-12.1167912;-75.206421;Calle s / n / Calle s / n;VECINAL;PROVINCIAL;DISTRITAL;0
I-116966;150113;LIMA;LIMA;JESUS MARIA;-12.0737912;-77.0468855;Avenida 6 de Agosto / Jirón Huáscar;LOCAL;DISTRITAL;DISTRITAL;1
I-117049;211101;PUNO;SAN ROMAN;JULIACA;-15.4933215;-70.1369602;Jirón Jauregui / Jirón Junín;LOCAL;DISTRITAL;PROVINCIAL;1
I-475821;040112;AREQUIPA;AREQUIPA;PAUCARPATA;-16.40791;-71.476937;Prolongacion Miguel Grau Con Calle Tupac Amaru / Calle s / n;LOCAL;DISTRITAL;DISTRITAL;1
I-522165;040520;AREQUIPA;CAYLLOMA;MAJES;-16.3526;-72.208816;Asociación Villa Inductrial Mz. D Lote 01 Pedregal / Calle s / n;LOCAL;DISTRITAL;DISTRITAL;1
I-12276;160101;LORETO;MAYNAS;IQUITOS;-3.7402302;-73.2517907;Calle Iquitos / Calle s / n;LOCAL;DISTRITAL;PROVINCIAL;1
I-12363;080901;CUSCO;LA CONVENCION;SANTA ANA;-12.863317;-72.695206;I.E. N° 50226 / La Inmaculada;LOCAL;DISTRITAL;PROVINCIAL;0
I-127101;150111;LIMA;LIMA;EL AGUSTINO;-12.0328758;-76.9970204;Avenida Bosque Huanca / Calle s / n;LOCAL;DISTRITAL;DISTRITAL;1
I-129486;250101;UCAYALI;CORONEL PORTILLO;CALLERIA;-8.3625107;-74.552241;Los Libertadores / Calle s / n;LOCAL;DISTRITAL;PROVINCIAL;1
I-283895;050116;AYACUCHO;HUAMANGA;ANDRES AVELINO CACERES DORREGARAY;-13.1379229;-74.1895613;Calle s / n / Calle s / n;VECINAL;PROVINCIAL;DISTRITAL;0
I-283898;050116;AYACUCHO;HUAMANGA;ANDRES AVELINO CACERES DORREGARAY;-13.1529013;-74.1948981;Calle s / n / Calle s / n;VECINAL;PROVINCIAL;DISTRITAL;0
I-132509;250107;UCAYALI;CORONEL PORTILLO;MANANTAY;-8.3996103;-74.5347843;Los Ceticos / Calle s / n;LOCAL;DISTRITAL;DISTRITAL;1
I-133354;080105;CUSCO;CUSCO;SAN SEBASTIAN;-13.544969;-71.9555652;Calle Daniel Estrada Pérez / Calle s / n;LOCAL;DISTRITAL;DISTRITAL;1
I-688620;210102;PUNO;PUNO;ACORA;-16.0523994;-69.7001277;Calle s / n / Calle s / n;LOCAL;DISTRITAL;DISTRITAL;0
I-220329;240302;TUMBES;ZARUMILLA;AGUAS VERDES;-3.4850668;-80.2607702;Avenida España / Calle s / n;LOCAL;DISTRITAL;DISTRITAL;0
I-134036;180301;MOQUEGUA;ILO;ILO;-17.6581671;-71.3372669;Calle Agustín Gamarra / Calle s / n;LOCAL;DISTRITAL;PROVINCIAL;1
I-283899;050116;AYACUCHO;HUAMANGA;ANDRES AVELINO CACERES DORREGARAY;-13.1476355;-74.1929479;Calle s / n / Calle s / n;VECINAL;PROVINCIAL;DISTRITAL;0
I-134874;180301;MOQUEGUA;ILO;ILO;-17.640678;-71.312487;Ingreso Al Distrito De Algarrobal / Calle s / n;LOCAL;DISTRITAL;PROVINCIAL;0
I-283900;050116;AYACUCHO;HUAMANGA;ANDRES AVELINO CACERES DORREGARAY;-13.1468196;-74.1920251;Calle s / n / Calle s / n;VECINAL;PROVINCIAL;DISTRITAL;0
I-476749;040117;AREQUIPA;AREQUIPA;SACHACA;-16.4245836;-71.5873919;Avenida Progreso / Calle s / n;VECINAL;PROVINCIAL;DISTRITAL;0
I-555471;140120;LAMBAYEQUE;CHICLAYO;TUMAN;-6.7616288;-79.7091539;Calle s / n / Calle s / n;VECINAL;PROVINCIAL;DISTRITAL;0
I-223903;140120;LAMBAYEQUE;CHICLAYO;TUMAN;-6.6908033;-79.7024575;Calle s / n / Calle s / n;VECINAL;PROVINCIAL;DISTRITAL;0
I-223904;140120;LAMBAYEQUE;CHICLAYO;TUMAN;-6.6902876;-79.693757;Calle s / n / Calle s / n;VECINAL;PROVINCIAL;DISTRITAL;0
I-223916;140120;LAMBAYEQUE;CHICLAYO;TUMAN;-6.6869884;-79.705396;Calle s / n / Calle s / n;VECINAL;PROVINCIAL;DISTRITAL;0
I-14018;070102;CALLAO;CALLAO;BELLAVISTA;-12.0549833;-77.1046476;Avenida Óscar Raimundo Benavides / Calle s / n;LOCAL;DISTRITAL;DISTRITAL;1
I-140862;030201;APURIMAC;ANDAHUAYLAS;ANDAHUAYLAS;-13.6599299;-73.3734491;Avenida Malinas / Calle s / n;LOCAL;DISTRITAL;PROVINCIAL;1
I-223918;140120;LAMBAYEQUE;CHICLAYO;TUMAN;-6.6922831;-79.7036186;Camino Luya / Calle s / n;VECINAL;PROVINCIAL;DISTRITAL;0
I-223920;140120;LAMBAYEQUE;CHICLAYO;TUMAN;-6.6906458;-79.7052787;Calle s / n / Calle s / n;VECINAL;PROVINCIAL;DISTRITAL;0
I-146589;170101;MADRE DE DIOS;TAMBOPATA;TAMBOPATA;-12.5875353;-69.1964171;Avenida Fitzcarrald / Calle s / n;LOCAL;DISTRITAL;PROVINCIAL;1
I-426643;030213;APURIMAC;ANDAHUAYLAS;SAN JERONIMO;-13.6697174;-73.3475072;Calle s / n / Calle s / n;VECINAL;PROVINCIAL;DISTRITAL;0
I-148969;150118;LIMA;LIMA;LURIGANCHO;-12.0069685;-76.8785863;Calle 32 / Calle s / n;LOCAL;DISTRITAL;DISTRITAL;1
I-155579;150123;LIMA;LIMA;PACHACAMAC;-12.121488;-76.877131;Ca. Las Aguas Marinas / Ca. Las Perlas;LOCAL;DISTRITAL;DISTRITAL;0
I-472982;040105;AREQUIPA;AREQUIPA;CHARACATO;-16.4764167;-71.4922931;Calle s / n / Calle s / n;VECINAL;PROVINCIAL;DISTRITAL;0
I-161616;070106;CALLAO;CALLAO;VENTANILLA;-11.8482011;-77.1375371;Avenida 200 Millas / Calle s / n;LOCAL;DISTRITAL;DISTRITAL;0
I-162309;070106;CALLAO;CALLAO;VENTANILLA;-11.8465279;-77.1340468;Prolongación Avenida 225 / Calle s / n;LOCAL;DISTRITAL;DISTRITAL;1
I-165230;070107;CALLAO;CALLAO;MI PERU;-11.856274;-77.1208849;Avenida Puno / Calle s / n;LOCAL;DISTRITAL;DISTRITAL;1
I-36582;140113;LAMBAYEQUE;CHICLAYO;REQUE;-6.8657542;-79.8189836;Calle Elías Aguirre / Calle Miguel Grau;VECINAL;PROVINCIAL;DISTRITAL;0
I-17019;150108;LIMA;LIMA;CHORRILLOS;-12.17003;-77.0247677;Avenida Oscar de la Barrera / Calle s / n;LOCAL;DISTRITAL;DISTRITAL;1
I-17047;220101;SAN MARTIN;MOYOBAMBA;MOYOBAMBA;-6.0367039;-76.9809405;Jirón Miraflores / Calle s / n;LOCAL;DISTRITAL;PROVINCIAL;1
I-766265;140113;LAMBAYEQUE;CHICLAYO;REQUE;-6.8238853;-79.752228;Calle s / n / Calle s / n;VECINAL;PROVINCIAL;DISTRITAL;0
I-140965;030201;APURIMAC;ANDAHUAYLAS;ANDAHUAYLAS;-13.6576551;-73.4121153;Avenida Ayacucho / Calle s / n;LOCAL;DISTRITAL;PROVINCIAL;0
I-140993;030201;APURIMAC;ANDAHUAYLAS;ANDAHUAYLAS;-13.6574647;-73.4046943;Avenida Ayacucho / Calle s / n;LOCAL;DISTRITAL;PROVINCIAL;0
I-177670;060301;CAJAMARCA;CELENDIN;CELENDIN;-6.8652717;-78.1423511;Jirón Unión / Calle s / n;LOCAL;DISTRITAL;PROVINCIAL;1
I-178101;210501;PUNO;EL COLLAO;ILAVE;-16.0827617;-69.6449433;Jirón Bolognesi / Calle s / n;LOCAL;DISTRITAL;PROVINCIAL;1
I-178434;210501;PUNO;EL COLLAO;ILAVE;-16.0853699;-69.6412003;Avenida Puno / Calle s / n;LOCAL;DISTRITAL;PROVINCIAL;1
I-63774;110106;ICA;ICA;PARCONA;-14.0579115;-75.7229694;Av. Siete Con Pasj. Vista Alegre / Calle s / n;LOCAL;DISTRITAL;DISTRITAL;0
I-180511;060401;CAJAMARCA;CHOTA;CHOTA;-6.5679001;-78.648981;Pasaje Eucaliptos / Calle s / n;LOCAL;DISTRITAL;PROVINCIAL;1
I-186164;120401;JUNIN;JAUJA;JAUJA;-11.7724676;-75.4919586;Av Evitamiento Con Av Clodoaldo Espinoza Bravo / Calle s / n;LOCAL;DISTRITAL;PROVINCIAL;0
I-183994;131201;LA LIBERTAD;VIRU;VIRU;-8.4213782;-78.7753704;Avenida Virú / Calle s / n;LOCAL;DISTRITAL;PROVINCIAL;1
I-184081;150501;LIMA;CAÑETE;SAN VICENTE DE CAÑETE;-13.075683;-76.388548;Av. Libertadores / Calle s / n;LOCAL;DISTRITAL;PROVINCIAL;0
I-18424;200101;PIURA;PIURA;PIURA;-5.1904469;-80.6279356;Avenida Loreto / Calle Cajamarca;LOCAL;DISTRITAL;PROVINCIAL;1
I-171607;050116;AYACUCHO;HUAMANGA;ANDRES AVELINO CACERES DORREGARAY;-13.1564843;-74.1977859;Avenida Daniel A Carrion / Calle Ecuador;LOCAL;DISTRITAL;DISTRITAL;1
I-187151;210101;PUNO;PUNO;PUNO;-15.8464832;-70.0235637;Jr. Jose M Moral / Calle s / n;LOCAL;DISTRITAL;PROVINCIAL;1
I-190604;110301;ICA;NASCA;NASCA;-14.8373391;-74.9356961;Avenida Los Paredones / Calle s / n;LOCAL;DISTRITAL;PROVINCIAL;2
I-191385;150810;LIMA;HUAURA;SANTA MARIA;-11.0934513;-77.573771;Avenida Libertad / Calle s / n;LOCAL;DISTRITAL;DISTRITAL;1
I-191659;110501;ICA;PISCO;PISCO;-13.7176754;-76.1948345;Avenida Las Américas / Calle s / n;LOCAL;DISTRITAL;PROVINCIAL;1
I-197551;040110;AREQUIPA;AREQUIPA;MIRAFLORES;-16.4007476;-71.5162335;Avenida Venezuela / Calle s / n;LOCAL;DISTRITAL;DISTRITAL;1
I-371242;040101;AREQUIPA;AREQUIPA;AREQUIPA;-16.4103957;-71.5513085;Calle s / n / Calle s / n;LOCAL;DISTRITAL;PROVINCIAL;1
I-474670;040101;AREQUIPA;AREQUIPA;AREQUIPA;-16.4192364;-71.538601;Calle s / n / Calle s / n;LOCAL;DISTRITAL;PROVINCIAL;1
I-199583;200705;PIURA;TALARA;LOS ORGANOS;-4.180259;-81.125869;Calle  29 Y Calle Pachacutec (Calle 10) / Calle s / n;LOCAL;DISTRITAL;DISTRITAL;0
I-199585;200705;PIURA;TALARA;LOS ORGANOS;-4.179285;-81.126873;Calle 29 Y Calle 6 / Calle s / n;LOCAL;DISTRITAL;DISTRITAL;0
I-199687;200705;PIURA;TALARA;LOS ORGANOS;-4.1751127;-81.127615;Malecón de los Próceres / Calle s / n;LOCAL;DISTRITAL;DISTRITAL;1
I-221807;140307;LAMBAYEQUE;LAMBAYEQUE;MOTUPE;-6.1571722;-79.7196043;Calle Miguel Grau / Prolongación Progreso;VECINAL;PROVINCIAL;DISTRITAL;0
I-684525;140307;LAMBAYEQUE;LAMBAYEQUE;MOTUPE;-6.2492825;-79.7351954;Calle s / n / Calle s / n;VECINAL;PROVINCIAL;DISTRITAL;0
I-697273;200202;PIURA;AYABACA;FRIAS;-4.9261491;-79.8191022;Calle s / n / Calle s / n;VECINAL;PROVINCIAL;DISTRITAL;0
I-697274;200202;PIURA;AYABACA;FRIAS;-4.9158923;-79.8254097;Calle s / n / Calle s / n;VECINAL;PROVINCIAL;DISTRITAL;0
I-206927;050401;AYACUCHO;HUANTA;HUANTA;-12.9346822;-74.2496113;Jirón Puno / Calle s / n;LOCAL;DISTRITAL;PROVINCIAL;1
I-138482;150103;LIMA;LIMA;ATE;-12.0422334;-76.9049572;Avenida Esperanza / Calle Los Milagros;LOCAL;DISTRITAL;DISTRITAL;1
I-697290;200202;PIURA;AYABACA;FRIAS;-4.926856;-79.819939;Calle s / n / Calle s / n;VECINAL;PROVINCIAL;DISTRITAL;0
I-151339;150103;LIMA;LIMA;ATE;-12.0303079;-76.9259884;Calle Mar de las Antillas / Calle Mar Caribe;LOCAL;DISTRITAL;DISTRITAL;1
I-21444;250101;UCAYALI;CORONEL PORTILLO;CALLERIA;-8.3909007;-74.5508908;Lloque Yupanqui / Calle s / n;LOCAL;DISTRITAL;PROVINCIAL;1
I-718345;200202;PIURA;AYABACA;FRIAS;-4.9354261;-79.8606786;Calle s / n / Calle s / n;VECINAL;PROVINCIAL;DISTRITAL;0
I-222509;100101;HUANUCO;HUANUCO;HUANUCO;-9.9344671;-76.2432554;Jirón Mayro / Calle s / n;LOCAL;DISTRITAL;PROVINCIAL;1
I-227297;150125;LIMA;LIMA;PUENTE PIEDRA;-11.8286773;-77.1101644;Calle Las Palmeras / Calle Los Claveles;LOCAL;DISTRITAL;DISTRITAL;1
I-699912;200202;PIURA;AYABACA;FRIAS;-4.874338;-79.8818305;Calle s / n / Calle s / n;VECINAL;PROVINCIAL;DISTRITAL;0
I-229357;200110;PIURA;PIURA;LA UNION;-5.390112;-80.739432;Calle Juan Velasco Con Chira Piura / Calle s / n;LOCAL;DISTRITAL;DISTRITAL;0
I-229373;200110;PIURA;PIURA;LA UNION;-5.404649;-80.747339;Jr Atahualpa Con Calle 03 / Calle s / n;LOCAL;DISTRITAL;DISTRITAL;0
I-230047;200706;PIURA;TALARA;MANCORA;-4.1037679;-81.0472323;Calle Virgen del Mar / Calle s / n;LOCAL;DISTRITAL;DISTRITAL;1
I-23211;250105;UCAYALI;CORONEL PORTILLO;YARINACOCHA;-8.3729837;-74.5996841;2 de Mayo / Calle s / n;LOCAL;DISTRITAL;DISTRITAL;1
I-234008;211101;PUNO;SAN ROMAN;JULIACA;-15.5252967;-70.1185832;Autopista Mártires del 4 de Noviembre / Calle s / n;LOCAL;DISTRITAL;PROVINCIAL;1
I-699913;200202;PIURA;AYABACA;FRIAS;-4.8739505;-79.8834801;Calle s / n / Calle s / n;VECINAL;PROVINCIAL;DISTRITAL;0
I-699924;200202;PIURA;AYABACA;FRIAS;-4.8800565;-79.8760898;Calle s / n / Calle s / n;VECINAL;PROVINCIAL;DISTRITAL;0
I-238382;130702;LA LIBERTAD;PACASMAYO;GUADALUPE;-7.3093809;-79.4845823;Calle Las Palmeras / Calle s / n;LOCAL;DISTRITAL;DISTRITAL;1
I-70168;160112;LORETO;MAYNAS;BELEN;-3.7712791;-73.2634821;Calle s / n / Calle s / n;LOCAL;DISTRITAL;DISTRITAL;1
I-70193;160112;LORETO;MAYNAS;BELEN;-3.7709101;-73.2638613;Calle s / n / Calle s / n;LOCAL;DISTRITAL;DISTRITAL;1
I-699956;200202;PIURA;AYABACA;FRIAS;-4.904518;-79.8245198;Calle s / n / Calle s / n;VECINAL;PROVINCIAL;DISTRITAL;0
I-289715;060802;CAJAMARCA;JAEN;BELLAVISTA;-5.6621995;-78.6781168;Calle s / n / Calle s / n;LOCAL;DISTRITAL;DISTRITAL;0
I-178190;210102;PUNO;PUNO;ACORA;-16.0101652;-69.6266701;Calle s / n / Calle s / n;VECINAL;PROVINCIAL;DISTRITAL;0
I-243816;240101;TUMBES;TUMBES;TUMBES;-3.5813289;-80.4113334;Avenida Presidente Fernando Belaúnde Terry / Calle s / n;LOCAL;DISTRITAL;PROVINCIAL;1
I-547251;210102;PUNO;PUNO;ACORA;-16.0557351;-69.6767244;Calle s / n / Calle s / n;VECINAL;PROVINCIAL;DISTRITAL;0
I-251222;150133;LIMA;LIMA;SAN JUAN DE MIRAFLORES;-12.1863026;-76.9795404;Avenida La Unión / Calle s / n;LOCAL;DISTRITAL;DISTRITAL;1
I-252662;250105;UCAYALI;CORONEL PORTILLO;YARINACOCHA;-8.3745276;-74.5653321;Antigua Carretera a Yarinacocha / Calle s / n;LOCAL;DISTRITAL;DISTRITAL;1
I-252943;070101;CALLAO;CALLAO;CALLAO;-12.0195785;-77.1015057;Avenida Paseo Japón / Avenida Tomás Valle;LOCAL;DISTRITAL;PROVINCIAL;1
I-547252;210102;PUNO;PUNO;ACORA;-16.0510358;-69.6787074;Calle s / n / Calle s / n;VECINAL;PROVINCIAL;DISTRITAL;0
I-547253;210102;PUNO;PUNO;ACORA;-16.039559;-69.6844832;Calle s / n / Calle s / n;VECINAL;PROVINCIAL;DISTRITAL;0
I-260829;200801;PIURA;SECHURA;SECHURA;-5.5630618;-80.8116164;Avenida Colonial / Calle s / n;LOCAL;DISTRITAL;PROVINCIAL;1
I-261243;021809;ANCASH;SANTA;NUEVO CHIMBOTE;-9.1115779;-78.5459167;Avenida Victor Raúl Haya de la Torre / Calle s / n;LOCAL;DISTRITAL;DISTRITAL;1
I-261416;110108;ICA;ICA;SALAS;-13.9299445;-75.9222332;Calle Camaná / Calle s / n;LOCAL;DISTRITAL;DISTRITAL;1
I-805055;070101;CALLAO;CALLAO;CALLAO;-12.0503587;-77.1217477;Calle s / n / Calle s / n;LOCAL;DISTRITAL;PROVINCIAL;0
I-261485;200115;PIURA;PIURA;VEINTISEIS DE OCTUBRE;-5.1794732;-80.6782946;Avenida Grau / Calle s / n;LOCAL;DISTRITAL;DISTRITAL;1
I-547254;210102;PUNO;PUNO;ACORA;-16.0546361;-69.6771447;Calle s / n / Calle s / n;VECINAL;PROVINCIAL;DISTRITAL;0
I-265910;131201;LA LIBERTAD;VIRU;VIRU;-8.40496;-78.821048;Calle Venturo García / César Vallejo;LOCAL;DISTRITAL;PROVINCIAL;0
I-266376;040104;AREQUIPA;AREQUIPA;CERRO COLORADO;-16.3460551;-71.6061943;Autopista La Joya - Arequipa / Calle s / n;LOCAL;DISTRITAL;DISTRITAL;1
I-266980;160601;LORETO;UCAYALI;CONTAMANA;-7.3436291;-75.0059424;Jirón Julián Álvarez / Calle s / n;LOCAL;DISTRITAL;PROVINCIAL;0
I-547255;210102;PUNO;PUNO;ACORA;-16.0406598;-69.6771248;Calle s / n / Calle s / n;VECINAL;PROVINCIAL;DISTRITAL;0
I-547282;210102;PUNO;PUNO;ACORA;-16.0341129;-69.7572719;Calle s / n / Calle s / n;VECINAL;PROVINCIAL;DISTRITAL;0
I-547283;210102;PUNO;PUNO;ACORA;-16.0327134;-69.7549737;Calle s / n / Calle s / n;VECINAL;PROVINCIAL;DISTRITAL;0
I-547291;210102;PUNO;PUNO;ACORA;-16.0001924;-69.7527389;Calle s / n / Calle s / n;VECINAL;PROVINCIAL;DISTRITAL;0
I-2798;150141;LIMA;LIMA;SURQUILLO;-12.1112004;-77.023505;Jirón Dante / Jirón Lizardo Montero;LOCAL;DISTRITAL;DISTRITAL;1
I-347312;200104;PIURA;PIURA;CASTILLA;-5.1888709;-80.5684292;Calle s / n / Calle s / n;LOCAL;DISTRITAL;DISTRITAL;1
I-366800;200104;PIURA;PIURA;CASTILLA;-5.1911724;-80.5827548;Calle s / n / Calle s / n;LOCAL;DISTRITAL;DISTRITAL;1
I-530340;200104;PIURA;PIURA;CASTILLA;-5.2061135;-80.5773734;Calle s / n / Calle s / n;LOCAL;DISTRITAL;DISTRITAL;1
I-65021;200104;PIURA;PIURA;CASTILLA;-5.1807959;-80.598771;Calle s / n / Calle s / n;LOCAL;DISTRITAL;DISTRITAL;1
I-238744;200105;PIURA;PIURA;CATACAOS;-5.2836997;-80.6312591;Calle s / n / Calle s / n;LOCAL;DISTRITAL;DISTRITAL;1
I-265080;210301;PUNO;CARABAYA;MACUSANI;-13.9235642;-70.5132752;Calle s / n / Calle s / n;VECINAL;PROVINCIAL;PROVINCIAL;0
I-71879;200105;PIURA;PIURA;CATACAOS;-5.2447973;-80.6753711;Calle s / n / Calle s / n;LOCAL;DISTRITAL;DISTRITAL;0
I-224216;210301;PUNO;CARABAYA;MACUSANI;-13.9928216;-70.4567585;Calle s / n / Calle s / n;VECINAL;PROVINCIAL;PROVINCIAL;0
I-447088;021803;ANCASH;SANTA;COISHCO;-9.0280188;-78.6110034;Antigua Panamericana Norte / Calle s / n;VECINAL;PROVINCIAL;DISTRITAL;0
I-496461;021803;ANCASH;SANTA;COISHCO;-9.0231491;-78.6177379;Jirón San Martín / Calle s / n;VECINAL;PROVINCIAL;DISTRITAL;0
I-496463;021803;ANCASH;SANTA;COISHCO;-9.021644;-78.6210718;Calle s / n / Calle s / n;VECINAL;PROVINCIAL;DISTRITAL;0
I-442250;021803;ANCASH;SANTA;COISHCO;-9.0258256;-78.6117522;Antigua Panamericana Norte / Calle s / n;VECINAL;PROVINCIAL;DISTRITAL;0
I-29155;150135;LIMA;LIMA;SAN MARTIN DE PORRES;-12.0235681;-77.0803136;Jirón Thomas Cochrane / Jirón Victor Navarro;LOCAL;DISTRITAL;DISTRITAL;1
I-561775;140116;LAMBAYEQUE;CHICLAYO;CAYALTI;-6.8848773;-79.5302243;Calle s / n / Calle s / n;LOCAL;DISTRITAL;DISTRITAL;1
I-397387;040103;AREQUIPA;AREQUIPA;CAYMA;-16.3329756;-71.5520051;Calle s / n / Calle s / n;LOCAL;DISTRITAL;DISTRITAL;1
I-406456;040103;AREQUIPA;AREQUIPA;CAYMA;-16.2955655;-71.5450542;Calle s / n / Calle s / n;LOCAL;DISTRITAL;DISTRITAL;1
I-407604;040103;AREQUIPA;AREQUIPA;CAYMA;-16.3214292;-71.5442175;Calle s / n / Calle s / n;LOCAL;DISTRITAL;DISTRITAL;0
I-79205;040103;AREQUIPA;AREQUIPA;CAYMA;-16.3908791;-71.5486641;Calle s / n / Calle s / n;LOCAL;DISTRITAL;DISTRITAL;1
I-334397;040104;AREQUIPA;AREQUIPA;CERRO COLORADO;-16.3246546;-71.6106978;Calle s / n / Calle s / n;LOCAL;DISTRITAL;DISTRITAL;1
I-62399;110110;ICA;ICA;SAN JUAN BAUTISTA;-14.0300868;-75.7379605;Calle s / n / Calle s / n;VECINAL;PROVINCIAL;DISTRITAL;0
I-490631;110110;ICA;ICA;SAN JUAN BAUTISTA;-14.0269422;-75.7352301;Avenida Jorge Chávez / Calle s / n;VECINAL;PROVINCIAL;DISTRITAL;0
I-302592;040520;AREQUIPA;CAYLLOMA;MAJES;-16.3633407;-72.1897523;Avenida 3 de Octubre / Calle Municipal;LOCAL;DISTRITAL;DISTRITAL;1
I-107799;150133;LIMA;LIMA;SAN JUAN DE MIRAFLORES;-12.163656;-76.983256;Av. El Bosque Canevaro / Ca. Los Rosales;LOCAL;DISTRITAL;DISTRITAL;0
I-77526;040104;AREQUIPA;AREQUIPA;CERRO COLORADO;-16.3234029;-71.5941413;Calle s / n / Calle s / n;LOCAL;DISTRITAL;DISTRITAL;1
I-490629;110110;ICA;ICA;SAN JUAN BAUTISTA;-14.0258685;-75.7346654;Avenida Jorge Chávez / Calle s / n;VECINAL;PROVINCIAL;DISTRITAL;0
I-77699;040104;AREQUIPA;AREQUIPA;CERRO COLORADO;-16.3451574;-71.5844237;Calle s / n / Calle s / n;LOCAL;DISTRITAL;DISTRITAL;1
I-186354;040208;AREQUIPA;CAMANA;SAMUEL PASTOR;-16.6136415;-72.7043187;Avenida 3 de Noviembre / Avenida La Cordova;VECINAL;PROVINCIAL;DISTRITAL;0
I-109225;150123;LIMA;LIMA;PACHACAMAC;-12.092889;-76.883314;Av. Los Claveles Altos / Av. 1;LOCAL;DISTRITAL;DISTRITAL;0
I-314456;130403;LA LIBERTAD;CHEPEN;PUEBLO NUEVO;-7.1852164;-79.5184175;Avenida Alameda / Calle s / n;LOCAL;DISTRITAL;DISTRITAL;1
I-571328;120905;JUNIN;CHUPACA;HUAMANCACA CHICO;-12.0835191;-75.2524976;Calle s / n / Calle s / n;VECINAL;PROVINCIAL;DISTRITAL;0
I-571314;120905;JUNIN;CHUPACA;HUAMANCACA CHICO;-12.0843857;-75.2533333;Calle s / n / Calle s / n;VECINAL;PROVINCIAL;DISTRITAL;0
I-647340;130403;LA LIBERTAD;CHEPEN;PUEBLO NUEVO;-7.2093925;-79.5180013;Calle s / n / Calle s / n;VECINAL;PROVINCIAL;DISTRITAL;0
I-556684;150605;LIMA;HUARAL;CHANCAY;-11.5607181;-77.2649006;Calle s / n / Calle s / n;LOCAL;DISTRITAL;DISTRITAL;0
I-647338;130403;LA LIBERTAD;CHEPEN;PUEBLO NUEVO;-7.202858;-79.5165719;Calle s / n / Calle s / n;VECINAL;PROVINCIAL;DISTRITAL;0
I-647319;130403;LA LIBERTAD;CHEPEN;PUEBLO NUEVO;-7.2111789;-79.5151982;Calle s / n / Calle s / n;VECINAL;PROVINCIAL;DISTRITAL;0
I-647322;130403;LA LIBERTAD;CHEPEN;PUEBLO NUEVO;-7.2043143;-79.5167094;Calle s / n / Calle s / n;VECINAL;PROVINCIAL;DISTRITAL;0
I-353265;131202;LA LIBERTAD;VIRU;CHAO;-8.5043798;-78.6859685;Calle s / n / Calle s / n;LOCAL;DISTRITAL;DISTRITAL;1
I-734416;131202;LA LIBERTAD;VIRU;CHAO;-8.5502954;-78.6727299;Calle s / n / Calle s / n;LOCAL;DISTRITAL;DISTRITAL;1
I-795016;131202;LA LIBERTAD;VIRU;CHAO;-8.5486287;-78.6545133;Calle s / n / Calle s / n;LOCAL;DISTRITAL;DISTRITAL;1
I-795507;131202;LA LIBERTAD;VIRU;CHAO;-8.5489298;-78.6546662;Calle s / n / Calle s / n;LOCAL;DISTRITAL;DISTRITAL;1
I-277146;030602;APURIMAC;CHINCHEROS;ANCO_HUALLO;-13.5437621;-73.6781174;Calle s / n / Calle s / n;VECINAL;PROVINCIAL;DISTRITAL;0
I-32214;080105;CUSCO;CUSCO;SAN SEBASTIAN;-13.5328376;-71.9125613;Avenida de la Cultura / Calle s / n;LOCAL;DISTRITAL;DISTRITAL;1
I-277322;030602;APURIMAC;CHINCHEROS;ANCO_HUALLO;-13.5533948;-73.6925759;Calle s / n / Calle s / n;VECINAL;PROVINCIAL;DISTRITAL;0
I-326982;100101;HUANUCO;HUANUCO;HUANUCO;-9.9389336;-76.2550199;Calle Visagaga / Calle s / n;LOCAL;DISTRITAL;PROVINCIAL;1
I-71099;190101;PASCO;PASCO;CHAUPIMARCA;-10.687853;-76.2507325;Calle s / n / Calle s / n;LOCAL;DISTRITAL;PROVINCIAL;1
I-328947;210101;PUNO;PUNO;PUNO;-15.8701052;-69.9868149;Avenida Orgullo Aymara / Calle s / n;LOCAL;DISTRITAL;PROVINCIAL;1
I-329659;040129;AREQUIPA;AREQUIPA;JOSE LUIS BUSTAMANTE Y RIVERO;-16.4307543;-71.5406044;Avenida de las Convenciones / Calle s / n;LOCAL;DISTRITAL;DISTRITAL;1
I-463015;040702;AREQUIPA;ISLAY;COCACHACRA;-17.0749807;-71.72237;Calle s / n / Calle s / n;VECINAL;PROVINCIAL;DISTRITAL;0
I-370449;040702;AREQUIPA;ISLAY;COCACHACRA;-17.0816098;-71.7569595;Calle s / n / Calle s / n;VECINAL;PROVINCIAL;DISTRITAL;0
I-226599;130401;LA LIBERTAD;CHEPEN;CHEPEN;-7.220695;-79.4324131;Jirón El Inca / Calle s / n;LOCAL;DISTRITAL;PROVINCIAL;0
I-361837;130401;LA LIBERTAD;CHEPEN;CHEPEN;-7.2396575;-79.3998902;Avenida 28 de Julio / Calle s / n;LOCAL;DISTRITAL;PROVINCIAL;0
I-368187;040702;AREQUIPA;ISLAY;COCACHACRA;-16.9855666;-71.6274265;Calle s / n / Calle s / n;VECINAL;PROVINCIAL;DISTRITAL;0
I-336665;140101;LAMBAYEQUE;CHICLAYO;CHICLAYO;-6.7878966;-79.8702939;Prolongación Avenida Francisco Bolognesi / Calle s / n;LOCAL;DISTRITAL;PROVINCIAL;1
I-538030;130803;LA LIBERTAD;PATAZ;CHILLIA;-8.1203901;-77.5146362;Jirón Comercio / Calle s / n;LOCAL;DISTRITAL;DISTRITAL;0
I-368181;040702;AREQUIPA;ISLAY;COCACHACRA;-16.9871776;-71.6317542;Calle s / n / Calle s / n;VECINAL;PROVINCIAL;DISTRITAL;0
I-35181;150130;LIMA;LIMA;SAN BORJA;-12.087096;-77.005652;Ca. De Las Letras / Ca. De La Poesia;LOCAL;DISTRITAL;DISTRITAL;0
I-354205;200101;PIURA;PIURA;PIURA;-5.1824155;-80.6308555;Avenida Andrés Avelino Cáceres / Calle s / n;LOCAL;DISTRITAL;PROVINCIAL;1
I-368177;040702;AREQUIPA;ISLAY;COCACHACRA;-16.9864016;-71.6305808;Calle s / n / Calle s / n;VECINAL;PROVINCIAL;DISTRITAL;0
I-662417;060802;CAJAMARCA;JAEN;BELLAVISTA;-5.5407565;-78.9073753;Calle s / n / Calle s / n;VECINAL;PROVINCIAL;DISTRITAL;0
I-396088;120901;JUNIN;CHUPACA;CHUPACA;-12.0884904;-75.2858292;Calle s / n / Calle s / n;LOCAL;DISTRITAL;PROVINCIAL;1
I-662416;060802;CAJAMARCA;JAEN;BELLAVISTA;-5.5374975;-78.9026765;Calle s / n / Calle s / n;VECINAL;PROVINCIAL;DISTRITAL;0
I-35703;140301;LAMBAYEQUE;LAMBAYEQUE;LAMBAYEQUE;-6.7068799;-79.9136034;José Olaya / Calle s / n;LOCAL;DISTRITAL;PROVINCIAL;1
I-360016;110501;ICA;PISCO;PISCO;-13.7112716;-76.1869066;Avenida Fermín Tangüis / Calle s / n;LOCAL;DISTRITAL;PROVINCIAL;1
I-137670;150109;LIMA;LIMA;CIENEGUILLA;-12.0906108;-76.7750452;Calle 23 / Calle s / n;LOCAL;DISTRITAL;DISTRITAL;1
I-662360;060802;CAJAMARCA;JAEN;BELLAVISTA;-5.5325682;-78.8999681;Calle s / n / Calle s / n;VECINAL;PROVINCIAL;DISTRITAL;0
I-385753;150109;LIMA;LIMA;CIENEGUILLA;-12.0729587;-76.8748257;Calle s / n / Calle s / n;LOCAL;DISTRITAL;DISTRITAL;1
I-662048;060802;CAJAMARCA;JAEN;BELLAVISTA;-5.5061297;-78.9048225;Calle s / n / Calle s / n;VECINAL;PROVINCIAL;DISTRITAL;0
I-385660;150109;LIMA;LIMA;CIENEGUILLA;-12.0858027;-76.8629294;Calle s / n / Calle s / n;LOCAL;DISTRITAL;DISTRITAL;0
I-426051;150109;LIMA;LIMA;CIENEGUILLA;-12.0867483;-76.8526075;Calle s / n / Calle s / n;LOCAL;DISTRITAL;DISTRITAL;0
I-662047;060802;CAJAMARCA;JAEN;BELLAVISTA;-5.5058917;-78.8955771;Calle s / n / Calle s / n;VECINAL;PROVINCIAL;DISTRITAL;0
I-583894;150109;LIMA;LIMA;CIENEGUILLA;-12.0853206;-76.8548874;Calle s / n / Calle s / n;LOCAL;DISTRITAL;DISTRITAL;0
I-662046;060802;CAJAMARCA;JAEN;BELLAVISTA;-5.5217847;-78.8946321;Calle s / n / Calle s / n;VECINAL;PROVINCIAL;DISTRITAL;0
I-662044;060802;CAJAMARCA;JAEN;BELLAVISTA;-5.5217754;-78.8930989;Calle s / n / Calle s / n;VECINAL;PROVINCIAL;DISTRITAL;0
I-635755;060802;CAJAMARCA;JAEN;BELLAVISTA;-5.5385174;-78.7982091;Calle s / n / Calle s / n;VECINAL;PROVINCIAL;DISTRITAL;0
I-22340;020606;ANCASH;CARHUAZ;MARCARA;-9.3224427;-77.6042644;Jirón Ancash / Jirón Ramon Castilla;VECINAL;PROVINCIAL;DISTRITAL;0
I-375617;050101;AYACUCHO;HUAMANGA;AYACUCHO;-13.1503668;-74.2228802;Avenida Independencia / Calle s / n;LOCAL;DISTRITAL;PROVINCIAL;0
I-378855;020606;ANCASH;CARHUAZ;MARCARA;-9.3358553;-77.5451893;Calle s / n / Calle s / n;VECINAL;PROVINCIAL;DISTRITAL;0
I-750375;230110;TACNA;TACNA;CORONEL GREGORIO ALBARRACIN LANCHIPA;-18.0852689;-70.268131;Calle s / n / Calle s / n;LOCAL;DISTRITAL;DISTRITAL;1
I-378848;020606;ANCASH;CARHUAZ;MARCARA;-9.3468775;-77.5226822;Calle s / n / Calle s / n;VECINAL;PROVINCIAL;DISTRITAL;0
I-344583;020606;ANCASH;CARHUAZ;MARCARA;-9.3002409;-77.5901286;Calle s / n / Calle s / n;VECINAL;PROVINCIAL;DISTRITAL;0
I-344580;020606;ANCASH;CARHUAZ;MARCARA;-9.3123492;-77.5598878;Calle s / n / Calle s / n;VECINAL;PROVINCIAL;DISTRITAL;0
I-384308;070101;CALLAO;CALLAO;CALLAO;-12.0151934;-77.0940795;Avenida Los Dominicos / Calle s / n;LOCAL;DISTRITAL;PROVINCIAL;1
I-38908;130103;LA LIBERTAD;TRUJILLO;FLORENCIA DE MORA;-8.0714309;-79.0211687;Avenida 12 de Noviembre / Calle s / n;LOCAL;DISTRITAL;DISTRITAL;1
I-33695;080101;CUSCO;CUSCO;CUSCO;-13.5058646;-71.9998337;Calle s / n / Calle s / n;LOCAL;DISTRITAL;PROVINCIAL;1
I-266581;080902;CUSCO;LA CONVENCION;ECHARATE;-12.7678565;-72.5765978;Calle s / n / Calle s / n;LOCAL;DISTRITAL;DISTRITAL;1
I-344579;020606;ANCASH;CARHUAZ;MARCARA;-9.313421;-77.5609343;Calle s / n / Calle s / n;VECINAL;PROVINCIAL;DISTRITAL;0
I-271568;080902;CUSCO;LA CONVENCION;ECHARATE;-12.766666;-72.5749634;Avenida José María Arguedas / Calle s / n;LOCAL;DISTRITAL;DISTRITAL;0
I-166839;080801;CUSCO;ESPINAR;ESPINAR;-14.8086335;-71.4314074;Corredor Minero del Sur / Calle s / n;LOCAL;DISTRITAL;PROVINCIAL;1
I-166892;080801;CUSCO;ESPINAR;ESPINAR;-14.785783;-71.413185;Calle Ayacucho  / Calle s / n;LOCAL;DISTRITAL;PROVINCIAL;1
I-564886;080801;CUSCO;ESPINAR;ESPINAR;-14.7857294;-71.4035268;Calle s / n / Calle s / n;LOCAL;DISTRITAL;PROVINCIAL;1
I-145712;080801;CUSCO;ESPINAR;ESPINAR;-14.7938718;-71.4075964;Calle s / n / Calle s / n;LOCAL;DISTRITAL;PROVINCIAL;0
I-737236;130206;LA LIBERTAD;ASCOPE;RAZURI;-7.6890523;-79.384903;Calle s / n / Calle s / n;VECINAL;PROVINCIAL;DISTRITAL;0
I-166631;080801;CUSCO;ESPINAR;ESPINAR;-14.7929043;-71.4090648;Calle 8 / Calle s / n;LOCAL;DISTRITAL;PROVINCIAL;0
I-525994;080801;CUSCO;ESPINAR;ESPINAR;-14.7820529;-71.3985635;Avenida San Martín / Calle s / n;LOCAL;DISTRITAL;PROVINCIAL;0
I-400752;160112;LORETO;MAYNAS;BELEN;-3.7658246;-73.2716172;Avenida José Abelardo Quiñones / Calle s / n;LOCAL;DISTRITAL;DISTRITAL;1
I-274811;150811;LIMA;HUAURA;SAYAN;-11.13282254;-77.19265758;Av Sánchez Carrion, Av Tupac Amaru, / Calle s / n;LOCAL;DISTRITAL;DISTRITAL;0
I-737235;130206;LA LIBERTAD;ASCOPE;RAZURI;-7.689265;-79.3860403;Calle s / n / Calle s / n;VECINAL;PROVINCIAL;DISTRITAL;0
I-57390;150801;LIMA;HUAURA;HUACHO;-11.1299197;-77.6109194;Calle s / n / Calle s / n;LOCAL;DISTRITAL;PROVINCIAL;0
I-737234;130206;LA LIBERTAD;ASCOPE;RAZURI;-7.69965;-79.3902621;Calle s / n / Calle s / n;VECINAL;PROVINCIAL;DISTRITAL;0
I-498231;150801;LIMA;HUAURA;HUACHO;-11.1251544;-77.6022257;Calle s / n / Calle s / n;LOCAL;DISTRITAL;PROVINCIAL;0
I-737233;130206;LA LIBERTAD;ASCOPE;RAZURI;-7.6941133;-79.3853724;Calle s / n / Calle s / n;VECINAL;PROVINCIAL;DISTRITAL;0
I-408219;150126;LIMA;LIMA;PUNTA HERMOSA;-12.2940693;-76.7752376;Avenida Pampa Pacta / Calle s / n;LOCAL;DISTRITAL;DISTRITAL;1
I-737232;130206;LA LIBERTAD;ASCOPE;RAZURI;-7.6953679;-79.3895084;Calle s / n / Calle s / n;VECINAL;PROVINCIAL;DISTRITAL;0
I-413268;160108;LORETO;MAYNAS;PUNCHANA;-3.7277597;-73.2469713;Avenida 28 de Julio / Calle s / n;LOCAL;DISTRITAL;DISTRITAL;1
I-737231;130206;LA LIBERTAD;ASCOPE;RAZURI;-7.6812215;-79.3743244;Calle s / n / Calle s / n;VECINAL;PROVINCIAL;DISTRITAL;0
I-294837;130901;LA LIBERTAD;SANCHEZ CARRION;HUAMACHUCO;-7.8094556;-78.029196;Calle s / n / Calle s / n;LOCAL;DISTRITAL;PROVINCIAL;1
I-737230;130206;LA LIBERTAD;ASCOPE;RAZURI;-7.6799429;-79.3719721;Calle s / n / Calle s / n;VECINAL;PROVINCIAL;DISTRITAL;0
I-430340;120905;JUNIN;CHUPACA;HUAMANCACA CHICO;-12.0790839;-75.2494016;Calle s / n / Calle s / n;LOCAL;DISTRITAL;DISTRITAL;1
I-586081;120119;JUNIN;HUANCAYO;HUANCAN;-12.1050045;-75.1896098;Calle s / n / Calle s / n;LOCAL;DISTRITAL;DISTRITAL;1
I-198478;210806;PUNO;MELGAR;NUÑOA;-14.6241049;-70.667625;Calle s / n / Calle s / n;VECINAL;PROVINCIAL;DISTRITAL;0
I-181542;090101;HUANCAVELICA;HUANCAVELICA;HUANCAVELICA;-12.783445;-74.9671144;Malecón Santa Rosa / Calle s / n;LOCAL;DISTRITAL;PROVINCIAL;0
I-548891;210806;PUNO;MELGAR;NUÑOA;-14.48297;-70.6910725;Calle s / n / Calle s / n;VECINAL;PROVINCIAL;DISTRITAL;0
I-704781;130104;LA LIBERTAD;TRUJILLO;HUANCHACO;-8.0256699;-79.0480115;Calle s / n / Calle s / n;LOCAL;DISTRITAL;DISTRITAL;1
I-548903;210806;PUNO;MELGAR;NUÑOA;-14.3698739;-70.7918993;Calle s / n / Calle s / n;VECINAL;PROVINCIAL;DISTRITAL;0
I-206853;050401;AYACUCHO;HUANTA;HUANTA;-12.9382533;-74.2544216;Avenida Gervasio Santillana / Calle s / n;LOCAL;DISTRITAL;PROVINCIAL;0
I-361818;210806;PUNO;MELGAR;NUÑOA;-14.5868612;-70.58505;Calle s / n / Calle s / n;VECINAL;PROVINCIAL;DISTRITAL;0
I-436149;130104;LA LIBERTAD;TRUJILLO;HUANCHACO;-8.0972099;-79.0694793;Avenida Chan Chan / Calle s / n;LOCAL;DISTRITAL;DISTRITAL;2
I-361817;210806;PUNO;MELGAR;NUÑOA;-14.581108;-70.6224678;Calle s / n / Calle s / n;VECINAL;PROVINCIAL;DISTRITAL;0
I-441228;150601;LIMA;HUARAL;HUARAL;-11.4700781;-77.2372556;Calle s / n / Calle s / n;LOCAL;DISTRITAL;PROVINCIAL;1
I-51821;150601;LIMA;HUARAL;HUARAL;-11.4887665;-77.2025474;Calle s / n / Calle s / n;LOCAL;DISTRITAL;PROVINCIAL;1
I-51992;150601;LIMA;HUARAL;HUARAL;-11.4888619;-77.2030358;Calle s / n / Calle s / n;LOCAL;DISTRITAL;PROVINCIAL;1
I-52070;150601;LIMA;HUARAL;HUARAL;-11.4999525;-77.2085856;Calle s / n / Calle s / n;LOCAL;DISTRITAL;PROVINCIAL;1
I-361815;210806;PUNO;MELGAR;NUÑOA;-14.5994295;-70.5461004;Calle s / n / Calle s / n;VECINAL;PROVINCIAL;DISTRITAL;0
I-439177;021809;ANCASH;SANTA;NUEVO CHIMBOTE;-9.127975;-78.521259;Av.Pacifico / Calle 124;LOCAL;DISTRITAL;DISTRITAL;0
I-361814;210806;PUNO;MELGAR;NUÑOA;-14.6087131;-70.5495388;Calle s / n / Calle s / n;VECINAL;PROVINCIAL;DISTRITAL;0
I-548904;210806;PUNO;MELGAR;NUÑOA;-14.3886757;-70.7467724;Calle s / n / Calle s / n;VECINAL;PROVINCIAL;DISTRITAL;0
I-235840;060417;CAJAMARCA;CHOTA;TACABAMBA;-6.3939559;-78.6137953;Jirón 28 de Julio / Jirón Lima;VECINAL;PROVINCIAL;DISTRITAL;0
I-440277;021801;ANCASH;SANTA;CHIMBOTE;-9.0785457;-78.5908417;Prolongación Miguel Grau / Calle s / n;LOCAL;DISTRITAL;PROVINCIAL;1
I-440446;130101;LA LIBERTAD;TRUJILLO;TRUJILLO;-8.0907051;-79.0366434;Avenida Túpac Amaru / Calle s / n;LOCAL;DISTRITAL;PROVINCIAL;0
I-443444;130102;LA LIBERTAD;TRUJILLO;EL PORVENIR;-8.0717877;-79.020562;Avenida las Magnolias / Calle s / n;LOCAL;DISTRITAL;DISTRITAL;1
I-394660;110101;ICA;ICA;ICA;-14.0910004;-75.743717;Calle s / n / Calle s / n;LOCAL;DISTRITAL;PROVINCIAL;1
I-488935;110101;ICA;ICA;ICA;-14.0740559;-75.7848412;Calle s / n / Calle s / n;LOCAL;DISTRITAL;PROVINCIAL;1
I-62502;110101;ICA;ICA;ICA;-14.0806734;-75.7322198;Calle s / n / Calle s / n;LOCAL;DISTRITAL;PROVINCIAL;1
I-389859;080906;CUSCO;LA CONVENCION;QUELLOUNO;-12.616977;-72.4392236;Calle s / n / Calle s / n;VECINAL;PROVINCIAL;DISTRITAL;0
I-207976;081103;CUSCO;PAUCARTAMBO;CHALLABAMBA;-13.0135621;-71.8117893;Calle s / n / Calle s / n;VECINAL;PROVINCIAL;DISTRITAL;0
I-696563;060807;CAJAMARCA;JAEN;POMAHUACA;-5.7283806;-79.0448659;Calle s / n / Calle s / n;VECINAL;PROVINCIAL;DISTRITAL;0
I-683430;060807;CAJAMARCA;JAEN;POMAHUACA;-6.0247756;-79.204334;Calle s / n / Calle s / n;VECINAL;PROVINCIAL;DISTRITAL;0
I-3;220101;SAN MARTIN;MOYOBAMBA;MOYOBAMBA;-6.0545297;-76.996806;To Alfarillo / Calle s / n;VECINAL;PROVINCIAL;PROVINCIAL;0
I-468594;040103;AREQUIPA;AREQUIPA;CAYMA;-16.349455;-71.5486798;Calle Piura / Jirón Buenos Aires;LOCAL;DISTRITAL;DISTRITAL;1
I-47020;021809;ANCASH;SANTA;NUEVO CHIMBOTE;-9.1249547;-78.5283686;Avenida Pacífico / Calle s / n;LOCAL;DISTRITAL;DISTRITAL;1
I-470613;040112;AREQUIPA;AREQUIPA;PAUCARPATA;-16.4170026;-71.4924753;Túpac Amaru / Calle s / n;LOCAL;DISTRITAL;DISTRITAL;1
I-51303;030201;APURIMAC;ANDAHUAYLAS;ANDAHUAYLAS;-13.7146352;-73.346843;Calle s / n / Calle s / n;VECINAL;PROVINCIAL;PROVINCIAL;0
I-476067;040112;AREQUIPA;AREQUIPA;PAUCARPATA;-16.4199424;-71.5028866;Alfonso Prado / Calle s / n;LOCAL;DISTRITAL;DISTRITAL;1
I-320305;030201;APURIMAC;ANDAHUAYLAS;ANDAHUAYLAS;-13.6798275;-73.3995768;Calle s / n / Calle s / n;VECINAL;PROVINCIAL;PROVINCIAL;0
I-481024;040122;AREQUIPA;AREQUIPA;SOCABAYA;-16.4557098;-71.5145512;El Sol / Calle s / n;LOCAL;DISTRITAL;DISTRITAL;1
I-181989;120401;JUNIN;JAUJA;JAUJA;-11.7652634;-75.5007778;Avenida Mariscal Castilla / Calle s / n;LOCAL;DISTRITAL;PROVINCIAL;0
I-482365;200101;PIURA;PIURA;PIURA;-5.1822427;-80.6388609;Avenida Andrés Avelino Cáceres / Calle s / n;LOCAL;DISTRITAL;PROVINCIAL;1
I-83796;040129;AREQUIPA;AREQUIPA;JOSE LUIS BUSTAMANTE Y RIVERO;-16.429179;-71.5269105;Calle s / n / Calle s / n;LOCAL;DISTRITAL;DISTRITAL;1
I-487431;060801;CAJAMARCA;JAEN;JAEN;-5.7026708;-78.8025097;Iquitos / Calle s / n;LOCAL;DISTRITAL;PROVINCIAL;1
I-489558;130112;LA LIBERTAD;TRUJILLO;ALTO TRUJILLO;-8.0674501;-79.0297422;Avenida Dos / Calle s / n;LOCAL;DISTRITAL;DISTRITAL;1
I-495025;150118;LIMA;LIMA;LURIGANCHO;-12.0195147;-76.9190013;Avenida La Paz / Calle s / n;LOCAL;DISTRITAL;DISTRITAL;1
I-320282;030201;APURIMAC;ANDAHUAYLAS;ANDAHUAYLAS;-13.7401665;-73.4011248;Calle s / n / Calle s / n;VECINAL;PROVINCIAL;PROVINCIAL;0
I-497650;150810;LIMA;HUAURA;SANTA MARIA;-11.096642;-77.5947403;Avenida Félix B. Cárdenas / Calle s / n;LOCAL;DISTRITAL;DISTRITAL;1
I-228163;200109;PIURA;PIURA;LA ARENA;-5.350288;-80.7117573;Calle s / n / Calle s / n;LOCAL;DISTRITAL;DISTRITAL;0
I-320283;030201;APURIMAC;ANDAHUAYLAS;ANDAHUAYLAS;-13.7327839;-73.3957277;Calle s / n / Calle s / n;VECINAL;PROVINCIAL;PROVINCIAL;0
I-320284;030201;APURIMAC;ANDAHUAYLAS;ANDAHUAYLAS;-13.7468962;-73.3973507;Calle s / n / Calle s / n;VECINAL;PROVINCIAL;PROVINCIAL;0
I-734023;200109;PIURA;PIURA;LA ARENA;-5.3489672;-80.7144924;Calle s / n / Calle s / n;LOCAL;DISTRITAL;DISTRITAL;0
I-501992;040104;AREQUIPA;AREQUIPA;CERRO COLORADO;-16.3355434;-71.5972473;Autopista La Joya - Arequipa / Calle s / n;LOCAL;DISTRITAL;DISTRITAL;1
I-87711;120901;JUNIN;CHUPACA;CHUPACA;-12.0754114;-75.274347;Calle s / n / Calle s / n;VECINAL;PROVINCIAL;PROVINCIAL;0
I-308263;040108;AREQUIPA;AREQUIPA;LA JOYA;-16.430386;-71.8316345;Calle s / n / Calle s / n;LOCAL;DISTRITAL;DISTRITAL;1
I-308968;040108;AREQUIPA;AREQUIPA;LA JOYA;-16.4896505;-71.8544651;Calle s / n / Calle s / n;LOCAL;DISTRITAL;DISTRITAL;1
I-657510;120901;JUNIN;CHUPACA;CHUPACA;-12.0507506;-75.313517;Calle s / n / Calle s / n;VECINAL;PROVINCIAL;PROVINCIAL;0
I-512318;210806;PUNO;MELGAR;NUÑOA;-14.4768792;-70.6359919;Jirón lima / Calle s / n;LOCAL;DISTRITAL;DISTRITAL;1
I-828497;150811;LIMA;HUAURA;SAYAN;-11.15102873;-77.24624222;Calle Los Empleados / Calle s / n;LOCAL;DISTRITAL;DISTRITAL;0
I-177560;060301;CAJAMARCA;CELENDIN;CELENDIN;-6.8692007;-78.1470562;Jirón Ayacucho / Calle s / n;VECINAL;PROVINCIAL;PROVINCIAL;0
I-519531;040109;AREQUIPA;AREQUIPA;MARIANO MELGAR;-16.404037;-71.48917;Avenida Botadero / Calle s / n;LOCAL;DISTRITAL;DISTRITAL;1
I-519532;040109;AREQUIPA;AREQUIPA;MARIANO MELGAR;-16.4039563;-71.4888368;Avenida Botadero / Calle s / n;LOCAL;DISTRITAL;DISTRITAL;0
I-14206;210401;PUNO;CHUCUITO;JULI;-16.2123755;-69.4604323;Jirón Lundayani / Jirón Santa Cruz;VECINAL;PROVINCIAL;PROVINCIAL;0
I-749372;070104;CALLAO;CALLAO;LA PERLA;-12.0744562;-77.1206546;Calle s / n / Calle s / n;LOCAL;DISTRITAL;DISTRITAL;1
I-52507;220901;SAN MARTIN;SAN MARTIN;TARAPOTO;-6.4758751;-76.3626972;Avenida Circunvalación / Calle s / n;LOCAL;DISTRITAL;PROVINCIAL;1
I-547857;210401;PUNO;CHUCUITO;JULI;-16.2389665;-69.5111359;Calle s / n / Calle s / n;VECINAL;PROVINCIAL;PROVINCIAL;0
I-458593;200110;PIURA;PIURA;LA UNION;-5.3930504;-80.755917;Calle s / n / Calle s / n;LOCAL;DISTRITAL;DISTRITAL;1
I-663456;130106;LA LIBERTAD;TRUJILLO;LAREDO;-8.0619637;-78.9748979;Calle s / n / Calle s / n;LOCAL;DISTRITAL;DISTRITAL;1
I-537751;060801;CAJAMARCA;JAEN;JAEN;-5.7088232;-78.8072678;Avenida Villanuevo Pinillos / San Martín;LOCAL;DISTRITAL;PROVINCIAL;1
I-199626;200705;PIURA;TALARA;LOS ORGANOS;-4.1804114;-81.1248225;Calle s / n / Calle s / n;LOCAL;DISTRITAL;DISTRITAL;0
I-199659;200705;PIURA;TALARA;LOS ORGANOS;-4.1773143;-81.1241459;Avenida del Estadio / Calle s / n;LOCAL;DISTRITAL;DISTRITAL;0
I-540607;130901;LA LIBERTAD;SANCHEZ CARRION;HUAMACHUCO;-7.8197083;-78.0288003;Avenida El Ejercito / Calle s / n;LOCAL;DISTRITAL;PROVINCIAL;1
I-230215;200705;PIURA;TALARA;LOS ORGANOS;-4.1773859;-81.1288337;Calle s / n / Calle s / n;LOCAL;DISTRITAL;DISTRITAL;0
I-230232;200705;PIURA;TALARA;LOS ORGANOS;-4.1799526;-81.1280961;Miraflores Centro / Calle s / n;LOCAL;DISTRITAL;DISTRITAL;0
I-386706;150119;LIMA;LIMA;LURIN;-12.2548054;-76.9166489;Calle s / n / Calle s / n;LOCAL;DISTRITAL;DISTRITAL;1
I-690176;210301;PUNO;CARABAYA;MACUSANI;-14.0611789;-70.4184519;Calle s / n / Calle s / n;LOCAL;DISTRITAL;PROVINCIAL;1
I-546620;040103;AREQUIPA;AREQUIPA;CAYMA;-16.3469656;-71.5450086;Jirón Dean Valdivia / Calle s / n;LOCAL;DISTRITAL;DISTRITAL;1
I-303036;040520;AREQUIPA;CAYLLOMA;MAJES;-16.3804327;-72.1990021;Calle s / n / Calle s / n;LOCAL;DISTRITAL;DISTRITAL;1
I-303077;040520;AREQUIPA;CAYLLOMA;MAJES;-16.3523056;-72.1915286;Calle s / n / Calle s / n;LOCAL;DISTRITAL;DISTRITAL;1
I-303237;040520;AREQUIPA;CAYLLOMA;MAJES;-16.3598411;-72.2045189;Calle s / n / Calle s / n;LOCAL;DISTRITAL;DISTRITAL;1
I-303239;040520;AREQUIPA;CAYLLOMA;MAJES;-16.3644843;-72.1978087;Calle s / n / Calle s / n;LOCAL;DISTRITAL;DISTRITAL;1
I-304050;040520;AREQUIPA;CAYLLOMA;MAJES;-16.3434933;-72.1735315;Calle s / n / Calle s / n;LOCAL;DISTRITAL;DISTRITAL;0
I-304204;040520;AREQUIPA;CAYLLOMA;MAJES;-16.3432585;-72.1758605;Calle s / n / Calle s / n;LOCAL;DISTRITAL;DISTRITAL;1
I-544838;040520;AREQUIPA;CAYLLOMA;MAJES;-16.3024598;-72.206098;Calle s / n / Calle s / n;LOCAL;DISTRITAL;DISTRITAL;1
I-20959;250107;UCAYALI;CORONEL PORTILLO;MANANTAY;-8.3966189;-74.5331103;Las Palmeras / Calle s / n;LOCAL;DISTRITAL;DISTRITAL;0
I-254761;250107;UCAYALI;CORONEL PORTILLO;MANANTAY;-8.3998756;-74.5429416;Avenida Túpac Amaru / Calle s / n;LOCAL;DISTRITAL;DISTRITAL;0
I-197863;020606;ANCASH;CARHUAZ;MARCARA;-9.3287728;-77.5538403;Calle s / n / Calle s / n;LOCAL;DISTRITAL;DISTRITAL;1
I-547908;210401;PUNO;CHUCUITO;JULI;-16.2239707;-69.5046237;Calle s / n / Calle s / n;VECINAL;PROVINCIAL;PROVINCIAL;0
I-549035;210601;PUNO;HUANCANE;HUANCANE;-15.0734799;-69.7995179;Calle s / n / Calle s / n;VECINAL;PROVINCIAL;PROVINCIAL;0
I-508839;040109;AREQUIPA;AREQUIPA;MARIANO MELGAR;-16.3867418;-71.4570798;Calle s / n / Calle s / n;LOCAL;DISTRITAL;DISTRITAL;1
I-78575;040109;AREQUIPA;AREQUIPA;MARIANO MELGAR;-16.4044134;-71.4898434;Calle s / n / Calle s / n;LOCAL;DISTRITAL;DISTRITAL;1
I-60013;110207;ICA;CHINCHA;PUEBLO NUEVO;-13.4024307;-76.1403347;Avenida Francisco Bolognesi / Avenida Unión / Pilar Nores;VECINAL;PROVINCIAL;DISTRITAL;0
I-16978;040110;AREQUIPA;AREQUIPA;MIRAFLORES;-16.3926912;-71.5234521;Avenida Progreso / Calle Misti;VECINAL;PROVINCIAL;DISTRITAL;0
I-539484;220909;SAN MARTIN;SAN MARTIN;LA BANDA DE SHILCAYO;-6.5116538;-76.3370841;Calle s / n / Calle s / n;VECINAL;PROVINCIAL;DISTRITAL;0
I-624855;140307;LAMBAYEQUE;LAMBAYEQUE;MOTUPE;-6.1520953;-79.7213781;Calle s / n / Calle s / n;LOCAL;DISTRITAL;DISTRITAL;1
I-755481;220101;SAN MARTIN;MOYOBAMBA;MOYOBAMBA;-5.6335633;-77.6167623;Calle s / n / Calle s / n;LOCAL;DISTRITAL;PROVINCIAL;0
I-755486;220101;SAN MARTIN;MOYOBAMBA;MOYOBAMBA;-5.6527307;-77.5821903;Calle s / n / Calle s / n;LOCAL;DISTRITAL;PROVINCIAL;0
I-17064;220101;SAN MARTIN;MOYOBAMBA;MOYOBAMBA;-6.0414531;-76.981391;Calle Señor de los Milagros / Calle s / n;LOCAL;DISTRITAL;PROVINCIAL;0
I-17078;220101;SAN MARTIN;MOYOBAMBA;MOYOBAMBA;-6.038742;-76.9854311;Vía de Evitamiento Indañe-Shango / Calle s / n;LOCAL;DISTRITAL;PROVINCIAL;0
I-17081;220101;SAN MARTIN;MOYOBAMBA;MOYOBAMBA;-6.0383728;-76.9831655;Vía de Evitamiento Indañe-Shango / Calle s / n;LOCAL;DISTRITAL;PROVINCIAL;0
I-84559;220101;SAN MARTIN;MOYOBAMBA;MOYOBAMBA;-6.0316842;-76.9860962;Calle s / n / Calle s / n;LOCAL;DISTRITAL;PROVINCIAL;0
I-570544;130402;LA LIBERTAD;CHEPEN;PACANGA;-7.1950688;-79.4966394;Avenida Las Flores / Calle s / n;LOCAL;DISTRITAL;DISTRITAL;1
I-572246;220910;SAN MARTIN;SAN MARTIN;MORALES;-6.5068661;-76.4426213;Calle s / n / Calle s / n;VECINAL;PROVINCIAL;DISTRITAL;0
I-333395;081306;CUSCO;URUBAMBA;OLLANTAYTAMBO;-13.2633723;-72.2704014;Calle s / n / Calle s / n;LOCAL;DISTRITAL;DISTRITAL;1
I-715962;110507;ICA;PISCO;SAN CLEMENTE;-13.6273705;-76.1391163;Calle s / n / Calle s / n;VECINAL;PROVINCIAL;DISTRITAL;0
I-715963;110507;ICA;PISCO;SAN CLEMENTE;-13.605932;-76.1183855;Calle s / n / Calle s / n;VECINAL;PROVINCIAL;DISTRITAL;0
I-2444;040108;AREQUIPA;AREQUIPA;LA JOYA;-16.6224216;-71.8765728;Calle s / n / Calle s / n;VECINAL;PROVINCIAL;DISTRITAL;0
I-205359;110111;ICA;ICA;SANTIAGO;-14.1746258;-75.6858999;Calle s / n / Calle s / n;VECINAL;PROVINCIAL;DISTRITAL;0
I-227273;130402;LA LIBERTAD;CHEPEN;PACANGA;-7.1594902;-79.4439945;Calle s / n / Calle s / n;LOCAL;DISTRITAL;DISTRITAL;1
I-226676;130402;LA LIBERTAD;CHEPEN;PACANGA;-7.1536845;-79.4437629;Calle M. Melgar / Calle s / n;LOCAL;DISTRITAL;DISTRITAL;0
I-226777;130402;LA LIBERTAD;CHEPEN;PACANGA;-7.1566213;-79.4463157;Calle M. Melgar / Calle s / n;LOCAL;DISTRITAL;DISTRITAL;0
I-548393;120601;JUNIN;SATIPO;SATIPO;-11.2552145;-74.7361252;Calle s / n / Calle s / n;VECINAL;PROVINCIAL;PROVINCIAL;0
I-227252;130402;LA LIBERTAD;CHEPEN;PACANGA;-7.1510841;-79.445718;Calle M. Parado de Bellido / Calle s / n;LOCAL;DISTRITAL;DISTRITAL;0
I-548300;120601;JUNIN;SATIPO;SATIPO;-11.2106056;-74.6225483;Calle s / n / Calle s / n;VECINAL;PROVINCIAL;PROVINCIAL;0
I-631367;130704;LA LIBERTAD;PACASMAYO;PACASMAYO;-7.4217335;-79.5558914;Calle s / n / Calle s / n;LOCAL;DISTRITAL;DISTRITAL;1
I-344589;020601;ANCASH;CARHUAZ;CARHUAZ;-9.2786169;-77.5939928;Calle s / n / Calle s / n;VECINAL;PROVINCIAL;PROVINCIAL;0
I-342756;020601;ANCASH;CARHUAZ;CARHUAZ;-9.2942015;-77.6794906;Calle s / n / Calle s / n;VECINAL;PROVINCIAL;PROVINCIAL;0
I-342757;020601;ANCASH;CARHUAZ;CARHUAZ;-9.3074581;-77.6733901;Calle s / n / Calle s / n;VECINAL;PROVINCIAL;PROVINCIAL;0
I-794544;110106;ICA;ICA;PARCONA;-14.059443;-75.7218873;Calle s / n / Calle s / n;LOCAL;DISTRITAL;DISTRITAL;1
I-84964;200701;PIURA;TALARA;PARIÑAS;-4.5750172;-81.2699834;Calle s / n / Calle s / n;LOCAL;DISTRITAL;PROVINCIAL;0
I-199685;200701;PIURA;TALARA;PARIÑAS;-4.580042;-81.2716306;Avenida Mariscal Castilla / Calle s / n;LOCAL;DISTRITAL;PROVINCIAL;0
I-85009;200701;PIURA;TALARA;PARIÑAS;-4.576882;-81.264847;Calle s / n / Calle s / n;LOCAL;DISTRITAL;PROVINCIAL;1
I-416415;021601;ANCASH;POMABAMBA;POMABAMBA;-8.8205896;-77.4820299;Calle s / n / Calle s / n;VECINAL;PROVINCIAL;PROVINCIAL;0
I-63883;110102;ICA;ICA;LA TINGUIÑA;-14.031264;-75.701423;Intersección Av. Panamá / Av. Perú;LOCAL;DISTRITAL;DISTRITAL;0
I-64495;110101;ICA;ICA;ICA;-14.0689648;-75.7354703;Avenida Túpac Amaru / Calle s / n;LOCAL;DISTRITAL;PROVINCIAL;1
I-641551;120302;JUNIN;CHANCHAMAYO;PERENE;-10.9240684;-74.8796669;Calle s / n / Calle s / n;LOCAL;DISTRITAL;DISTRITAL;1
I-64760;110106;ICA;ICA;PARCONA;-14.0589123;-75.7231303;Calle Orovilca / Calle s / n;LOCAL;DISTRITAL;DISTRITAL;1
I-5579;120303;JUNIN;CHANCHAMAYO;PICHANAQUI;-10.9300607;-74.8749767;Jirón Junín / Calle s / n;LOCAL;DISTRITAL;DISTRITAL;0
I-74078;140112;LAMBAYEQUE;CHICLAYO;PIMENTEL;-6.7860363;-79.8743603;12 de Febrero / Calle s / n;LOCAL;DISTRITAL;DISTRITAL;0
I-336662;140112;LAMBAYEQUE;CHICLAYO;PIMENTEL;-6.7924293;-79.8794395;Prolongación Avenida Francisco Bolognesi / Calle s / n;LOCAL;DISTRITAL;DISTRITAL;0
I-655074;120303;JUNIN;CHANCHAMAYO;PICHANAQUI;-10.9253186;-74.8688684;Pasaje Las Almendras / Calle s / n;LOCAL;DISTRITAL;DISTRITAL;1
I-313548;130801;LA LIBERTAD;PATAZ;TAYABAMBA;-8.2272747;-77.3662427;Calle s / n / Calle s / n;VECINAL;PROVINCIAL;PROVINCIAL;0
I-341537;021601;ANCASH;POMABAMBA;POMABAMBA;-8.7870454;-77.5105279;Calle s / n / Calle s / n;LOCAL;DISTRITAL;PROVINCIAL;1
I-66682;160108;LORETO;MAYNAS;PUNCHANA;-3.7276664;-73.2484928;Avenida 28 de Julio / Calle s / n;LOCAL;DISTRITAL;DISTRITAL;1
I-145148;211201;PUNO;SANDIA;SANDIA;-14.2773134;-69.4481061;Calle s / n / Calle s / n;VECINAL;PROVINCIAL;PROVINCIAL;0
I-286160;211201;PUNO;SANDIA;SANDIA;-14.3473876;-69.4613743;Calle s / n / Calle s / n;VECINAL;PROVINCIAL;PROVINCIAL;0
I-232100;200405;PIURA;MORROPON;MORROPON;-5.1863772;-79.9673081;Avenida Juan Velasco Alvarado / Calle s / n;VECINAL;PROVINCIAL;DISTRITAL;0
I-405188;200405;PIURA;MORROPON;MORROPON;-5.1634693;-80.0241052;Calle s / n / Calle s / n;VECINAL;PROVINCIAL;DISTRITAL;0
I-691670;140206;LAMBAYEQUE;FERREÑAFE;PUEBLO NUEVO;-6.6373612;-79.8083702;Calle s / n / Calle s / n;LOCAL;DISTRITAL;DISTRITAL;1
I-644934;140206;LAMBAYEQUE;FERREÑAFE;PUEBLO NUEVO;-6.6396485;-79.803502;Calle s / n / Calle s / n;LOCAL;DISTRITAL;DISTRITAL;0
I-579131;150125;LIMA;LIMA;PUENTE PIEDRA;-11.8668569;-77.0899835;Calle s / n / Calle s / n;LOCAL;DISTRITAL;DISTRITAL;1
I-69680;160108;LORETO;MAYNAS;PUNCHANA;-3.7197397;-73.2399544;Calle s / n / Calle s / n;LOCAL;DISTRITAL;DISTRITAL;1
I-69591;160108;LORETO;MAYNAS;PUNCHANA;-3.724827;-73.2481374;Calle Iquitos / Calle s / n;LOCAL;DISTRITAL;DISTRITAL;0
I-224977;160108;LORETO;MAYNAS;PUNCHANA;-3.7203261;-73.2476168;Calle s / n / Calle s / n;LOCAL;DISTRITAL;DISTRITAL;0
I-187339;210101;PUNO;PUNO;PUNO;-15.8396662;-70.018255;Pasaje Las Flores / Pasaje Mariano Melgar;LOCAL;DISTRITAL;PROVINCIAL;1
I-360320;210101;PUNO;PUNO;PUNO;-15.8842738;-69.9722135;Calle s / n / Calle s / n;LOCAL;DISTRITAL;PROVINCIAL;1
I-405187;200405;PIURA;MORROPON;MORROPON;-5.1660844;-80.0244492;Calle s / n / Calle s / n;VECINAL;PROVINCIAL;DISTRITAL;0
I-239656;200208;PIURA;AYABACA;SAPILLICA;-4.7165375;-79.9466468;Calle s / n / Calle s / n;VECINAL;PROVINCIAL;DISTRITAL;0
I-18232;200105;PIURA;PIURA;CATACAOS;-5.2952219;-80.6808533;Calle s / n / Calle s / n;VECINAL;PROVINCIAL;DISTRITAL;0
I-585458;130104;LA LIBERTAD;TRUJILLO;HUANCHACO;-8.0656234;-79.1085058;Calle s / n / Calle s / n;VECINAL;PROVINCIAL;DISTRITAL;0
I-266618;080906;CUSCO;LA CONVENCION;QUELLOUNO;-12.6364959;-72.5564993;Calle s / n / Calle s / n;LOCAL;DISTRITAL;DISTRITAL;1
I-267295;080906;CUSCO;LA CONVENCION;QUELLOUNO;-12.6347763;-72.5579246;Calle s / n / Calle s / n;LOCAL;DISTRITAL;DISTRITAL;0
I-267305;080906;CUSCO;LA CONVENCION;QUELLOUNO;-12.6370804;-72.5580216;Calle s / n / Calle s / n;LOCAL;DISTRITAL;DISTRITAL;0
I-69661;160101;LORETO;MAYNAS;IQUITOS;-3.7483949;-73.2589639;Mariscal Caceres / Calle s / n;LOCAL;DISTRITAL;PROVINCIAL;1
I-465049;100102;HUANUCO;HUANUCO;AMARILIS;-9.9259695;-76.1675195;Calle s / n / Calle s / n;VECINAL;PROVINCIAL;DISTRITAL;0
I-465041;100102;HUANUCO;HUANUCO;AMARILIS;-9.9252049;-76.1728586;Calle s / n / Calle s / n;VECINAL;PROVINCIAL;DISTRITAL;0
I-465040;100102;HUANUCO;HUANUCO;AMARILIS;-9.9249279;-76.1742184;Calle s / n / Calle s / n;VECINAL;PROVINCIAL;DISTRITAL;0
I-341676;220801;SAN MARTIN;RIOJA;RIOJA;-6.0638026;-77.1713225;Calle s / n / Calle s / n;LOCAL;DISTRITAL;PROVINCIAL;1
I-341685;220801;SAN MARTIN;RIOJA;RIOJA;-6.0668682;-77.168703;Calle s / n / Calle s / n;LOCAL;DISTRITAL;PROVINCIAL;1
I-419192;220801;SAN MARTIN;RIOJA;RIOJA;-6.0600439;-77.1721516;Calle s / n / Calle s / n;LOCAL;DISTRITAL;PROVINCIAL;0
I-419364;220801;SAN MARTIN;RIOJA;RIOJA;-6.0547663;-77.172688;Calle s / n / Calle s / n;LOCAL;DISTRITAL;PROVINCIAL;0
I-465036;100102;HUANUCO;HUANUCO;AMARILIS;-9.9264972;-76.1635928;Calle s / n / Calle s / n;VECINAL;PROVINCIAL;DISTRITAL;0
I-465050;100102;HUANUCO;HUANUCO;AMARILIS;-9.9275478;-76.1668087;Calle s / n / Calle s / n;VECINAL;PROVINCIAL;DISTRITAL;0
I-261414;110108;ICA;ICA;SALAS;-13.9295738;-75.9222101;Calle s / n / Calle s / n;LOCAL;DISTRITAL;DISTRITAL;1
I-261417;110108;ICA;ICA;SALAS;-13.9291515;-75.9221849;Calle s / n / Calle s / n;LOCAL;DISTRITAL;DISTRITAL;1
I-401300;110108;ICA;ICA;SALAS;-13.9293085;-75.92033;Calle s / n / Calle s / n;LOCAL;DISTRITAL;DISTRITAL;1
I-646409;130109;LA LIBERTAD;TRUJILLO;SALAVERRY;-8.1918652;-78.9807721;Calle s / n / Calle s / n;LOCAL;DISTRITAL;DISTRITAL;1
I-646413;130109;LA LIBERTAD;TRUJILLO;SALAVERRY;-8.1920653;-78.98128;Calle s / n / Calle s / n;LOCAL;DISTRITAL;DISTRITAL;1
I-305747;110301;ICA;NASCA;NASCA;-14.8162945;-75.1003531;Calle s / n / Calle s / n;VECINAL;PROVINCIAL;PROVINCIAL;0
I-305739;110301;ICA;NASCA;NASCA;-14.7885811;-75.1066428;Calle s / n / Calle s / n;VECINAL;PROVINCIAL;PROVINCIAL;0
I-192957;110506;ICA;PISCO;SAN ANDRES;-13.7240442;-76.210388;Avenida Camino Real / Calle s / n;LOCAL;DISTRITAL;DISTRITAL;0
I-305742;110301;ICA;NASCA;NASCA;-14.820691;-75.1047211;Calle s / n / Calle s / n;VECINAL;PROVINCIAL;PROVINCIAL;0
I-305744;110301;ICA;NASCA;NASCA;-14.8165564;-75.1028341;Calle s / n / Calle s / n;VECINAL;PROVINCIAL;PROVINCIAL;0
I-359948;110506;ICA;PISCO;SAN ANDRES;-13.7356836;-76.2196369;Calle Ica / Calle s / n;LOCAL;DISTRITAL;DISTRITAL;0
I-305745;110301;ICA;NASCA;NASCA;-14.8096342;-75.1172711;Calle s / n / Calle s / n;VECINAL;PROVINCIAL;PROVINCIAL;0
I-556317;220801;SAN MARTIN;RIOJA;RIOJA;-6.0642839;-77.1835987;Calle s / n / Calle s / n;VECINAL;PROVINCIAL;PROVINCIAL;0
I-668387;060701;CAJAMARCA;HUALGAYOC;BAMBAMARCA;-6.6647076;-78.4444617;Calle s / n / Calle s / n;VECINAL;PROVINCIAL;PROVINCIAL;0
I-331375;080104;CUSCO;CUSCO;SAN JERONIMO;-13.5491767;-71.9057539;Calle s / n / Calle s / n;LOCAL;DISTRITAL;DISTRITAL;1
I-33246;080104;CUSCO;CUSCO;SAN JERONIMO;-13.5468584;-71.8949947;Calle s / n / Calle s / n;LOCAL;DISTRITAL;DISTRITAL;1
I-33303;080104;CUSCO;CUSCO;SAN JERONIMO;-13.5435398;-71.9044622;Calle s / n / Calle s / n;LOCAL;DISTRITAL;DISTRITAL;1
I-668597;060701;CAJAMARCA;HUALGAYOC;BAMBAMARCA;-6.7457981;-78.5249959;Calle s / n / Calle s / n;VECINAL;PROVINCIAL;PROVINCIAL;0
I-541272;030213;APURIMAC;ANDAHUAYLAS;SAN JERONIMO;-13.6522228;-73.3578899;Calle s / n / Calle s / n;LOCAL;DISTRITAL;DISTRITAL;1
I-206693;081301;CUSCO;URUBAMBA;URUBAMBA;-13.3044052;-72.1082228;Calle s / n / Calle s / n;VECINAL;PROVINCIAL;PROVINCIAL;0
I-206695;081301;CUSCO;URUBAMBA;URUBAMBA;-13.304206;-72.1071057;Calle s / n / Calle s / n;VECINAL;PROVINCIAL;PROVINCIAL;0
I-70461;160113;LORETO;MAYNAS;SAN JUAN BAUTISTA;-3.7661106;-73.3041313;Calle s / n / Calle s / n;LOCAL;DISTRITAL;DISTRITAL;1
I-70703;160113;LORETO;MAYNAS;SAN JUAN BAUTISTA;-3.7789077;-73.2799401;Calle s / n / Calle s / n;LOCAL;DISTRITAL;DISTRITAL;1
I-71321;160113;LORETO;MAYNAS;SAN JUAN BAUTISTA;-3.7877899;-73.2987066;Calle s / n / Calle s / n;LOCAL;DISTRITAL;DISTRITAL;1
I-743264;160113;LORETO;MAYNAS;SAN JUAN BAUTISTA;-3.7678115;-73.2910676;Calle s / n / Calle s / n;LOCAL;DISTRITAL;DISTRITAL;1
I-7322;080105;CUSCO;CUSCO;SAN SEBASTIAN;-13.529209;-71.9356562;Avenida de la Cultura / Calle s / n;LOCAL;DISTRITAL;DISTRITAL;0
I-156166;150132;LIMA;LIMA;SAN JUAN DE LURIGANCHO;-11.9473943;-77.0105328;Calle s / n / Calle s / n;LOCAL;DISTRITAL;DISTRITAL;1
I-207083;081301;CUSCO;URUBAMBA;URUBAMBA;-13.2958092;-72.1233323;Calle s / n / Calle s / n;VECINAL;PROVINCIAL;PROVINCIAL;0
I-754028;150133;LIMA;LIMA;SAN JUAN DE MIRAFLORES;-12.1377772;-76.955581;Avenida Camino Real / Calle s / n;LOCAL;DISTRITAL;DISTRITAL;1
I-526835;080105;CUSCO;CUSCO;SAN SEBASTIAN;-13.5328814;-71.9292714;Calle s / n / Calle s / n;LOCAL;DISTRITAL;DISTRITAL;1
I-228642;200109;PIURA;PIURA;LA ARENA;-5.3462372;-80.7111282;Calle Arequipa Con Calle  Alfonso Ugarte / Calle s / n;LOCAL;DISTRITAL;DISTRITAL;0
I-718554;150501;LIMA;CAÑETE;SAN VICENTE DE CAÑETE;-13.162298;-76.2715142;Calle s / n / Calle s / n;LOCAL;DISTRITAL;PROVINCIAL;0
I-778597;150501;LIMA;CAÑETE;SAN VICENTE DE CAÑETE;-13.1888885;-76.2266081;Calle s / n / Calle s / n;LOCAL;DISTRITAL;PROVINCIAL;0
I-789136;150501;LIMA;CAÑETE;SAN VICENTE DE CAÑETE;-13.1866615;-76.3414655;Calle s / n / Calle s / n;LOCAL;DISTRITAL;PROVINCIAL;0
I-789365;150501;LIMA;CAÑETE;SAN VICENTE DE CAÑETE;-13.1656677;-76.3604625;Calle s / n / Calle s / n;LOCAL;DISTRITAL;PROVINCIAL;0
I-756837;211101;PUNO;SAN ROMAN;JULIACA;-15.5089504;-70.1318209;Avenida Circunvalación / Calle s / n;LOCAL;DISTRITAL;PROVINCIAL;1
I-725436;130701;LA LIBERTAD;PACASMAYO;SAN PEDRO DE LLOC;-7.441964;-79.5502297;Calle s / n / Calle s / n;VECINAL;PROVINCIAL;PROVINCIAL;0
I-609181;120302;JUNIN;CHANCHAMAYO;PERENE;-10.9948429;-75.0471178;Calle s / n / Calle s / n;VECINAL;PROVINCIAL;DISTRITAL;0
I-335169;150810;LIMA;HUAURA;SANTA MARIA;-11.1035614;-77.5792895;Avenida El Milagro / Calle s / n;LOCAL;DISTRITAL;DISTRITAL;0
I-726150;140112;LAMBAYEQUE;CHICLAYO;PIMENTEL;-6.7991232;-79.9205609;Calle s / n / Calle s / n;VECINAL;PROVINCIAL;DISTRITAL;0
I-497615;150810;LIMA;HUAURA;SANTA MARIA;-11.0870048;-77.580945;Avenida 28 de Julio / Calle s / n;LOCAL;DISTRITAL;DISTRITAL;0
I-529001;050507;AYACUCHO;LA MAR;SANTA ROSA;-12.7098652;-73.7222689;Calle s / n / Calle s / n;LOCAL;DISTRITAL;DISTRITAL;0
I-726156;140112;LAMBAYEQUE;CHICLAYO;PIMENTEL;-6.803997;-79.9208842;Calle s / n / Calle s / n;VECINAL;PROVINCIAL;DISTRITAL;0
I-464011;110111;ICA;ICA;SANTIAGO;-14.272808;-75.6721558;Calle s / n / Calle s / n;LOCAL;DISTRITAL;DISTRITAL;1
I-636090;080106;CUSCO;CUSCO;SANTIAGO;-13.5553807;-71.9929643;Calle s / n / Calle s / n;LOCAL;DISTRITAL;DISTRITAL;1
I-655042;110111;ICA;ICA;SANTIAGO;-14.2543304;-75.6921609;Calle s / n / Calle s / n;LOCAL;DISTRITAL;DISTRITAL;1
I-615535;120303;JUNIN;CHANCHAMAYO;PICHANAQUI;-10.9310037;-74.7196001;Calle s / n / Calle s / n;VECINAL;PROVINCIAL;DISTRITAL;0
I-209766;130207;LA LIBERTAD;ASCOPE;SANTIAGO DE CAO;-7.8869243;-79.2232627;Avenida Hector Cespedes / Calle s / n;LOCAL;DISTRITAL;DISTRITAL;0
I-7708;160113;LORETO;MAYNAS;SAN JUAN BAUTISTA;-3.7769822;-73.275568;Avenida de la Participación / Calle s / n;LOCAL;DISTRITAL;DISTRITAL;1
I-7728;160113;LORETO;MAYNAS;SAN JUAN BAUTISTA;-3.7858334;-73.2900052;Avenida de la Participación / Calle s / n;LOCAL;DISTRITAL;DISTRITAL;1
I-7731;160113;LORETO;MAYNAS;SAN JUAN BAUTISTA;-3.7865579;-73.2910379;Avenida de la Participación / Calle s / n;LOCAL;DISTRITAL;DISTRITAL;1
I-7762;160113;LORETO;MAYNAS;SAN JUAN BAUTISTA;-3.7922399;-73.2986881;Avenida de la Participación / Calle s / n;LOCAL;DISTRITAL;DISTRITAL;1
I-601912;080701;CUSCO;CHUMBIVILCAS;SANTO TOMAS;-14.7524295;-72.4732417;Calle s / n / Calle s / n;LOCAL;DISTRITAL;PROVINCIAL;0
I-615537;120303;JUNIN;CHANCHAMAYO;PICHANAQUI;-10.9289969;-74.7277165;Calle s / n / Calle s / n;VECINAL;PROVINCIAL;DISTRITAL;0
I-62243;110112;ICA;ICA;SUBTANJALLA;-14.0199894;-75.7544522;Avenida San Martín / Calle General Salas;VECINAL;PROVINCIAL;DISTRITAL;0
I-472636;230104;TACNA;TACNA;CIUDAD NUEVA;-17.9799784;-70.2325603;Avenida Internacional / Calle Hermanos Angulo;VECINAL;PROVINCIAL;DISTRITAL;0
I-260754;200801;PIURA;SECHURA;SECHURA;-5.5661131;-80.8123652;Calle s / n / Calle s / n;LOCAL;DISTRITAL;PROVINCIAL;0
I-223644;140120;LAMBAYEQUE;CHICLAYO;TUMAN;-6.779411;-79.6811213;Calle s / n / Calle s / n;VECINAL;PROVINCIAL;DISTRITAL;0
I-223630;140120;LAMBAYEQUE;CHICLAYO;TUMAN;-6.7795696;-79.6801786;Calle s / n / Calle s / n;VECINAL;PROVINCIAL;DISTRITAL;0
I-259805;200805;PIURA;SECHURA;VICE;-5.422726552;-80.77741632;Calle Alfonso Ugarte Con Vía Canal / Vice;LOCAL;DISTRITAL;DISTRITAL;0
I-261092;200801;PIURA;SECHURA;SECHURA;-5.5674927;-80.8184859;Avenida Victor Temoque / Calle s / n;LOCAL;DISTRITAL;PROVINCIAL;0
I-221811;140307;LAMBAYEQUE;LAMBAYEQUE;MOTUPE;-6.1563627;-79.7179322;Calle Elías Aguirre / Prolongación Progreso;VECINAL;PROVINCIAL;DISTRITAL;0
I-262960;200202;PIURA;AYABACA;FRIAS;-4.9283512;-79.9507595;Calle s / n / Calle s / n;VECINAL;PROVINCIAL;DISTRITAL;0
I-790975;040129;AREQUIPA;AREQUIPA;JOSE LUIS BUSTAMANTE Y RIVERO;-16.4187742;-71.5360214;Avenida Pedro P. Diaz / Calle s / n;LOCAL;DISTRITAL;DISTRITAL;1
I-685234;200202;PIURA;AYABACA;FRIAS;-4.9446921;-79.996621;Calle s / n / Calle s / n;VECINAL;PROVINCIAL;DISTRITAL;0
I-684868;200202;PIURA;AYABACA;FRIAS;-4.9966141;-79.9432679;Calle s / n / Calle s / n;VECINAL;PROVINCIAL;DISTRITAL;0
I-334452;040122;AREQUIPA;AREQUIPA;SOCABAYA;-16.466165;-71.5541161;Calle 3 / Calle s / n;LOCAL;DISTRITAL;DISTRITAL;0
I-684875;200202;PIURA;AYABACA;FRIAS;-4.9951779;-79.9548885;Calle s / n / Calle s / n;VECINAL;PROVINCIAL;DISTRITAL;0
I-685233;200202;PIURA;AYABACA;FRIAS;-4.9456501;-80.0134975;Calle s / n / Calle s / n;VECINAL;PROVINCIAL;DISTRITAL;0
I-358812;200601;PIURA;SULLANA;SULLANA;-4.907041;-80.7151797;Calle s / n / Calle s / n;LOCAL;DISTRITAL;PROVINCIAL;1
I-685284;200202;PIURA;AYABACA;FRIAS;-4.9338842;-80.0318894;Calle s / n / Calle s / n;VECINAL;PROVINCIAL;DISTRITAL;0
I-358810;200601;PIURA;SULLANA;SULLANA;-4.9090176;-80.7182569;Calle s / n / Calle s / n;LOCAL;DISTRITAL;PROVINCIAL;0
I-464730;150204;LIMA;BARRANCA;SUPE;-10.7713035;-77.6624701;Calle s / n / Calle s / n;LOCAL;DISTRITAL;DISTRITAL;1
I-519812;200202;PIURA;AYABACA;FRIAS;-4.9415431;-79.8660778;Calle s / n / Calle s / n;VECINAL;PROVINCIAL;DISTRITAL;0
I-685285;200202;PIURA;AYABACA;FRIAS;-4.9349821;-80.0346583;Calle s / n / Calle s / n;VECINAL;PROVINCIAL;DISTRITAL;0
I-547242;210102;PUNO;PUNO;ACORA;-16.0311612;-69.6887738;Calle s / n / Calle s / n;VECINAL;PROVINCIAL;DISTRITAL;0
I-224196;210301;PUNO;CARABAYA;MACUSANI;-13.9934708;-70.4577013;Calle s / n / Calle s / n;VECINAL;PROVINCIAL;PROVINCIAL;0
I-464736;150204;LIMA;BARRANCA;SUPE;-10.772034;-77.6606745;Calle s / n / Calle s / n;LOCAL;DISTRITAL;DISTRITAL;0
I-265101;210301;PUNO;CARABAYA;MACUSANI;-13.9244771;-70.5168853;Calle s / n / Calle s / n;VECINAL;PROVINCIAL;PROVINCIAL;0
I-80962;040129;AREQUIPA;AREQUIPA;JOSE LUIS BUSTAMANTE Y RIVERO;-16.442811;-71.5208766;Pasaje Jorge Chavez / Calle s / n;LOCAL;DISTRITAL;DISTRITAL;1
I-224200;210301;PUNO;CARABAYA;MACUSANI;-13.9819131;-70.4590291;Calle s / n / Calle s / n;VECINAL;PROVINCIAL;PROVINCIAL;0
I-471194;230101;TACNA;TACNA;TACNA;-18.0002029;-70.2449139;Avenida Gustavo Pinto / Calle Amazonas;LOCAL;DISTRITAL;PROVINCIAL;0
I-387558;200110;PIURA;PIURA;LA UNION;-5.380845;-80.761934;Calle Juan Velasco Alvarado Con Alfonso Ugarte / Calle s / n;LOCAL;DISTRITAL;DISTRITAL;0
I-399404;110110;ICA;ICA;SAN JUAN BAUTISTA;-14.0319673;-75.7349809;Avenida Jorge Chávez / Calle s / n;VECINAL;PROVINCIAL;DISTRITAL;0
I-148509;170101;MADRE DE DIOS;TAMBOPATA;TAMBOPATA;-12.5853166;-69.1993616;Calle Celestina Jara / Calle Maria Parado;LOCAL;DISTRITAL;PROVINCIAL;1
I-490628;110110;ICA;ICA;SAN JUAN BAUTISTA;-14.0282295;-75.7357678;Avenida Jorge Chávez / Calle s / n;VECINAL;PROVINCIAL;DISTRITAL;0
I-53123;220910;SAN MARTIN;SAN MARTIN;MORALES;-6.485507;-76.3831844;Jr Tupac Amaru Cdra 1 / Calle s / n;LOCAL;DISTRITAL;DISTRITAL;0
I-92416;150121;LIMA;LIMA;PUEBLO LIBRE;-12.070904;-77.052665;Av. Borgoño / Juan Pablo Fernandini;LOCAL;DISTRITAL;DISTRITAL;0
I-399413;110110;ICA;ICA;SAN JUAN BAUTISTA;-14.0332703;-75.7347087;Avenida Jorge Chávez / Calle s / n;VECINAL;PROVINCIAL;DISTRITAL;0
I-399407;110110;ICA;ICA;SAN JUAN BAUTISTA;-14.0361951;-75.7340117;Andrés Avelino Cáceres / Avenida Jorge Chávez;VECINAL;PROVINCIAL;DISTRITAL;0
I-278176;210607;PUNO;HUANCANE;TARACO;-15.2992155;-69.9776359;Calle s / n / Calle s / n;LOCAL;DISTRITAL;DISTRITAL;0
I-551603;210607;PUNO;HUANCANE;TARACO;-15.2820796;-69.92317;Calle s / n / Calle s / n;LOCAL;DISTRITAL;DISTRITAL;0
I-277848;210607;PUNO;HUANCANE;TARACO;-15.2982397;-69.978062;Calle s / n / Calle s / n;LOCAL;DISTRITAL;DISTRITAL;0
I-399405;110110;ICA;ICA;SAN JUAN BAUTISTA;-14.0292004;-75.735677;Avenida Jorge Chávez / Calle 7;VECINAL;PROVINCIAL;DISTRITAL;0
I-669451;130403;LA LIBERTAD;CHEPEN;PUEBLO NUEVO;-7.1615607;-79.5535684;Calle s / n / Calle s / n;VECINAL;PROVINCIAL;DISTRITAL;0
I-243802;240101;TUMBES;TUMBES;TUMBES;-3.5714104;-80.4233082;Avenida Presidente Fernando Belaúnde Terry / Calle s / n;LOCAL;DISTRITAL;PROVINCIAL;0
I-243819;240101;TUMBES;TUMBES;TUMBES;-3.579961;-80.4129321;Avenida Presidente Fernando Belaúnde Terry / Calle s / n;LOCAL;DISTRITAL;PROVINCIAL;0
I-647279;130403;LA LIBERTAD;CHEPEN;PUEBLO NUEVO;-7.1624336;-79.5533028;Calle Progreso / Calle s / n;VECINAL;PROVINCIAL;DISTRITAL;0
I-566520;081301;CUSCO;URUBAMBA;URUBAMBA;-13.2698182;-72.1032759;Calle s / n / Calle s / n;LOCAL;DISTRITAL;PROVINCIAL;1
I-205675;081301;CUSCO;URUBAMBA;URUBAMBA;-13.3046782;-72.1333216;Calle s / n / Calle s / n;LOCAL;DISTRITAL;PROVINCIAL;0
I-796050;081301;CUSCO;URUBAMBA;URUBAMBA;-13.3063289;-72.131718;Calle s / n / Calle s / n;LOCAL;DISTRITAL;PROVINCIAL;0
I-353527;200115;PIURA;PIURA;VEINTISEIS DE OCTUBRE;-5.1889346;-80.677925;Calle s / n / Calle s / n;LOCAL;DISTRITAL;DISTRITAL;1
I-470108;200115;PIURA;PIURA;VEINTISEIS DE OCTUBRE;-5.1829731;-80.6813569;Calle s / n / Calle s / n;LOCAL;DISTRITAL;DISTRITAL;1
I-507941;200115;PIURA;PIURA;VEINTISEIS DE OCTUBRE;-5.1903476;-80.6847273;Calle s / n / Calle s / n;LOCAL;DISTRITAL;DISTRITAL;1
I-730378;200115;PIURA;PIURA;VEINTISEIS DE OCTUBRE;-5.1758495;-80.6908162;Calle s / n / Calle s / n;LOCAL;DISTRITAL;DISTRITAL;1
I-259863;200805;PIURA;SECHURA;VICE;-5.4512118;-80.8152266;Calle s / n / Calle s / n;LOCAL;DISTRITAL;DISTRITAL;1
I-669463;130403;LA LIBERTAD;CHEPEN;PUEBLO NUEVO;-7.1623112;-79.5543153;Calle s / n / Calle s / n;VECINAL;PROVINCIAL;DISTRITAL;0
I-647312;130403;LA LIBERTAD;CHEPEN;PUEBLO NUEVO;-7.2053853;-79.5169714;Calle s / n / Calle s / n;VECINAL;PROVINCIAL;DISTRITAL;0
I-285878;030602;APURIMAC;CHINCHEROS;ANCO_HUALLO;-13.5284383;-73.6718684;Avenida La Cultura / Jirón Scorza;VECINAL;PROVINCIAL;DISTRITAL;0
I-285879;030602;APURIMAC;CHINCHEROS;ANCO_HUALLO;-13.5278825;-73.6710968;Avenida La Cultura / Jirón Ciro Alegria;VECINAL;PROVINCIAL;DISTRITAL;0
I-387301;200805;PIURA;SECHURA;VICE;-5.4566904;-80.8104354;Calle s / n / Calle s / n;LOCAL;DISTRITAL;DISTRITAL;0
I-442235;131201;LA LIBERTAD;VIRU;VIRU;-8.4464438;-78.7377618;Calle s / n / Calle s / n;LOCAL;DISTRITAL;PROVINCIAL;1
I-649546;131201;LA LIBERTAD;VIRU;VIRU;-8.4668685;-78.8589223;Calle s / n / Calle s / n;LOCAL;DISTRITAL;PROVINCIAL;1
I-200641;211301;PUNO;YUNGUYO;YUNGUYO;-16.2427655;-69.0882172;Jirón Jose Olaya / Calle s / n;LOCAL;DISTRITAL;PROVINCIAL;0
I-18231;200105;PIURA;PIURA;CATACAOS;-5.294482;-80.6827366;Calle s / n / Calle s / n;LOCAL;DISTRITAL;DISTRITAL;0
I-640737;200105;PIURA;PIURA;CATACAOS;-5.2667797;-80.7056389;Calle s / n / Calle s / n;LOCAL;DISTRITAL;DISTRITAL;0
I-640772;200105;PIURA;PIURA;CATACAOS;-5.2640016;-80.7041491;Calle s / n / Calle s / n;LOCAL;DISTRITAL;DISTRITAL;0
I-285881;030602;APURIMAC;CHINCHEROS;ANCO_HUALLO;-13.5247364;-73.6667673;Avenida La Cultura / Jirón Los Andes;VECINAL;PROVINCIAL;DISTRITAL;0
I-640792;200105;PIURA;PIURA;CATACAOS;-5.2596699;-80.7054633;Calle s / n / Calle s / n;LOCAL;DISTRITAL;DISTRITAL;0
I-640801;200105;PIURA;PIURA;CATACAOS;-5.2591404;-80.7042034;Calle s / n / Calle s / n;LOCAL;DISTRITAL;DISTRITAL;0
I-640803;200105;PIURA;PIURA;CATACAOS;-5.2587953;-80.7058753;Calle s / n / Calle s / n;LOCAL;DISTRITAL;DISTRITAL;0
I-640813;200105;PIURA;PIURA;CATACAOS;-5.257961;-80.7053207;Calle s / n / Calle s / n;LOCAL;DISTRITAL;DISTRITAL;0
I-640825;200105;PIURA;PIURA;CATACAOS;-5.2578339;-80.7042164;Calle s / n / Calle s / n;LOCAL;DISTRITAL;DISTRITAL;0
I-640827;200105;PIURA;PIURA;CATACAOS;-5.2570033;-80.7053285;Calle s / n / Calle s / n;LOCAL;DISTRITAL;DISTRITAL;0
I-640771;200105;PIURA;PIURA;CATACAOS;-5.2632841;-80.7051005;Calle s / n / Calle s / n;LOCAL;DISTRITAL;DISTRITAL;0
I-640700;200105;PIURA;PIURA;CATACAOS;-5.2808386;-80.7161828;Calle s / n / Calle s / n;LOCAL;DISTRITAL;DISTRITAL;0
I-285882;030602;APURIMAC;CHINCHEROS;ANCO_HUALLO;-13.5266082;-73.6691644;Avenida La Cultura / Jirón La Paz;VECINAL;PROVINCIAL;DISTRITAL;0
I-412492;200701;PIURA;TALARA;PARIÑAS;-4.5936624;-81.2605962;Antonio Jose de Sucre / Calle s / n;LOCAL;DISTRITAL;PROVINCIAL;0
I-412490;200701;PIURA;TALARA;PARIÑAS;-4.5935574;-81.2617073;Antonio Jose de Sucre / Francisco Bolognesi / Pasaje Bolívar;LOCAL;DISTRITAL;PROVINCIAL;0
I-412486;200701;PIURA;TALARA;PARIÑAS;-4.5944036;-81.2627963;Calle s / n / Calle s / n;LOCAL;DISTRITAL;PROVINCIAL;0
I-412477;200701;PIURA;TALARA;PARIÑAS;-4.5920756;-81.2623592;Calle s / n / Calle s / n;LOCAL;DISTRITAL;PROVINCIAL;0
I-412476;200701;PIURA;TALARA;PARIÑAS;-4.5899547;-81.2630002;Calle s / n / Calle s / n;LOCAL;DISTRITAL;PROVINCIAL;0
I-412473;200701;PIURA;TALARA;PARIÑAS;-4.5917139;-81.2563081;Avenida Z / Calle 4;LOCAL;DISTRITAL;PROVINCIAL;0
I-412471;200701;PIURA;TALARA;PARIÑAS;-4.5931119;-81.2664062;Calle s / n / Calle s / n;LOCAL;DISTRITAL;PROVINCIAL;0
I-412470;200701;PIURA;TALARA;PARIÑAS;-4.5971667;-81.2683619;Calle s / n / Calle s / n;LOCAL;DISTRITAL;PROVINCIAL;0
I-412469;200701;PIURA;TALARA;PARIÑAS;-4.5954505;-81.268366;Calle s / n / Calle s / n;LOCAL;DISTRITAL;PROVINCIAL;0
I-412467;200701;PIURA;TALARA;PARIÑAS;-4.5967804;-81.2719318;Calle s / n / Calle s / n;LOCAL;DISTRITAL;PROVINCIAL;0
I-412465;200701;PIURA;TALARA;PARIÑAS;-4.5957377;-81.2719816;Calle s / n / Calle s / n;LOCAL;DISTRITAL;PROVINCIAL;0
I-412523;200701;PIURA;TALARA;PARIÑAS;-4.5940894;-81.2543728;Calle s / n / Calle s / n;LOCAL;DISTRITAL;PROVINCIAL;0
I-412531;200701;PIURA;TALARA;PARIÑAS;-4.594179;-81.2566219;Calle s / n / Calle s / n;LOCAL;DISTRITAL;PROVINCIAL;0
I-255363;250107;UCAYALI;CORONEL PORTILLO;MANANTAY;-8.4286936;-74.5723062;Habilitación Urbana Municipal / Calle s / n;LOCAL;DISTRITAL;DISTRITAL;0
I-255361;250107;UCAYALI;CORONEL PORTILLO;MANANTAY;-8.4290844;-74.5736614;Calle s / n / Calle s / n;LOCAL;DISTRITAL;DISTRITAL;0
I-255360;250107;UCAYALI;CORONEL PORTILLO;MANANTAY;-8.426421;-74.5720761;Calle s / n / Calle s / n;LOCAL;DISTRITAL;DISTRITAL;0
I-255359;250107;UCAYALI;CORONEL PORTILLO;MANANTAY;-8.4272363;-74.57492;Calle s / n / Calle s / n;LOCAL;DISTRITAL;DISTRITAL;0
I-255358;250107;UCAYALI;CORONEL PORTILLO;MANANTAY;-8.4286205;-74.5774125;Calle s / n / Calle s / n;LOCAL;DISTRITAL;DISTRITAL;0
I-255356;250107;UCAYALI;CORONEL PORTILLO;MANANTAY;-8.4281068;-74.5765927;Calle s / n / Calle s / n;LOCAL;DISTRITAL;DISTRITAL;0
I-255349;250107;UCAYALI;CORONEL PORTILLO;MANANTAY;-8.4268849;-74.5735978;Calle s / n / Calle s / n;LOCAL;DISTRITAL;DISTRITAL;0
I-255330;250107;UCAYALI;CORONEL PORTILLO;MANANTAY;-8.408309;-74.5603664;Avenida Aviación / Calle s / n;LOCAL;DISTRITAL;DISTRITAL;0
I-255347;250107;UCAYALI;CORONEL PORTILLO;MANANTAY;-8.435271;-74.5725605;Calle s / n / Calle s / n;LOCAL;DISTRITAL;DISTRITAL;0
I-255345;250107;UCAYALI;CORONEL PORTILLO;MANANTAY;-8.4373081;-74.5719764;Calle s / n / Calle s / n;LOCAL;DISTRITAL;DISTRITAL;0
I-255344;250107;UCAYALI;CORONEL PORTILLO;MANANTAY;-8.4317467;-74.5735649;Calle s / n / Calle s / n;LOCAL;DISTRITAL;DISTRITAL;0
I-255343;250107;UCAYALI;CORONEL PORTILLO;MANANTAY;-8.4332729;-74.5731073;Calle s / n / Calle s / n;LOCAL;DISTRITAL;DISTRITAL;0
I-255336;250107;UCAYALI;CORONEL PORTILLO;MANANTAY;-8.4203477;-74.5481956;Calle s / n / Calle s / n;LOCAL;DISTRITAL;DISTRITAL;0
I-60052;110201;ICA;CHINCHA;CHINCHA ALTA;-13.4305063;-76.1277988;Avenida Santa Maria / Calle s / n;LOCAL;DISTRITAL;PROVINCIAL;0
I-511583;110201;ICA;CHINCHA;CHINCHA ALTA;-13.3875834;-76.1013894;Calle s / n / Calle s / n;LOCAL;DISTRITAL;PROVINCIAL;0
I-511581;110201;ICA;CHINCHA;CHINCHA ALTA;-13.3878168;-76.1036071;Calle s / n / Calle s / n;LOCAL;DISTRITAL;PROVINCIAL;0
I-511572;110201;ICA;CHINCHA;CHINCHA ALTA;-13.3928473;-76.1011523;Calle s / n / Calle s / n;LOCAL;DISTRITAL;PROVINCIAL;0
I-511571;110201;ICA;CHINCHA;CHINCHA ALTA;-13.3919405;-76.101674;Calle s / n / Calle s / n;LOCAL;DISTRITAL;PROVINCIAL;0
I-511570;110201;ICA;CHINCHA;CHINCHA ALTA;-13.3901564;-76.1033378;Calle s / n / Calle s / n;LOCAL;DISTRITAL;PROVINCIAL;0
I-511568;110201;ICA;CHINCHA;CHINCHA ALTA;-13.3884665;-76.1046902;Calle s / n / Calle s / n;LOCAL;DISTRITAL;PROVINCIAL;0
I-511695;110201;ICA;CHINCHA;CHINCHA ALTA;-13.3915641;-76.0961463;Calle s / n / Calle s / n;LOCAL;DISTRITAL;PROVINCIAL;0
I-511598;110201;ICA;CHINCHA;CHINCHA ALTA;-13.3916522;-76.0979243;Calle s / n / Calle s / n;LOCAL;DISTRITAL;PROVINCIAL;0
I-511606;110201;ICA;CHINCHA;CHINCHA ALTA;-13.3903491;-76.0993241;Calle s / n / Calle s / n;LOCAL;DISTRITAL;PROVINCIAL;0
I-511605;110201;ICA;CHINCHA;CHINCHA ALTA;-13.3890534;-76.0995564;Calle s / n / Calle s / n;LOCAL;DISTRITAL;PROVINCIAL;0
I-511601;110201;ICA;CHINCHA;CHINCHA ALTA;-13.392451;-76.0974091;Calle s / n / Calle s / n;LOCAL;DISTRITAL;PROVINCIAL;0
I-511600;110201;ICA;CHINCHA;CHINCHA ALTA;-13.3940079;-76.0963934;Calle s / n / Calle s / n;LOCAL;DISTRITAL;PROVINCIAL;0
I-511599;110201;ICA;CHINCHA;CHINCHA ALTA;-13.3932213;-76.0969056;Calle s / n / Calle s / n;LOCAL;DISTRITAL;PROVINCIAL;0
I-511595;110201;ICA;CHINCHA;CHINCHA ALTA;-13.3879438;-76.0977813;Calle s / n / Calle s / n;LOCAL;DISTRITAL;PROVINCIAL;0
I-511593;110201;ICA;CHINCHA;CHINCHA ALTA;-13.3920673;-76.0952183;Calle s / n / Calle s / n;LOCAL;DISTRITAL;PROVINCIAL;0
I-285895;030602;APURIMAC;CHINCHEROS;ANCO_HUALLO;-13.5334381;-73.6380005;Calle s / n / Calle s / n;VECINAL;PROVINCIAL;DISTRITAL;0
I-585441;130104;LA LIBERTAD;TRUJILLO;HUANCHACO;-8.0697088;-79.1173795;Calle s / n / Calle s / n;LOCAL;DISTRITAL;DISTRITAL;0
I-576916;130104;LA LIBERTAD;TRUJILLO;HUANCHACO;-8.1074325;-79.0989326;Calle s / n / Calle s / n;LOCAL;DISTRITAL;DISTRITAL;0
I-585434;130104;LA LIBERTAD;TRUJILLO;HUANCHACO;-8.0695695;-79.1138001;Calle s / n / Calle s / n;LOCAL;DISTRITAL;DISTRITAL;0
I-222823;100102;HUANUCO;HUANUCO;AMARILIS;-9.9423703;-76.2490346;Avenida Los Laureles / Jirón Ica;LOCAL;DISTRITAL;DISTRITAL;0
I-328153;100102;HUANUCO;HUANUCO;AMARILIS;-9.8880056;-76.2116183;Calle s / n / Calle s / n;LOCAL;DISTRITAL;DISTRITAL;0
I-328154;100102;HUANUCO;HUANUCO;AMARILIS;-9.8995359;-76.2243106;Calle s / n / Calle s / n;LOCAL;DISTRITAL;DISTRITAL;0
I-328157;100102;HUANUCO;HUANUCO;AMARILIS;-9.8889515;-76.222419;Calle s / n / Calle s / n;LOCAL;DISTRITAL;DISTRITAL;0
I-328158;100102;HUANUCO;HUANUCO;AMARILIS;-9.8907082;-76.2202307;Calle s / n / Calle s / n;LOCAL;DISTRITAL;DISTRITAL;0
I-328160;100102;HUANUCO;HUANUCO;AMARILIS;-9.9001404;-76.2264007;Calle s / n / Calle s / n;LOCAL;DISTRITAL;DISTRITAL;0
I-328161;100102;HUANUCO;HUANUCO;AMARILIS;-9.8878187;-76.2130889;Calle s / n / Calle s / n;LOCAL;DISTRITAL;DISTRITAL;0
I-328162;100102;HUANUCO;HUANUCO;AMARILIS;-9.900852;-76.2276792;Calle s / n / Calle s / n;LOCAL;DISTRITAL;DISTRITAL;0
I-328163;100102;HUANUCO;HUANUCO;AMARILIS;-9.902152;-76.2255066;Calle s / n / Calle s / n;LOCAL;DISTRITAL;DISTRITAL;0
I-328164;100102;HUANUCO;HUANUCO;AMARILIS;-9.9110726;-76.2312435;Jirón Los Nardos / Jirón Los Sauces;LOCAL;DISTRITAL;DISTRITAL;0
I-328165;100102;HUANUCO;HUANUCO;AMARILIS;-9.912812;-76.2325195;Pasaje Cipreses / Calle s / n;LOCAL;DISTRITAL;DISTRITAL;0
I-328183;100102;HUANUCO;HUANUCO;AMARILIS;-9.8886503;-76.2200114;Calle s / n / Calle s / n;LOCAL;DISTRITAL;DISTRITAL;0
I-328184;100102;HUANUCO;HUANUCO;AMARILIS;-9.8899256;-76.2207537;Calle s / n / Calle s / n;LOCAL;DISTRITAL;DISTRITAL;0
I-421026;100102;HUANUCO;HUANUCO;AMARILIS;-9.9269895;-76.2320405;Jirón Brancacho / Jirón Mayro;LOCAL;DISTRITAL;DISTRITAL;0
I-421027;100102;HUANUCO;HUANUCO;AMARILIS;-9.9259641;-76.231414;Jirón Mayro / Calle s / n;LOCAL;DISTRITAL;DISTRITAL;0
I-368164;040702;AREQUIPA;ISLAY;COCACHACRA;-17.0031541;-71.6081602;Calle s / n / Calle s / n;VECINAL;PROVINCIAL;DISTRITAL;0
I-90695;150109;LIMA;LIMA;CIENEGUILLA;-12.0956877;-76.7706912;Calle 15 / Calle 16;LOCAL;DISTRITAL;DISTRITAL;0
I-368173;040702;AREQUIPA;ISLAY;COCACHACRA;-16.9979172;-71.6332506;Calle s / n / Calle s / n;VECINAL;PROVINCIAL;DISTRITAL;0
I-444211;180101;MOQUEGUA;MARISCAL NIETO;MOQUEGUA;-17.1944873;-70.9185184;Calle s / n / Calle s / n;LOCAL;DISTRITAL;PROVINCIAL;0
I-444212;180101;MOQUEGUA;MARISCAL NIETO;MOQUEGUA;-17.1927684;-70.916531;Calle s / n / Calle s / n;LOCAL;DISTRITAL;PROVINCIAL;0
I-444220;180101;MOQUEGUA;MARISCAL NIETO;MOQUEGUA;-17.1903149;-70.9180465;Calle s / n / Calle s / n;LOCAL;DISTRITAL;PROVINCIAL;0
I-444224;180101;MOQUEGUA;MARISCAL NIETO;MOQUEGUA;-17.191058;-70.9170978;Calle s / n / Calle s / n;LOCAL;DISTRITAL;PROVINCIAL;0
I-444207;180101;MOQUEGUA;MARISCAL NIETO;MOQUEGUA;-17.1951941;-70.9199323;Calle s / n / Calle s / n;LOCAL;DISTRITAL;PROVINCIAL;0
I-444201;180101;MOQUEGUA;MARISCAL NIETO;MOQUEGUA;-17.1980413;-70.9225911;Avenida Colonial / Calle s / n;LOCAL;DISTRITAL;PROVINCIAL;0
I-444182;180101;MOQUEGUA;MARISCAL NIETO;MOQUEGUA;-17.200611;-70.9303862;Calle s / n / Calle s / n;LOCAL;DISTRITAL;PROVINCIAL;0
I-444183;180101;MOQUEGUA;MARISCAL NIETO;MOQUEGUA;-17.2014609;-70.9310933;Calle s / n / Calle s / n;LOCAL;DISTRITAL;PROVINCIAL;0
I-444184;180101;MOQUEGUA;MARISCAL NIETO;MOQUEGUA;-17.205226;-70.9309968;Calle s / n / Calle s / n;LOCAL;DISTRITAL;PROVINCIAL;0
I-444185;180101;MOQUEGUA;MARISCAL NIETO;MOQUEGUA;-17.2049754;-70.9319497;Calle s / n / Calle s / n;LOCAL;DISTRITAL;PROVINCIAL;0
I-444186;180101;MOQUEGUA;MARISCAL NIETO;MOQUEGUA;-17.2033471;-70.9339906;Calle s / n / Calle s / n;LOCAL;DISTRITAL;PROVINCIAL;0
I-444189;180101;MOQUEGUA;MARISCAL NIETO;MOQUEGUA;-17.2076192;-70.9286955;Calle s / n / Calle s / n;LOCAL;DISTRITAL;PROVINCIAL;0
I-444191;180101;MOQUEGUA;MARISCAL NIETO;MOQUEGUA;-17.2085134;-70.9290764;Calle s / n / Calle s / n;LOCAL;DISTRITAL;PROVINCIAL;0
I-2601;110301;ICA;NASCA;NASCA;-14.8283966;-74.9403913;Calle Ignacio Morsesky / Jirón Bolognesi;LOCAL;DISTRITAL;PROVINCIAL;0
I-635709;060802;CAJAMARCA;JAEN;BELLAVISTA;-5.5409674;-78.8005355;Calle s / n / Calle s / n;VECINAL;PROVINCIAL;DISTRITAL;0
I-315665;110301;ICA;NASCA;NASCA;-14.809489;-75.2112168;Calle s / n / Calle s / n;LOCAL;DISTRITAL;PROVINCIAL;0
I-358646;110301;ICA;NASCA;NASCA;-14.8279315;-74.9426121;Jirón Callao / Calle s / n;LOCAL;DISTRITAL;PROVINCIAL;0
I-371192;110301;ICA;NASCA;NASCA;-14.8258983;-74.9311605;Avenida de la Cultura / Calle Simón Rodríguez;LOCAL;DISTRITAL;PROVINCIAL;0
I-371193;110301;ICA;NASCA;NASCA;-14.8284303;-74.9364202;Jirón Lima / Jirón Tacna;LOCAL;DISTRITAL;PROVINCIAL;0
I-426246;110301;ICA;NASCA;NASCA;-14.8288181;-74.938153;Jirón Lima / Miguel Grau;LOCAL;DISTRITAL;PROVINCIAL;0
I-426248;110301;ICA;NASCA;NASCA;-14.8289663;-74.945062;Calle s / n / Calle s / n;LOCAL;DISTRITAL;PROVINCIAL;0
I-306937;110301;ICA;NASCA;NASCA;-14.8353158;-75.0523259;Calle s / n / Calle s / n;LOCAL;DISTRITAL;PROVINCIAL;0
I-426257;110301;ICA;NASCA;NASCA;-14.8222649;-74.9448343;Calle s / n / Calle s / n;LOCAL;DISTRITAL;PROVINCIAL;0
I-426258;110301;ICA;NASCA;NASCA;-14.8243486;-74.9476924;Calle s / n / Calle s / n;LOCAL;DISTRITAL;PROVINCIAL;0
I-426260;110301;ICA;NASCA;NASCA;-14.8221534;-74.9363802;Pasaje Tarapacá / Calle s / n;LOCAL;DISTRITAL;PROVINCIAL;0
I-426591;110301;ICA;NASCA;NASCA;-14.8389801;-74.9239348;Calle s / n / Calle s / n;LOCAL;DISTRITAL;PROVINCIAL;0
I-662418;060802;CAJAMARCA;JAEN;BELLAVISTA;-5.5368148;-78.901832;Calle s / n / Calle s / n;VECINAL;PROVINCIAL;DISTRITAL;0
I-344070;020606;ANCASH;CARHUAZ;MARCARA;-9.3393136;-77.550101;Calle s / n / Calle s / n;VECINAL;PROVINCIAL;DISTRITAL;0
I-344073;020606;ANCASH;CARHUAZ;MARCARA;-9.3257767;-77.5564787;Calle s / n / Calle s / n;VECINAL;PROVINCIAL;DISTRITAL;0
I-531586;220801;SAN MARTIN;RIOJA;RIOJA;-5.9890687;-77.2151756;Calle s / n / Calle s / n;LOCAL;DISTRITAL;PROVINCIAL;0
I-531588;220801;SAN MARTIN;RIOJA;RIOJA;-5.9909117;-77.2154658;Calle s / n / Calle s / n;LOCAL;DISTRITAL;PROVINCIAL;0
I-531589;220801;SAN MARTIN;RIOJA;RIOJA;-5.9900014;-77.2153501;Calle s / n / Calle s / n;LOCAL;DISTRITAL;PROVINCIAL;0
I-531590;220801;SAN MARTIN;RIOJA;RIOJA;-5.9918215;-77.2156164;Calle s / n / Calle s / n;LOCAL;DISTRITAL;PROVINCIAL;0
I-556283;220801;SAN MARTIN;RIOJA;RIOJA;-6.0767292;-77.1707109;Calle s / n / Calle s / n;LOCAL;DISTRITAL;PROVINCIAL;0
I-556285;220801;SAN MARTIN;RIOJA;RIOJA;-6.0738687;-77.1712817;Calle s / n / Calle s / n;LOCAL;DISTRITAL;PROVINCIAL;0
I-344577;020606;ANCASH;CARHUAZ;MARCARA;-9.316187;-77.5631933;Calle s / n / Calle s / n;VECINAL;PROVINCIAL;DISTRITAL;0
I-556289;220801;SAN MARTIN;RIOJA;RIOJA;-6.0769237;-77.1688188;Calle s / n / Calle s / n;LOCAL;DISTRITAL;PROVINCIAL;0
I-556290;220801;SAN MARTIN;RIOJA;RIOJA;-6.0768309;-77.1697214;Calle s / n / Calle s / n;LOCAL;DISTRITAL;PROVINCIAL;0
I-196139;040701;AREQUIPA;ISLAY;MOLLENDO;-17.019211;-72.006806;Calle Francisco Bolognesi / Calle Francisco Pizarro;LOCAL;DISTRITAL;PROVINCIAL;0
I-530006;040701;AREQUIPA;ISLAY;MOLLENDO;-16.7007716;-71.9106303;Calle s / n / Calle s / n;LOCAL;DISTRITAL;PROVINCIAL;0
I-558767;040701;AREQUIPA;ISLAY;MOLLENDO;-17.0276885;-72.0173515;Calle Dean Valdivia / Calle Iquitos;LOCAL;DISTRITAL;PROVINCIAL;0
I-558766;040701;AREQUIPA;ISLAY;MOLLENDO;-17.026835;-72.0186221;Calle Islay / Calle s / n;LOCAL;DISTRITAL;PROVINCIAL;0
I-533354;040701;AREQUIPA;ISLAY;MOLLENDO;-16.7060254;-71.9063815;Calle s / n / Calle s / n;LOCAL;DISTRITAL;PROVINCIAL;0
I-533353;040701;AREQUIPA;ISLAY;MOLLENDO;-16.6918822;-71.9012865;Calle s / n / Calle s / n;LOCAL;DISTRITAL;PROVINCIAL;0
I-532756;040701;AREQUIPA;ISLAY;MOLLENDO;-16.6823475;-71.9055152;Calle s / n / Calle s / n;LOCAL;DISTRITAL;PROVINCIAL;0
I-532751;040701;AREQUIPA;ISLAY;MOLLENDO;-16.678469;-71.9118901;Calle s / n / Calle s / n;LOCAL;DISTRITAL;PROVINCIAL;0
I-532713;040701;AREQUIPA;ISLAY;MOLLENDO;-16.697737;-71.8874834;Calle s / n / Calle s / n;LOCAL;DISTRITAL;PROVINCIAL;0
I-530005;040701;AREQUIPA;ISLAY;MOLLENDO;-16.7013177;-71.9118402;Calle s / n / Calle s / n;LOCAL;DISTRITAL;PROVINCIAL;0
I-384182;020606;ANCASH;CARHUAZ;MARCARA;-9.3252866;-77.6003331;Calle s / n / Calle s / n;VECINAL;PROVINCIAL;DISTRITAL;0
I-530002;040701;AREQUIPA;ISLAY;MOLLENDO;-16.699436;-71.9097768;Calle s / n / Calle s / n;LOCAL;DISTRITAL;PROVINCIAL;0
I-529998;040701;AREQUIPA;ISLAY;MOLLENDO;-16.700877;-71.9090377;Calle s / n / Calle s / n;LOCAL;DISTRITAL;PROVINCIAL;0
I-71021;190101;PASCO;PASCO;CHAUPIMARCA;-10.6831787;-76.2509635;Calle s / n / Calle s / n;LOCAL;DISTRITAL;PROVINCIAL;0
I-144809;190101;PASCO;PASCO;CHAUPIMARCA;-10.6783999;-76.24917;Calle Los Proceres / Calle s / n;LOCAL;DISTRITAL;PROVINCIAL;0
I-144678;190101;PASCO;PASCO;CHAUPIMARCA;-10.6840955;-76.2430456;Calle s / n / Calle s / n;LOCAL;DISTRITAL;PROVINCIAL;0
I-144674;190101;PASCO;PASCO;CHAUPIMARCA;-10.6904798;-76.2634115;Calle s / n / Calle s / n;LOCAL;DISTRITAL;PROVINCIAL;0
I-144663;190101;PASCO;PASCO;CHAUPIMARCA;-10.6849485;-76.2423894;Calle s / n / Calle s / n;LOCAL;DISTRITAL;PROVINCIAL;0
I-144661;190101;PASCO;PASCO;CHAUPIMARCA;-10.692848;-76.2633979;Jirón Lima / Calle s / n;LOCAL;DISTRITAL;PROVINCIAL;0
I-144656;190101;PASCO;PASCO;CHAUPIMARCA;-10.6922386;-76.2600864;Calle s / n / Calle s / n;LOCAL;DISTRITAL;PROVINCIAL;0
I-144655;190101;PASCO;PASCO;CHAUPIMARCA;-10.6926911;-76.2612393;Calle s / n / Calle s / n;LOCAL;DISTRITAL;PROVINCIAL;0
I-144654;190101;PASCO;PASCO;CHAUPIMARCA;-10.6914457;-76.2605808;Calle s / n / Calle s / n;LOCAL;DISTRITAL;PROVINCIAL;0
I-144653;190101;PASCO;PASCO;CHAUPIMARCA;-10.6917634;-76.2617392;Calle s / n / Calle s / n;LOCAL;DISTRITAL;PROVINCIAL;0
I-144649;190101;PASCO;PASCO;CHAUPIMARCA;-10.6837957;-76.2538689;Jirón Yauli / Calle s / n;LOCAL;DISTRITAL;PROVINCIAL;0
I-676169;060701;CAJAMARCA;HUALGAYOC;BAMBAMARCA;-6.7236294;-78.5042024;Calle s / n / Calle s / n;LOCAL;DISTRITAL;PROVINCIAL;0
I-668390;060701;CAJAMARCA;HUALGAYOC;BAMBAMARCA;-6.6309933;-78.4674123;Calle s / n / Calle s / n;LOCAL;DISTRITAL;PROVINCIAL;0
I-668391;060701;CAJAMARCA;HUALGAYOC;BAMBAMARCA;-6.6309024;-78.4603811;Calle s / n / Calle s / n;LOCAL;DISTRITAL;PROVINCIAL;0
I-668392;060701;CAJAMARCA;HUALGAYOC;BAMBAMARCA;-6.6567631;-78.4722096;Calle s / n / Calle s / n;LOCAL;DISTRITAL;PROVINCIAL;0
I-668583;060701;CAJAMARCA;HUALGAYOC;BAMBAMARCA;-6.7454225;-78.5116777;Calle s / n / Calle s / n;LOCAL;DISTRITAL;PROVINCIAL;0
I-668584;060701;CAJAMARCA;HUALGAYOC;BAMBAMARCA;-6.7485687;-78.5046448;Calle s / n / Calle s / n;LOCAL;DISTRITAL;PROVINCIAL;0
I-668595;060701;CAJAMARCA;HUALGAYOC;BAMBAMARCA;-6.7455235;-78.518776;Calle s / n / Calle s / n;LOCAL;DISTRITAL;PROVINCIAL;0
I-668607;060701;CAJAMARCA;HUALGAYOC;BAMBAMARCA;-6.7410794;-78.5185576;Calle s / n / Calle s / n;LOCAL;DISTRITAL;PROVINCIAL;0
I-668608;060701;CAJAMARCA;HUALGAYOC;BAMBAMARCA;-6.7552073;-78.5312819;Calle s / n / Calle s / n;LOCAL;DISTRITAL;PROVINCIAL;0
I-675378;060701;CAJAMARCA;HUALGAYOC;BAMBAMARCA;-6.7261647;-78.4350088;Calle s / n / Calle s / n;LOCAL;DISTRITAL;PROVINCIAL;0
I-675379;060701;CAJAMARCA;HUALGAYOC;BAMBAMARCA;-6.7412813;-78.4298954;Calle s / n / Calle s / n;LOCAL;DISTRITAL;PROVINCIAL;0
I-737222;130206;LA LIBERTAD;ASCOPE;RAZURI;-7.6790496;-79.3615651;Calle s / n / Calle s / n;VECINAL;PROVINCIAL;DISTRITAL;0
I-737229;130206;LA LIBERTAD;ASCOPE;RAZURI;-7.6846027;-79.3806759;Calle s / n / Calle s / n;VECINAL;PROVINCIAL;DISTRITAL;0
I-737228;130206;LA LIBERTAD;ASCOPE;RAZURI;-7.6866335;-79.3860054;Calle s / n / Calle s / n;VECINAL;PROVINCIAL;DISTRITAL;0
I-205850;081301;CUSCO;URUBAMBA;URUBAMBA;-13.2857079;-72.1115005;Calle s / n / Calle s / n;LOCAL;DISTRITAL;PROVINCIAL;0
I-205849;081301;CUSCO;URUBAMBA;URUBAMBA;-13.2821071;-72.1081554;Calle s / n / Calle s / n;LOCAL;DISTRITAL;PROVINCIAL;0
I-205848;081301;CUSCO;URUBAMBA;URUBAMBA;-13.2922183;-72.1119935;Calle s / n / Calle s / n;LOCAL;DISTRITAL;PROVINCIAL;0
I-205847;081301;CUSCO;URUBAMBA;URUBAMBA;-13.2897613;-72.1128997;Calle s / n / Calle s / n;LOCAL;DISTRITAL;PROVINCIAL;0
I-205845;081301;CUSCO;URUBAMBA;URUBAMBA;-13.3024323;-72.129615;Calle s / n / Calle s / n;LOCAL;DISTRITAL;PROVINCIAL;0
I-205842;081301;CUSCO;URUBAMBA;URUBAMBA;-13.2875587;-72.1374751;Calle s / n / Calle s / n;LOCAL;DISTRITAL;PROVINCIAL;0
I-205841;081301;CUSCO;URUBAMBA;URUBAMBA;-13.2896507;-72.133951;Calle s / n / Calle s / n;LOCAL;DISTRITAL;PROVINCIAL;0
I-205839;081301;CUSCO;URUBAMBA;URUBAMBA;-13.2849622;-72.1273798;Jirón Los Balcones / Calle s / n;LOCAL;DISTRITAL;PROVINCIAL;0
I-737227;130206;LA LIBERTAD;ASCOPE;RAZURI;-7.6850028;-79.3535191;Calle s / n / Calle s / n;VECINAL;PROVINCIAL;DISTRITAL;0
I-602090;080701;CUSCO;CHUMBIVILCAS;SANTO TOMAS;-14.6016667;-72.0379449;Calle s / n / Calle s / n;LOCAL;DISTRITAL;PROVINCIAL;0
I-602086;080701;CUSCO;CHUMBIVILCAS;SANTO TOMAS;-14.8066778;-72.0624569;Calle s / n / Calle s / n;LOCAL;DISTRITAL;PROVINCIAL;0
I-602085;080701;CUSCO;CHUMBIVILCAS;SANTO TOMAS;-14.4613436;-72.0870897;Calle s / n / Calle s / n;LOCAL;DISTRITAL;PROVINCIAL;0
I-602084;080701;CUSCO;CHUMBIVILCAS;SANTO TOMAS;-14.6207021;-72.1225498;Calle s / n / Calle s / n;LOCAL;DISTRITAL;PROVINCIAL;0
I-602083;080701;CUSCO;CHUMBIVILCAS;SANTO TOMAS;-14.6217464;-72.1208405;Calle s / n / Calle s / n;LOCAL;DISTRITAL;PROVINCIAL;0
I-602082;080701;CUSCO;CHUMBIVILCAS;SANTO TOMAS;-14.4714958;-72.078469;Calle s / n / Calle s / n;LOCAL;DISTRITAL;PROVINCIAL;0
I-602080;080701;CUSCO;CHUMBIVILCAS;SANTO TOMAS;-14.4309756;-72.0564331;Calle s / n / Calle s / n;LOCAL;DISTRITAL;PROVINCIAL;0
I-602079;080701;CUSCO;CHUMBIVILCAS;SANTO TOMAS;-14.4266025;-72.0637665;Calle s / n / Calle s / n;LOCAL;DISTRITAL;PROVINCIAL;0
I-602078;080701;CUSCO;CHUMBIVILCAS;SANTO TOMAS;-14.4254497;-72.0660078;Calle s / n / Calle s / n;LOCAL;DISTRITAL;PROVINCIAL;0
I-602076;080701;CUSCO;CHUMBIVILCAS;SANTO TOMAS;-14.4756056;-72.0747956;Calle s / n / Calle s / n;LOCAL;DISTRITAL;PROVINCIAL;0
I-602074;080701;CUSCO;CHUMBIVILCAS;SANTO TOMAS;-14.4686997;-72.0814276;Calle s / n / Calle s / n;LOCAL;DISTRITAL;PROVINCIAL;0
I-602073;080701;CUSCO;CHUMBIVILCAS;SANTO TOMAS;-14.7612643;-72.4076264;Calle s / n / Calle s / n;LOCAL;DISTRITAL;PROVINCIAL;0
I-737226;130206;LA LIBERTAD;ASCOPE;RAZURI;-7.6839216;-79.3542428;Calle s / n / Calle s / n;VECINAL;PROVINCIAL;DISTRITAL;0
I-737289;130701;LA LIBERTAD;PACASMAYO;SAN PEDRO DE LLOC;-7.5834545;-79.3786964;Calle s / n / Calle s / n;LOCAL;DISTRITAL;PROVINCIAL;0
I-737291;130701;LA LIBERTAD;PACASMAYO;SAN PEDRO DE LLOC;-7.5848876;-79.3782941;Calle s / n / Calle s / n;LOCAL;DISTRITAL;PROVINCIAL;0
I-737293;130701;LA LIBERTAD;PACASMAYO;SAN PEDRO DE LLOC;-7.5848876;-79.382363;Calle s / n / Calle s / n;LOCAL;DISTRITAL;PROVINCIAL;0
I-737295;130701;LA LIBERTAD;PACASMAYO;SAN PEDRO DE LLOC;-7.5864668;-79.3797988;Calle s / n / Calle s / n;LOCAL;DISTRITAL;PROVINCIAL;0
I-732522;130701;LA LIBERTAD;PACASMAYO;SAN PEDRO DE LLOC;-7.4300602;-79.5084316;Calle s / n / Calle s / n;LOCAL;DISTRITAL;PROVINCIAL;0
I-737300;130701;LA LIBERTAD;PACASMAYO;SAN PEDRO DE LLOC;-7.5888384;-79.3792087;Calle s / n / Calle s / n;LOCAL;DISTRITAL;PROVINCIAL;0
I-737301;130701;LA LIBERTAD;PACASMAYO;SAN PEDRO DE LLOC;-7.5898806;-79.3792167;Calle s / n / Calle s / n;LOCAL;DISTRITAL;PROVINCIAL;0
I-737303;130701;LA LIBERTAD;PACASMAYO;SAN PEDRO DE LLOC;-7.5904735;-79.3805444;Calle s / n / Calle s / n;LOCAL;DISTRITAL;PROVINCIAL;0
I-737323;130701;LA LIBERTAD;PACASMAYO;SAN PEDRO DE LLOC;-7.5570609;-79.3884108;Calle s / n / Calle s / n;LOCAL;DISTRITAL;PROVINCIAL;0
I-737324;130701;LA LIBERTAD;PACASMAYO;SAN PEDRO DE LLOC;-7.5787139;-79.4099937;Calle s / n / Calle s / n;LOCAL;DISTRITAL;PROVINCIAL;0
I-721201;130701;LA LIBERTAD;PACASMAYO;SAN PEDRO DE LLOC;-7.3939924;-79.5067278;Calle s / n / Calle s / n;LOCAL;DISTRITAL;PROVINCIAL;0
I-626223;210806;PUNO;MELGAR;NUÑOA;-14.35376;-70.9459117;Calle s / n / Calle s / n;VECINAL;PROVINCIAL;DISTRITAL;0
I-609248;120302;JUNIN;CHANCHAMAYO;PERENE;-11.0140599;-75.1817702;Calle s / n / Calle s / n;LOCAL;DISTRITAL;DISTRITAL;0
I-617526;080902;CUSCO;LA CONVENCION;ECHARATE;-12.4885291;-72.9985545;Calle s / n / Calle s / n;VECINAL;PROVINCIAL;DISTRITAL;0
I-566682;060417;CAJAMARCA;CHOTA;TACABAMBA;-6.3943364;-78.6651462;Calle s / n / Calle s / n;VECINAL;PROVINCIAL;DISTRITAL;0
I-320945;060417;CAJAMARCA;CHOTA;TACABAMBA;-6.431556;-78.6373682;Calle s / n / Calle s / n;VECINAL;PROVINCIAL;DISTRITAL;0
I-352953;080906;CUSCO;LA CONVENCION;QUELLOUNO;-12.4347303;-72.3977949;Calle s / n / Calle s / n;VECINAL;PROVINCIAL;DISTRITAL;0
I-609203;120302;JUNIN;CHANCHAMAYO;PERENE;-10.9950773;-75.1164168;Calle s / n / Calle s / n;LOCAL;DISTRITAL;DISTRITAL;0
I-609200;120302;JUNIN;CHANCHAMAYO;PERENE;-10.9942182;-75.1178209;Calle s / n / Calle s / n;LOCAL;DISTRITAL;DISTRITAL;0
I-352961;080906;CUSCO;LA CONVENCION;QUELLOUNO;-12.4506322;-72.341677;Calle s / n / Calle s / n;VECINAL;PROVINCIAL;DISTRITAL;0
I-609199;120302;JUNIN;CHANCHAMAYO;PERENE;-10.9879469;-75.1245654;Calle s / n / Calle s / n;LOCAL;DISTRITAL;DISTRITAL;0
I-609198;120302;JUNIN;CHANCHAMAYO;PERENE;-10.9958283;-75.1303764;Calle s / n / Calle s / n;LOCAL;DISTRITAL;DISTRITAL;0
I-609197;120302;JUNIN;CHANCHAMAYO;PERENE;-10.9885272;-75.1186346;Calle s / n / Calle s / n;LOCAL;DISTRITAL;DISTRITAL;0
I-609196;120302;JUNIN;CHANCHAMAYO;PERENE;-10.9904536;-75.1206386;Calle s / n / Calle s / n;LOCAL;DISTRITAL;DISTRITAL;0
I-609195;120302;JUNIN;CHANCHAMAYO;PERENE;-10.9930655;-75.1186685;Calle s / n / Calle s / n;LOCAL;DISTRITAL;DISTRITAL;0
I-352955;080906;CUSCO;LA CONVENCION;QUELLOUNO;-12.4443919;-72.3521655;Calle s / n / Calle s / n;VECINAL;PROVINCIAL;DISTRITAL;0
I-726166;140112;LAMBAYEQUE;CHICLAYO;PIMENTEL;-6.8264884;-79.9205864;Calle s / n / Calle s / n;LOCAL;DISTRITAL;DISTRITAL;0
I-729857;140112;LAMBAYEQUE;CHICLAYO;PIMENTEL;-6.821721;-79.9042478;Calle s / n / Calle s / n;LOCAL;DISTRITAL;DISTRITAL;0
I-729859;140112;LAMBAYEQUE;CHICLAYO;PIMENTEL;-6.8232222;-79.9056645;Calle s / n / Calle s / n;LOCAL;DISTRITAL;DISTRITAL;0
I-352957;080906;CUSCO;LA CONVENCION;QUELLOUNO;-12.4400949;-72.3677891;Calle s / n / Calle s / n;VECINAL;PROVINCIAL;DISTRITAL;0
I-729872;140112;LAMBAYEQUE;CHICLAYO;PIMENTEL;-6.820651;-79.9044497;Calle s / n / Calle s / n;LOCAL;DISTRITAL;DISTRITAL;0
I-731812;140112;LAMBAYEQUE;CHICLAYO;PIMENTEL;-6.8112838;-79.9320946;Calle s / n / Calle s / n;LOCAL;DISTRITAL;DISTRITAL;0
I-731814;140112;LAMBAYEQUE;CHICLAYO;PIMENTEL;-6.8099652;-79.9318731;Calle s / n / Calle s / n;LOCAL;DISTRITAL;DISTRITAL;0
I-729856;140112;LAMBAYEQUE;CHICLAYO;PIMENTEL;-6.8228555;-79.926046;Calle s / n / Calle s / n;LOCAL;DISTRITAL;DISTRITAL;0
I-729855;140112;LAMBAYEQUE;CHICLAYO;PIMENTEL;-6.8259037;-79.9258016;Calle s / n / Calle s / n;LOCAL;DISTRITAL;DISTRITAL;0
I-729445;140112;LAMBAYEQUE;CHICLAYO;PIMENTEL;-6.8127916;-79.911292;Calle 34 / Calle s / n;LOCAL;DISTRITAL;DISTRITAL;0
I-352959;080906;CUSCO;LA CONVENCION;QUELLOUNO;-12.4331518;-72.3763548;Calle s / n / Calle s / n;VECINAL;PROVINCIAL;DISTRITAL;0
I-644048;220804;SAN MARTIN;RIOJA;NUEVA CAJAMARCA;-5.9283822;-77.3083958;Jirón Arequipa / Jirón Bolívar;LOCAL;DISTRITAL;DISTRITAL;0
I-644050;220804;SAN MARTIN;RIOJA;NUEVA CAJAMARCA;-5.9270441;-77.3101608;Jirón Daniel Alcides Carrión / Jirón Ica;LOCAL;DISTRITAL;DISTRITAL;0
I-644053;220804;SAN MARTIN;RIOJA;NUEVA CAJAMARCA;-5.9275163;-77.3110908;Jirón Ica / Calle s / n;LOCAL;DISTRITAL;DISTRITAL;0
I-644056;220804;SAN MARTIN;RIOJA;NUEVA CAJAMARCA;-5.9247858;-77.3124544;Jirón Moquegua / Calle s / n;LOCAL;DISTRITAL;DISTRITAL;0
I-644071;220804;SAN MARTIN;RIOJA;NUEVA CAJAMARCA;-5.916526;-77.3165485;Calle s / n / Calle s / n;LOCAL;DISTRITAL;DISTRITAL;0
I-644072;220804;SAN MARTIN;RIOJA;NUEVA CAJAMARCA;-5.9163113;-77.31509;Calle s / n / Calle s / n;LOCAL;DISTRITAL;DISTRITAL;0
I-644117;220804;SAN MARTIN;RIOJA;NUEVA CAJAMARCA;-5.9119479;-77.3163874;Calle s / n / Calle s / n;LOCAL;DISTRITAL;DISTRITAL;0
I-644118;220804;SAN MARTIN;RIOJA;NUEVA CAJAMARCA;-5.9123933;-77.3172545;Calle s / n / Calle s / n;LOCAL;DISTRITAL;DISTRITAL;0
I-644120;220804;SAN MARTIN;RIOJA;NUEVA CAJAMARCA;-5.9131772;-77.3190066;Calle s / n / Calle s / n;LOCAL;DISTRITAL;DISTRITAL;0
I-644122;220804;SAN MARTIN;RIOJA;NUEVA CAJAMARCA;-5.913598;-77.3199065;Calle s / n / Calle s / n;LOCAL;DISTRITAL;DISTRITAL;0
I-556578;210607;PUNO;HUANCANE;TARACO;-15.3089545;-69.937844;Calle s / n / Calle s / n;VECINAL;PROVINCIAL;DISTRITAL;0
I-556577;210607;PUNO;HUANCANE;TARACO;-15.3043438;-69.93499;Calle s / n / Calle s / n;VECINAL;PROVINCIAL;DISTRITAL;0
I-556581;210607;PUNO;HUANCANE;TARACO;-15.3202828;-69.9492528;Calle s / n / Calle s / n;VECINAL;PROVINCIAL;DISTRITAL;0
I-573399;210607;PUNO;HUANCANE;TARACO;-15.3035608;-69.9624811;Calle s / n / Calle s / n;VECINAL;PROVINCIAL;DISTRITAL;0
I-556575;210607;PUNO;HUANCANE;TARACO;-15.3234404;-69.9709059;Calle s / n / Calle s / n;VECINAL;PROVINCIAL;DISTRITAL;0
I-556567;210607;PUNO;HUANCANE;TARACO;-15.3106035;-69.9711911;Calle s / n / Calle s / n;VECINAL;PROVINCIAL;DISTRITAL;0
I-615574;120303;JUNIN;CHANCHAMAYO;PICHANAQUI;-10.916714;-74.7596132;Calle s / n / Calle s / n;LOCAL;DISTRITAL;DISTRITAL;0
I-324827;081306;CUSCO;URUBAMBA;OLLANTAYTAMBO;-13.3164094;-72.2530991;Calle s / n / Calle s / n;VECINAL;PROVINCIAL;DISTRITAL;0
I-333625;081306;CUSCO;URUBAMBA;OLLANTAYTAMBO;-13.2125415;-72.3724086;Calle s / n / Calle s / n;VECINAL;PROVINCIAL;DISTRITAL;0
I-615789;120303;JUNIN;CHANCHAMAYO;PICHANAQUI;-10.9040831;-74.7350977;Calle s / n / Calle s / n;LOCAL;DISTRITAL;DISTRITAL;0
I-615790;120303;JUNIN;CHANCHAMAYO;PICHANAQUI;-10.89448;-74.7156516;Calle s / n / Calle s / n;LOCAL;DISTRITAL;DISTRITAL;0
I-615792;120303;JUNIN;CHANCHAMAYO;PICHANAQUI;-10.9030875;-74.7355323;Calle s / n / Calle s / n;LOCAL;DISTRITAL;DISTRITAL;0
I-333626;081306;CUSCO;URUBAMBA;OLLANTAYTAMBO;-13.2119853;-72.3690585;Calle s / n / Calle s / n;VECINAL;PROVINCIAL;DISTRITAL;0
I-333627;081306;CUSCO;URUBAMBA;OLLANTAYTAMBO;-13.2103391;-72.3769983;Calle s / n / Calle s / n;VECINAL;PROVINCIAL;DISTRITAL;0
I-36514;140108;LAMBAYEQUE;CHICLAYO;MONSEFU;-6.8810798;-79.8659454;Calle s / n / Calle s / n;LOCAL;DISTRITAL;DISTRITAL;0
I-710714;140108;LAMBAYEQUE;CHICLAYO;MONSEFU;-6.8475177;-79.8352563;Avenida Central / Calle 22;LOCAL;DISTRITAL;DISTRITAL;0
I-710716;140108;LAMBAYEQUE;CHICLAYO;MONSEFU;-6.8494182;-79.8344326;Calle 22 / Calle 3;LOCAL;DISTRITAL;DISTRITAL;0
I-710717;140108;LAMBAYEQUE;CHICLAYO;MONSEFU;-6.8484138;-79.8348846;Calle 20 / Calle 22;LOCAL;DISTRITAL;DISTRITAL;0
I-710720;140108;LAMBAYEQUE;CHICLAYO;MONSEFU;-6.8471987;-79.8379334;Avenida Central / Carretera El Sol;LOCAL;DISTRITAL;DISTRITAL;0
I-710722;140108;LAMBAYEQUE;CHICLAYO;MONSEFU;-6.8474087;-79.8362051;Avenida Central / Calle 23;LOCAL;DISTRITAL;DISTRITAL;0
I-710736;140108;LAMBAYEQUE;CHICLAYO;MONSEFU;-6.8450897;-79.8386089;Calle 1B / Carretera El Sol;LOCAL;DISTRITAL;DISTRITAL;0
I-710726;140108;LAMBAYEQUE;CHICLAYO;MONSEFU;-6.8481259;-79.8373325;Calle 21 / Calle s / n;LOCAL;DISTRITAL;DISTRITAL;0
I-710709;140108;LAMBAYEQUE;CHICLAYO;MONSEFU;-6.8512566;-79.832738;Calle 2 / Calle s / n;LOCAL;DISTRITAL;DISTRITAL;0
I-710705;140108;LAMBAYEQUE;CHICLAYO;MONSEFU;-6.8509391;-79.8318111;Calle s / n / Calle s / n;LOCAL;DISTRITAL;DISTRITAL;0
I-710683;140108;LAMBAYEQUE;CHICLAYO;MONSEFU;-6.8457576;-79.8340654;Calle 4 / Calle s / n;LOCAL;DISTRITAL;DISTRITAL;0
I-710684;140108;LAMBAYEQUE;CHICLAYO;MONSEFU;-6.8448182;-79.8335179;Calle 3 / Calle 4;LOCAL;DISTRITAL;DISTRITAL;0
I-591678;110112;ICA;ICA;SUBTANJALLA;-14.0364986;-75.7700478;Calle s / n / Calle s / n;LOCAL;DISTRITAL;DISTRITAL;0
I-591680;110112;ICA;ICA;SUBTANJALLA;-14.0357492;-75.7705727;Calle s / n / Calle s / n;LOCAL;DISTRITAL;DISTRITAL;0
I-591689;110112;ICA;ICA;SUBTANJALLA;-14.0314412;-75.7720409;Calle s / n / Calle s / n;LOCAL;DISTRITAL;DISTRITAL;0
I-591690;110112;ICA;ICA;SUBTANJALLA;-14.0278405;-75.7759011;Calle s / n / Calle s / n;LOCAL;DISTRITAL;DISTRITAL;0
I-4;220101;SAN MARTIN;MOYOBAMBA;MOYOBAMBA;-6.0486163;-76.9913323;Calle s / n / Calle s / n;VECINAL;PROVINCIAL;PROVINCIAL;0
I-591699;110112;ICA;ICA;SUBTANJALLA;-14.0366485;-75.7738932;Calle s / n / Calle s / n;LOCAL;DISTRITAL;DISTRITAL;0
I-591702;110112;ICA;ICA;SUBTANJALLA;-14.0337733;-75.7721806;Calle s / n / Calle s / n;LOCAL;DISTRITAL;DISTRITAL;0
I-591705;110112;ICA;ICA;SUBTANJALLA;-14.032933;-75.7725956;Calle s / n / Calle s / n;LOCAL;DISTRITAL;DISTRITAL;0
I-591708;110112;ICA;ICA;SUBTANJALLA;-14.034106;-75.7730547;Calle s / n / Calle s / n;LOCAL;DISTRITAL;DISTRITAL;0
I-591709;110112;ICA;ICA;SUBTANJALLA;-14.0351179;-75.7747841;Calle s / n / Calle s / n;LOCAL;DISTRITAL;DISTRITAL;0
I-591710;110112;ICA;ICA;SUBTANJALLA;-14.039858;-75.7844926;Calle s / n / Calle s / n;LOCAL;DISTRITAL;DISTRITAL;0
I-591711;110112;ICA;ICA;SUBTANJALLA;-14.0392637;-75.7814289;Calle s / n / Calle s / n;LOCAL;DISTRITAL;DISTRITAL;0
I-591673;110112;ICA;ICA;SUBTANJALLA;-14.0365294;-75.7714168;Calle s / n / Calle s / n;LOCAL;DISTRITAL;DISTRITAL;0
I-429891;120119;JUNIN;HUANCAYO;HUANCAN;-12.1167394;-75.2079317;Calle s / n / Calle s / n;LOCAL;DISTRITAL;DISTRITAL;0
I-577630;220101;SAN MARTIN;MOYOBAMBA;MOYOBAMBA;-5.8725422;-77.1875328;Calle s / n / Calle s / n;VECINAL;PROVINCIAL;PROVINCIAL;0
I-429902;120119;JUNIN;HUANCAYO;HUANCAN;-12.1036878;-75.2137502;Calle s / n / Calle s / n;LOCAL;DISTRITAL;DISTRITAL;0
I-429889;120119;JUNIN;HUANCAYO;HUANCAN;-12.1157315;-75.2114871;Calle s / n / Calle s / n;LOCAL;DISTRITAL;DISTRITAL;0
I-429904;120119;JUNIN;HUANCAYO;HUANCAN;-12.1087767;-75.2109285;Jirón La Cantuta / Calle s / n;LOCAL;DISTRITAL;DISTRITAL;0
I-429906;120119;JUNIN;HUANCAYO;HUANCAN;-12.1066198;-75.210129;Jirón 2 de Mayo / Calle s / n;LOCAL;DISTRITAL;DISTRITAL;0
I-429909;120119;JUNIN;HUANCAYO;HUANCAN;-12.1064244;-75.2091917;Jirón 2 de Mayo / Calle s / n;LOCAL;DISTRITAL;DISTRITAL;0
I-429917;120119;JUNIN;HUANCAYO;HUANCAN;-12.1198293;-75.2002194;Calle s / n / Calle s / n;LOCAL;DISTRITAL;DISTRITAL;0
I-429919;120119;JUNIN;HUANCAYO;HUANCAN;-12.1101095;-75.1984968;Calle s / n / Calle s / n;LOCAL;DISTRITAL;DISTRITAL;0
I-429877;120119;JUNIN;HUANCAYO;HUANCAN;-12.1062481;-75.2037093;Calle s / n / Calle s / n;LOCAL;DISTRITAL;DISTRITAL;0
I-429870;120119;JUNIN;HUANCAYO;HUANCAN;-12.1120846;-75.2043745;Calle s / n / Calle s / n;LOCAL;DISTRITAL;DISTRITAL;0
I-429872;120119;JUNIN;HUANCAYO;HUANCAN;-12.1155062;-75.203602;Calle s / n / Calle s / n;LOCAL;DISTRITAL;DISTRITAL;0
I-429875;120119;JUNIN;HUANCAYO;HUANCAN;-12.1078765;-75.2041963;Calle s / n / Calle s / n;LOCAL;DISTRITAL;DISTRITAL;0
I-131093;050116;AYACUCHO;HUAMANGA;ANDRES AVELINO CACERES DORREGARAY;-13.1634809;-74.2115424;Avenida Aviación / Pasaje Los Nogales;LOCAL;DISTRITAL;DISTRITAL;0
I-284056;050116;AYACUCHO;HUAMANGA;ANDRES AVELINO CACERES DORREGARAY;-13.1562348;-74.195662;Calle s / n / Calle s / n;LOCAL;DISTRITAL;DISTRITAL;0
I-284105;050116;AYACUCHO;HUAMANGA;ANDRES AVELINO CACERES DORREGARAY;-13.1556517;-74.1935398;Calle s / n / Calle s / n;LOCAL;DISTRITAL;DISTRITAL;0
I-284109;050116;AYACUCHO;HUAMANGA;ANDRES AVELINO CACERES DORREGARAY;-13.154204;-74.1910105;Calle s / n / Calle s / n;LOCAL;DISTRITAL;DISTRITAL;0
I-284110;050116;AYACUCHO;HUAMANGA;ANDRES AVELINO CACERES DORREGARAY;-13.1572102;-74.1930486;Calle s / n / Calle s / n;LOCAL;DISTRITAL;DISTRITAL;0
I-284114;050116;AYACUCHO;HUAMANGA;ANDRES AVELINO CACERES DORREGARAY;-13.145086;-74.201586;Calle s / n / Calle s / n;LOCAL;DISTRITAL;DISTRITAL;0
I-284115;050116;AYACUCHO;HUAMANGA;ANDRES AVELINO CACERES DORREGARAY;-13.1461739;-74.2020872;Calle s / n / Calle s / n;LOCAL;DISTRITAL;DISTRITAL;0
I-284119;050116;AYACUCHO;HUAMANGA;ANDRES AVELINO CACERES DORREGARAY;-13.1488659;-74.2046045;Calle s / n / Calle s / n;LOCAL;DISTRITAL;DISTRITAL;0
I-284014;050116;AYACUCHO;HUAMANGA;ANDRES AVELINO CACERES DORREGARAY;-13.146493;-74.1949487;Calle s / n / Calle s / n;LOCAL;DISTRITAL;DISTRITAL;0
I-284126;050116;AYACUCHO;HUAMANGA;ANDRES AVELINO CACERES DORREGARAY;-13.1475307;-74.2035444;Calle s / n / Calle s / n;LOCAL;DISTRITAL;DISTRITAL;0
I-51304;030201;APURIMAC;ANDAHUAYLAS;ANDAHUAYLAS;-13.7150054;-73.3459311;Calle s / n / Calle s / n;VECINAL;PROVINCIAL;PROVINCIAL;0
I-320154;030201;APURIMAC;ANDAHUAYLAS;ANDAHUAYLAS;-13.7206777;-73.4249778;Calle s / n / Calle s / n;VECINAL;PROVINCIAL;PROVINCIAL;0
I-320166;030201;APURIMAC;ANDAHUAYLAS;ANDAHUAYLAS;-13.7216723;-73.4248351;Calle s / n / Calle s / n;VECINAL;PROVINCIAL;PROVINCIAL;0
I-320277;030201;APURIMAC;ANDAHUAYLAS;ANDAHUAYLAS;-13.8026493;-73.3794439;Calle s / n / Calle s / n;VECINAL;PROVINCIAL;PROVINCIAL;0
I-74967;040117;AREQUIPA;AREQUIPA;SACHACA;-16.4061864;-71.5700638;Calle s / n / Calle s / n;LOCAL;DISTRITAL;DISTRITAL;0
I-476745;040117;AREQUIPA;AREQUIPA;SACHACA;-16.4181483;-71.5828326;Calle Urich Neisser / Pasaje San Martín;LOCAL;DISTRITAL;DISTRITAL;0
I-476744;040117;AREQUIPA;AREQUIPA;SACHACA;-16.4188885;-71.5841038;Calle Urich Neisser / Pasaje Unión;LOCAL;DISTRITAL;DISTRITAL;0
I-476431;040117;AREQUIPA;AREQUIPA;SACHACA;-16.4206639;-71.5703314;Calle s / n / Calle s / n;LOCAL;DISTRITAL;DISTRITAL;0
I-476424;040117;AREQUIPA;AREQUIPA;SACHACA;-16.4196192;-71.5697274;Calle s / n / Calle s / n;LOCAL;DISTRITAL;DISTRITAL;0
I-476421;040117;AREQUIPA;AREQUIPA;SACHACA;-16.423331;-71.5699854;Calle s / n / Calle s / n;LOCAL;DISTRITAL;DISTRITAL;0
I-476420;040117;AREQUIPA;AREQUIPA;SACHACA;-16.4244507;-71.5706952;Calle s / n / Calle s / n;LOCAL;DISTRITAL;DISTRITAL;0
I-476415;040117;AREQUIPA;AREQUIPA;SACHACA;-16.4252009;-71.5727962;Calle s / n / Calle s / n;LOCAL;DISTRITAL;DISTRITAL;0
I-319921;030201;APURIMAC;ANDAHUAYLAS;ANDAHUAYLAS;-13.743897;-73.4240626;Calle s / n / Calle s / n;VECINAL;PROVINCIAL;PROVINCIAL;0
I-476866;040117;AREQUIPA;AREQUIPA;SACHACA;-16.4399725;-71.5798525;Jirón 7 de Junio / Calle s / n;LOCAL;DISTRITAL;DISTRITAL;0
I-476867;040117;AREQUIPA;AREQUIPA;SACHACA;-16.4311418;-71.5836841;Calle s / n / Calle s / n;LOCAL;DISTRITAL;DISTRITAL;0
I-478112;040117;AREQUIPA;AREQUIPA;SACHACA;-16.4074601;-71.5663978;Calle s / n / Calle s / n;LOCAL;DISTRITAL;DISTRITAL;0
I-478111;040117;AREQUIPA;AREQUIPA;SACHACA;-16.4070602;-71.5653396;Calle s / n / Calle s / n;LOCAL;DISTRITAL;DISTRITAL;0
I-478110;040117;AREQUIPA;AREQUIPA;SACHACA;-16.41385;-71.5936207;Avenida Los Angeles / Calle s / n;LOCAL;DISTRITAL;DISTRITAL;0
I-320279;030201;APURIMAC;ANDAHUAYLAS;ANDAHUAYLAS;-13.7970246;-73.384991;Calle s / n / Calle s / n;VECINAL;PROVINCIAL;PROVINCIAL;0
I-223888;140120;LAMBAYEQUE;CHICLAYO;TUMAN;-6.6897865;-79.7055658;Calle s / n / Calle s / n;LOCAL;DISTRITAL;DISTRITAL;0
I-223895;140120;LAMBAYEQUE;CHICLAYO;TUMAN;-6.6888535;-79.7056225;Calle s / n / Calle s / n;LOCAL;DISTRITAL;DISTRITAL;0
I-223898;140120;LAMBAYEQUE;CHICLAYO;TUMAN;-6.69103;-79.7043606;Calle s / n / Calle s / n;LOCAL;DISTRITAL;DISTRITAL;0
I-416395;021601;ANCASH;POMABAMBA;POMABAMBA;-8.7997231;-77.4909576;Calle s / n / Calle s / n;VECINAL;PROVINCIAL;PROVINCIAL;0
I-416400;021601;ANCASH;POMABAMBA;POMABAMBA;-8.8194001;-77.4620603;Jirón Huaraz / Jirón Jorge Chavez;VECINAL;PROVINCIAL;PROVINCIAL;0
I-236584;060301;CAJAMARCA;CELENDIN;CELENDIN;-6.876962;-78.1739798;Calle s / n / Calle s / n;VECINAL;PROVINCIAL;PROVINCIAL;0
I-568562;100604;HUANUCO;LEONCIO PRADO;JOSE CRESPO Y CASTILLO;-8.9221927;-76.1697329;Calle s / n / Calle s / n;VECINAL;PROVINCIAL;DISTRITAL;0
I-543884;130107;LA LIBERTAD;TRUJILLO;MOCHE;-8.156657;-79.0261364;Calle s / n / Calle s / n;VECINAL;PROVINCIAL;DISTRITAL;0
I-224261;140120;LAMBAYEQUE;CHICLAYO;TUMAN;-6.809228;-79.6807069;Calle s / n / Calle s / n;LOCAL;DISTRITAL;DISTRITAL;0
I-224262;140120;LAMBAYEQUE;CHICLAYO;TUMAN;-6.8102226;-79.6808707;Calle s / n / Calle s / n;LOCAL;DISTRITAL;DISTRITAL;0
I-224263;140120;LAMBAYEQUE;CHICLAYO;TUMAN;-6.8101187;-79.6817807;Calle s / n / Calle s / n;LOCAL;DISTRITAL;DISTRITAL;0
I-224264;140120;LAMBAYEQUE;CHICLAYO;TUMAN;-6.809291;-79.6796848;Calle s / n / Calle s / n;LOCAL;DISTRITAL;DISTRITAL;0
I-140822;030213;APURIMAC;ANDAHUAYLAS;SAN JERONIMO;-13.6513156;-73.3692743;Avenida Bolognesi / Calle s / n;LOCAL;DISTRITAL;DISTRITAL;0
I-224603;130107;LA LIBERTAD;TRUJILLO;MOCHE;-8.1689397;-79.0121859;Calle s / n / Calle s / n;VECINAL;PROVINCIAL;DISTRITAL;0
I-541422;030213;APURIMAC;ANDAHUAYLAS;SAN JERONIMO;-13.6561243;-73.3004367;Calle s / n / Calle s / n;LOCAL;DISTRITAL;DISTRITAL;0
I-541421;030213;APURIMAC;ANDAHUAYLAS;SAN JERONIMO;-13.6580806;-73.3003696;Calle s / n / Calle s / n;LOCAL;DISTRITAL;DISTRITAL;0
I-541420;030213;APURIMAC;ANDAHUAYLAS;SAN JERONIMO;-13.6660299;-73.2972702;Calle s / n / Calle s / n;LOCAL;DISTRITAL;DISTRITAL;0
I-541419;030213;APURIMAC;ANDAHUAYLAS;SAN JERONIMO;-13.6681794;-73.2988957;Calle s / n / Calle s / n;LOCAL;DISTRITAL;DISTRITAL;0
I-541417;030213;APURIMAC;ANDAHUAYLAS;SAN JERONIMO;-13.6627199;-73.2990298;Calle s / n / Calle s / n;LOCAL;DISTRITAL;DISTRITAL;0
I-541412;030213;APURIMAC;ANDAHUAYLAS;SAN JERONIMO;-13.6727868;-73.2888368;Calle s / n / Calle s / n;LOCAL;DISTRITAL;DISTRITAL;0
I-541409;030213;APURIMAC;ANDAHUAYLAS;SAN JERONIMO;-13.6720785;-73.2880919;Calle s / n / Calle s / n;LOCAL;DISTRITAL;DISTRITAL;0
I-541408;030213;APURIMAC;ANDAHUAYLAS;SAN JERONIMO;-13.6683521;-73.2930833;Calle s / n / Calle s / n;LOCAL;DISTRITAL;DISTRITAL;0
I-541407;030213;APURIMAC;ANDAHUAYLAS;SAN JERONIMO;-13.6708619;-73.290621;Calle s / n / Calle s / n;LOCAL;DISTRITAL;DISTRITAL;0
I-541406;030213;APURIMAC;ANDAHUAYLAS;SAN JERONIMO;-13.6736636;-73.2892022;Calle s / n / Calle s / n;LOCAL;DISTRITAL;DISTRITAL;0
I-541405;030213;APURIMAC;ANDAHUAYLAS;SAN JERONIMO;-13.6719439;-73.2870171;Calle s / n / Calle s / n;LOCAL;DISTRITAL;DISTRITAL;0
I-351191;240302;TUMBES;ZARUMILLA;AGUAS VERDES;-3.4602449;-80.2534105;Calle s / n / Calle s / n;LOCAL;DISTRITAL;DISTRITAL;0
I-351192;240302;TUMBES;ZARUMILLA;AGUAS VERDES;-3.4495953;-80.2558016;Calle s / n / Calle s / n;LOCAL;DISTRITAL;DISTRITAL;0
I-351193;240302;TUMBES;ZARUMILLA;AGUAS VERDES;-3.453637;-80.25358;Calle s / n / Calle s / n;LOCAL;DISTRITAL;DISTRITAL;0
I-351194;240302;TUMBES;ZARUMILLA;AGUAS VERDES;-3.4519862;-80.254545;Calle s / n / Calle s / n;LOCAL;DISTRITAL;DISTRITAL;0
I-351195;240302;TUMBES;ZARUMILLA;AGUAS VERDES;-3.4508294;-80.2551207;Calle s / n / Calle s / n;LOCAL;DISTRITAL;DISTRITAL;0
I-351196;240302;TUMBES;ZARUMILLA;AGUAS VERDES;-3.4553903;-80.2522299;Calle s / n / Calle s / n;LOCAL;DISTRITAL;DISTRITAL;0
I-351197;240302;TUMBES;ZARUMILLA;AGUAS VERDES;-3.4562787;-80.2532871;Calle s / n / Calle s / n;LOCAL;DISTRITAL;DISTRITAL;0
I-351198;240302;TUMBES;ZARUMILLA;AGUAS VERDES;-3.4544735;-80.252951;Calle s / n / Calle s / n;LOCAL;DISTRITAL;DISTRITAL;0
I-351199;240302;TUMBES;ZARUMILLA;AGUAS VERDES;-3.4587737;-80.2513937;Calle s / n / Calle s / n;LOCAL;DISTRITAL;DISTRITAL;0
I-351200;240302;TUMBES;ZARUMILLA;AGUAS VERDES;-3.4533157;-80.2584005;Calle s / n / Calle s / n;LOCAL;DISTRITAL;DISTRITAL;0
I-351201;240302;TUMBES;ZARUMILLA;AGUAS VERDES;-3.4525106;-80.2592385;Calle s / n / Calle s / n;LOCAL;DISTRITAL;DISTRITAL;0
I-74964;040105;AREQUIPA;AREQUIPA;CHARACATO;-16.4675924;-71.4821027;Calle Roberto Hurtado / Calle San Martín;LOCAL;DISTRITAL;DISTRITAL;0
I-471296;040105;AREQUIPA;AREQUIPA;CHARACATO;-16.4684231;-71.4860306;Calle Nicanor Herrera / Calle Socabaya;LOCAL;DISTRITAL;DISTRITAL;0
I-472989;040105;AREQUIPA;AREQUIPA;CHARACATO;-16.4784945;-71.4922609;Calle s / n / Calle s / n;LOCAL;DISTRITAL;DISTRITAL;0
I-472992;040105;AREQUIPA;AREQUIPA;CHARACATO;-16.4759443;-71.4910352;Calle s / n / Calle s / n;LOCAL;DISTRITAL;DISTRITAL;0
I-472997;040105;AREQUIPA;AREQUIPA;CHARACATO;-16.477559;-71.4919625;Calle s / n / Calle s / n;LOCAL;DISTRITAL;DISTRITAL;0
I-473010;040105;AREQUIPA;AREQUIPA;CHARACATO;-16.4752532;-71.4919738;Calle s / n / Calle s / n;LOCAL;DISTRITAL;DISTRITAL;0
I-473013;040105;AREQUIPA;AREQUIPA;CHARACATO;-16.4774605;-71.4958726;Calle s / n / Calle s / n;LOCAL;DISTRITAL;DISTRITAL;0
I-473016;040105;AREQUIPA;AREQUIPA;CHARACATO;-16.4772618;-71.4947362;Calle s / n / Calle s / n;LOCAL;DISTRITAL;DISTRITAL;0
I-473021;040105;AREQUIPA;AREQUIPA;CHARACATO;-16.4782983;-71.4943226;Calle s / n / Calle s / n;LOCAL;DISTRITAL;DISTRITAL;0
I-472985;040105;AREQUIPA;AREQUIPA;CHARACATO;-16.4770582;-71.493652;Calle s / n / Calle s / n;LOCAL;DISTRITAL;DISTRITAL;0
I-224609;130107;LA LIBERTAD;TRUJILLO;MOCHE;-8.1650205;-79.0251149;Avenida Las Américas / Calle s / n;VECINAL;PROVINCIAL;DISTRITAL;0
I-472966;040105;AREQUIPA;AREQUIPA;CHARACATO;-16.4760557;-71.5090106;Horacio Zeballos Gámez / Calle s / n;LOCAL;DISTRITAL;DISTRITAL;0
I-471300;040105;AREQUIPA;AREQUIPA;CHARACATO;-16.4699196;-71.4820085;Calle San Martín / Calle s / n;LOCAL;DISTRITAL;DISTRITAL;0
I-226764;130402;LA LIBERTAD;CHEPEN;PACANGA;-7.1568967;-79.441012;Calle s / n / Calle s / n;VECINAL;PROVINCIAL;DISTRITAL;0
I-769333;140113;LAMBAYEQUE;CHICLAYO;REQUE;-6.8844271;-79.8001463;Calle s / n / Calle s / n;LOCAL;DISTRITAL;DISTRITAL;0
I-769334;140113;LAMBAYEQUE;CHICLAYO;REQUE;-6.8857929;-79.7999478;Calle s / n / Calle s / n;LOCAL;DISTRITAL;DISTRITAL;0
I-769340;140113;LAMBAYEQUE;CHICLAYO;REQUE;-6.8873147;-79.8012361;Calle s / n / Calle s / n;LOCAL;DISTRITAL;DISTRITAL;0
I-769341;140113;LAMBAYEQUE;CHICLAYO;REQUE;-6.886477;-79.8007183;Calle s / n / Calle s / n;LOCAL;DISTRITAL;DISTRITAL;0
I-769342;140113;LAMBAYEQUE;CHICLAYO;REQUE;-6.8881104;-79.8017533;Calle s / n / Calle s / n;LOCAL;DISTRITAL;DISTRITAL;0
I-769328;140113;LAMBAYEQUE;CHICLAYO;REQUE;-6.8827545;-79.7990507;Calle s / n / Calle s / n;LOCAL;DISTRITAL;DISTRITAL;0
I-769318;140113;LAMBAYEQUE;CHICLAYO;REQUE;-6.8839159;-79.7991065;Calle s / n / Calle s / n;LOCAL;DISTRITAL;DISTRITAL;0
I-267057;160601;LORETO;UCAYALI;CONTAMANA;-7.3386761;-75.00585;Avenida Víctor Raúl Haya de la Torre / Calle s / n;VECINAL;PROVINCIAL;PROVINCIAL;0
I-769314;140113;LAMBAYEQUE;CHICLAYO;REQUE;-6.8820788;-79.7982872;Calle s / n / Calle s / n;LOCAL;DISTRITAL;DISTRITAL;0
I-769366;140113;LAMBAYEQUE;CHICLAYO;REQUE;-6.8768194;-79.8207754;Calle s / n / Calle s / n;LOCAL;DISTRITAL;DISTRITAL;0
I-769561;140113;LAMBAYEQUE;CHICLAYO;REQUE;-6.8864045;-79.7925464;Calle s / n / Calle s / n;LOCAL;DISTRITAL;DISTRITAL;0
I-754802;200208;PIURA;AYABACA;SAPILLICA;-4.786477;-80.0372527;Calle s / n / Calle s / n;VECINAL;PROVINCIAL;DISTRITAL;0
I-684546;140307;LAMBAYEQUE;LAMBAYEQUE;MOTUPE;-6.3104526;-79.7605647;Calle s / n / Calle s / n;LOCAL;DISTRITAL;DISTRITAL;0
I-684524;140307;LAMBAYEQUE;LAMBAYEQUE;MOTUPE;-6.2686379;-79.7398824;Calle s / n / Calle s / n;LOCAL;DISTRITAL;DISTRITAL;0
I-723828;200208;PIURA;AYABACA;SAPILLICA;-4.8500325;-79.999617;Calle s / n / Calle s / n;VECINAL;PROVINCIAL;DISTRITAL;0
I-684527;140307;LAMBAYEQUE;LAMBAYEQUE;MOTUPE;-6.2740504;-79.7386229;Calle s / n / Calle s / n;LOCAL;DISTRITAL;DISTRITAL;0
I-684529;140307;LAMBAYEQUE;LAMBAYEQUE;MOTUPE;-6.2751114;-79.7318072;Calle s / n / Calle s / n;LOCAL;DISTRITAL;DISTRITAL;0
I-684530;140307;LAMBAYEQUE;LAMBAYEQUE;MOTUPE;-6.2735357;-79.7357031;Calle s / n / Calle s / n;LOCAL;DISTRITAL;DISTRITAL;0
I-684531;140307;LAMBAYEQUE;LAMBAYEQUE;MOTUPE;-6.274723;-79.7362558;Calle s / n / Calle s / n;LOCAL;DISTRITAL;DISTRITAL;0
I-684532;140307;LAMBAYEQUE;LAMBAYEQUE;MOTUPE;-6.2742551;-79.733467;Calle s / n / Calle s / n;LOCAL;DISTRITAL;DISTRITAL;0
I-690468;200202;PIURA;AYABACA;FRIAS;-5.0104878;-80.0434099;Calle s / n / Calle s / n;LOCAL;DISTRITAL;DISTRITAL;0
I-723827;200208;PIURA;AYABACA;SAPILLICA;-4.8501688;-80.0007355;Calle s / n / Calle s / n;VECINAL;PROVINCIAL;DISTRITAL;0
I-723826;200208;PIURA;AYABACA;SAPILLICA;-4.8560191;-80.0083597;Calle s / n / Calle s / n;VECINAL;PROVINCIAL;DISTRITAL;0
I-697287;200202;PIURA;AYABACA;FRIAS;-4.9272641;-79.817483;Calle s / n / Calle s / n;LOCAL;DISTRITAL;DISTRITAL;0
I-709169;200208;PIURA;AYABACA;SAPILLICA;-4.7039049;-79.9810501;Calle s / n / Calle s / n;VECINAL;PROVINCIAL;DISTRITAL;0
I-633367;200405;PIURA;MORROPON;MORROPON;-5.1892513;-79.9713631;Jirón Luis de la Puente Uceda / Calle s / n;VECINAL;PROVINCIAL;DISTRITAL;0
I-405063;200405;PIURA;MORROPON;MORROPON;-5.1870945;-79.9557024;Calle s / n / Calle s / n;VECINAL;PROVINCIAL;DISTRITAL;0
I-405072;200405;PIURA;MORROPON;MORROPON;-5.1943655;-79.9556908;Calle s / n / Calle s / n;VECINAL;PROVINCIAL;DISTRITAL;0
I-199581;200705;PIURA;TALARA;LOS ORGANOS;-4.1811216;-81.1254179;Calle s / n / Calle s / n;VECINAL;PROVINCIAL;DISTRITAL;0
I-387332;200805;PIURA;SECHURA;VICE;-5.4550269;-80.8114506;Calle s / n / Calle s / n;VECINAL;PROVINCIAL;DISTRITAL;0
I-716311;200202;PIURA;AYABACA;FRIAS;-4.981302;-79.8783624;Calle s / n / Calle s / n;LOCAL;DISTRITAL;DISTRITAL;0
I-259749;200805;PIURA;SECHURA;VICE;-5.4414584;-80.7748373;Carretera Vice - Sanchez / Calle s / n;VECINAL;PROVINCIAL;DISTRITAL;0
I-547250;210102;PUNO;PUNO;ACORA;-16.039521;-69.699906;Calle s / n / Calle s / n;LOCAL;DISTRITAL;DISTRITAL;0
I-259748;200805;PIURA;SECHURA;VICE;-5.4421395;-80.7748003;Carretera Vice - Sanchez / Calle s / n;VECINAL;PROVINCIAL;DISTRITAL;0
I-259746;200805;PIURA;SECHURA;VICE;-5.4427628;-80.7749034;Carretera Vice - Sanchez / Calle s / n;VECINAL;PROVINCIAL;DISTRITAL;0
I-259745;200805;PIURA;SECHURA;VICE;-5.4438859;-80.7751989;Carretera Vice - Sanchez / Calle s / n;VECINAL;PROVINCIAL;DISTRITAL;0
I-259646;200805;PIURA;SECHURA;VICE;-5.4639549;-80.7815494;Calle s / n / Calle s / n;VECINAL;PROVINCIAL;DISTRITAL;0
I-387329;200805;PIURA;SECHURA;VICE;-5.4359091;-80.8048014;Calle s / n / Calle s / n;VECINAL;PROVINCIAL;DISTRITAL;0
I-547256;210102;PUNO;PUNO;ACORA;-16.0543649;-69.6744037;Calle s / n / Calle s / n;LOCAL;DISTRITAL;DISTRITAL;0
I-547257;210102;PUNO;PUNO;ACORA;-16.0543142;-69.6762009;Calle s / n / Calle s / n;LOCAL;DISTRITAL;DISTRITAL;0
I-360457;210601;PUNO;HUANCANE;HUANCANE;-15.282095;-69.7247682;Calle s / n / Calle s / n;VECINAL;PROVINCIAL;PROVINCIAL;0
I-567737;211201;PUNO;SANDIA;SANDIA;-14.3176248;-69.4562349;Carretera a Chiriguaya / Calle s / n;VECINAL;PROVINCIAL;PROVINCIAL;0
I-567736;211201;PUNO;SANDIA;SANDIA;-14.3198367;-69.461982;Carretera a Chiriguaya / Pasaje 2;VECINAL;PROVINCIAL;PROVINCIAL;0
I-188395;210301;PUNO;CARABAYA;MACUSANI;-14.0672359;-70.4363707;Avenida Puno / Calle s / n;LOCAL;DISTRITAL;PROVINCIAL;0
I-265082;210301;PUNO;CARABAYA;MACUSANI;-13.9209973;-70.514315;Calle s / n / Calle s / n;LOCAL;DISTRITAL;PROVINCIAL;0
I-825156;211201;PUNO;SANDIA;SANDIA;-14.316752;-69.4413856;Calle s / n / Calle s / n;VECINAL;PROVINCIAL;PROVINCIAL;0
I-224228;210301;PUNO;CARABAYA;MACUSANI;-13.9906597;-70.4597542;Calle s / n / Calle s / n;LOCAL;DISTRITAL;PROVINCIAL;0
I-224226;210301;PUNO;CARABAYA;MACUSANI;-13.9962792;-70.4580073;Calle s / n / Calle s / n;LOCAL;DISTRITAL;PROVINCIAL;0
I-224224;210301;PUNO;CARABAYA;MACUSANI;-13.9954344;-70.4570668;Calle s / n / Calle s / n;LOCAL;DISTRITAL;PROVINCIAL;0
I-224223;210301;PUNO;CARABAYA;MACUSANI;-13.9943063;-70.455861;Calle s / n / Calle s / n;LOCAL;DISTRITAL;PROVINCIAL;0
I-224222;210301;PUNO;CARABAYA;MACUSANI;-13.991363;-70.4582221;Calle s / n / Calle s / n;LOCAL;DISTRITAL;PROVINCIAL;0
I-224220;210301;PUNO;CARABAYA;MACUSANI;-13.9928814;-70.4603819;Calle s / n / Calle s / n;LOCAL;DISTRITAL;PROVINCIAL;0
I-224217;210301;PUNO;CARABAYA;MACUSANI;-13.9944704;-70.4592498;Calle s / n / Calle s / n;LOCAL;DISTRITAL;PROVINCIAL;0
I-825152;211201;PUNO;SANDIA;SANDIA;-14.3056895;-69.4348316;Calle s / n / Calle s / n;VECINAL;PROVINCIAL;PROVINCIAL;0
I-265088;210301;PUNO;CARABAYA;MACUSANI;-13.9199205;-70.5141109;Calle s / n / Calle s / n;LOCAL;DISTRITAL;PROVINCIAL;0
I-265095;210301;PUNO;CARABAYA;MACUSANI;-13.9278883;-70.5119927;Calle s / n / Calle s / n;LOCAL;DISTRITAL;PROVINCIAL;0
I-399649;210301;PUNO;CARABAYA;MACUSANI;-14.062056;-70.4342347;Carretera Interoceánica Puno - Madre de Dios / Calle s / n;LOCAL;DISTRITAL;PROVINCIAL;0
I-44717;021803;ANCASH;SANTA;COISHCO;-9.0280759;-78.6177149;Calle Leoncio Prado / Jirón San Luis;LOCAL;DISTRITAL;DISTRITAL;0
I-496453;021803;ANCASH;SANTA;COISHCO;-9.024078;-78.6196648;Jirón María Parado de Bellido / Calle s / n;LOCAL;DISTRITAL;DISTRITAL;0
I-825151;211201;PUNO;SANDIA;SANDIA;-14.2836031;-69.4259595;Calle s / n / Calle s / n;VECINAL;PROVINCIAL;PROVINCIAL;0
I-496443;021803;ANCASH;SANTA;COISHCO;-9.018412;-78.6206062;Calle Marisol / Calle ocho;LOCAL;DISTRITAL;DISTRITAL;0
I-496450;021803;ANCASH;SANTA;COISHCO;-9.0246626;-78.6206036;Calle s / n / Calle s / n;LOCAL;DISTRITAL;DISTRITAL;0
I-496481;021803;ANCASH;SANTA;COISHCO;-9.0176176;-78.6132543;Pasaje Alto Reservorio / Pasaje Castilla;LOCAL;DISTRITAL;DISTRITAL;0
I-240952;030601;APURIMAC;CHINCHEROS;CHINCHEROS;-13.5612041;-73.7230454;Calle s / n / Calle s / n;VECINAL;PROVINCIAL;PROVINCIAL;0
I-240950;030601;APURIMAC;CHINCHEROS;CHINCHEROS;-13.5420286;-73.7305461;Calle s / n / Calle s / n;VECINAL;PROVINCIAL;PROVINCIAL;0
I-496466;021803;ANCASH;SANTA;COISHCO;-9.0193117;-78.6192705;Calle s / n / Calle s / n;LOCAL;DISTRITAL;DISTRITAL;0
I-240949;030601;APURIMAC;CHINCHEROS;CHINCHEROS;-13.5419059;-73.7316118;Calle s / n / Calle s / n;VECINAL;PROVINCIAL;PROVINCIAL;0
I-442248;021803;ANCASH;SANTA;COISHCO;-9.0304976;-78.6174098;Calle Unión / Jirón Pacasmayo;LOCAL;DISTRITAL;DISTRITAL;0
I-240948;030601;APURIMAC;CHINCHEROS;CHINCHEROS;-13.5551366;-73.7247688;Calle s / n / Calle s / n;VECINAL;PROVINCIAL;PROVINCIAL;0
I-557237;110110;ICA;ICA;SAN JUAN BAUTISTA;-13.9711644;-75.7284977;Calle s / n / Calle s / n;LOCAL;DISTRITAL;DISTRITAL;0
I-495089;110110;ICA;ICA;SAN JUAN BAUTISTA;-14.0250843;-75.7364409;Calle s / n / Calle s / n;LOCAL;DISTRITAL;DISTRITAL;0
I-494768;110110;ICA;ICA;SAN JUAN BAUTISTA;-14.0151633;-75.7431445;Calle s / n / Calle s / n;LOCAL;DISTRITAL;DISTRITAL;0
I-494767;110110;ICA;ICA;SAN JUAN BAUTISTA;-14.015905;-75.7417926;Calle s / n / Calle s / n;LOCAL;DISTRITAL;DISTRITAL;0
I-595257;110110;ICA;ICA;SAN JUAN BAUTISTA;-14.0005147;-75.7340773;Calle s / n / Calle s / n;LOCAL;DISTRITAL;DISTRITAL;0
I-490641;110110;ICA;ICA;SAN JUAN BAUTISTA;-14.0319481;-75.7379748;Calle s / n / Calle s / n;LOCAL;DISTRITAL;DISTRITAL;0
I-490640;110110;ICA;ICA;SAN JUAN BAUTISTA;-14.0319799;-75.7340014;Calle s / n / Calle s / n;LOCAL;DISTRITAL;DISTRITAL;0
I-566968;040126;AREQUIPA;AREQUIPA;YANAHUARA;-16.3724328;-71.5337133;Avenida Chilina / Calle s / n;VECINAL;PROVINCIAL;DISTRITAL;0
I-408742;040126;AREQUIPA;AREQUIPA;YANAHUARA;-16.3959692;-71.5597961;Calle s / n / Calle s / n;VECINAL;PROVINCIAL;DISTRITAL;0
I-461426;110110;ICA;ICA;SAN JUAN BAUTISTA;-13.989804;-75.7430307;Calle s / n / Calle s / n;LOCAL;DISTRITAL;DISTRITAL;0
I-426216;110110;ICA;ICA;SAN JUAN BAUTISTA;-14.014786;-75.7481119;Calle s / n / Calle s / n;LOCAL;DISTRITAL;DISTRITAL;0
I-426215;110110;ICA;ICA;SAN JUAN BAUTISTA;-14.0147879;-75.7462236;Calle s / n / Calle s / n;LOCAL;DISTRITAL;DISTRITAL;0
I-595258;110110;ICA;ICA;SAN JUAN BAUTISTA;-14.0043573;-75.7343032;Calle s / n / Calle s / n;LOCAL;DISTRITAL;DISTRITAL;0
I-83927;040126;AREQUIPA;AREQUIPA;YANAHUARA;-16.3913501;-71.5431228;Avenida Ejército / Avenida Emmel;VECINAL;PROVINCIAL;DISTRITAL;0
I-547761;040208;AREQUIPA;CAMANA;SAMUEL PASTOR;-16.6567116;-72.6568292;Calle s / n / Calle s / n;LOCAL;DISTRITAL;DISTRITAL;0
I-547758;040208;AREQUIPA;CAMANA;SAMUEL PASTOR;-16.6560687;-72.6558032;Calle s / n / Calle s / n;LOCAL;DISTRITAL;DISTRITAL;0
I-547753;040208;AREQUIPA;CAMANA;SAMUEL PASTOR;-16.6219625;-72.6926379;Calle s / n / Calle s / n;LOCAL;DISTRITAL;DISTRITAL;0
I-547752;040208;AREQUIPA;CAMANA;SAMUEL PASTOR;-16.633554;-72.6849403;Calle s / n / Calle s / n;LOCAL;DISTRITAL;DISTRITAL;0
I-547736;040208;AREQUIPA;CAMANA;SAMUEL PASTOR;-16.5915889;-72.7093444;Calle Jhon Kennedy / Calle s / n;LOCAL;DISTRITAL;DISTRITAL;0
I-547733;040208;AREQUIPA;CAMANA;SAMUEL PASTOR;-16.6020803;-72.7118901;Calle s / n / Calle s / n;LOCAL;DISTRITAL;DISTRITAL;0
I-547730;040208;AREQUIPA;CAMANA;SAMUEL PASTOR;-16.610271;-72.7075745;Calle s / n / Calle s / n;LOCAL;DISTRITAL;DISTRITAL;0
I-482485;040208;AREQUIPA;CAMANA;SAMUEL PASTOR;-16.6517955;-72.6791065;Calle s / n / Calle s / n;LOCAL;DISTRITAL;DISTRITAL;0
I-547765;040208;AREQUIPA;CAMANA;SAMUEL PASTOR;-16.6572899;-72.6554579;Calle s / n / Calle s / n;LOCAL;DISTRITAL;DISTRITAL;0
I-482479;040208;AREQUIPA;CAMANA;SAMUEL PASTOR;-16.6523736;-72.6744661;Calle s / n / Calle s / n;LOCAL;DISTRITAL;DISTRITAL;0
I-558906;040208;AREQUIPA;CAMANA;SAMUEL PASTOR;-16.6586886;-72.6432126;Calle s / n / Calle s / n;LOCAL;DISTRITAL;DISTRITAL;0
I-558904;040208;AREQUIPA;CAMANA;SAMUEL PASTOR;-16.6590719;-72.6421997;Calle s / n / Calle s / n;LOCAL;DISTRITAL;DISTRITAL;0
I-558635;040208;AREQUIPA;CAMANA;SAMUEL PASTOR;-16.6062692;-72.7037461;Avenida Lima / Calle s / n;LOCAL;DISTRITAL;DISTRITAL;0
I-230153;200706;PIURA;TALARA;MANCORA;-4.1119725;-81.0601541;Calle s / n / Calle s / n;LOCAL;DISTRITAL;DISTRITAL;0
I-230140;200706;PIURA;TALARA;MANCORA;-4.1049257;-81.0457669;Jirón Tumbes / Calle s / n;LOCAL;DISTRITAL;DISTRITAL;0
I-230141;200706;PIURA;TALARA;MANCORA;-4.102148;-81.0481363;Calle s / n / Calle s / n;LOCAL;DISTRITAL;DISTRITAL;0
I-230143;200706;PIURA;TALARA;MANCORA;-4.1059015;-81.0412456;Calle s / n / Calle s / n;LOCAL;DISTRITAL;DISTRITAL;0
I-230144;200706;PIURA;TALARA;MANCORA;-4.1064127;-81.0420683;Calle s / n / Calle s / n;LOCAL;DISTRITAL;DISTRITAL;0
I-230147;200706;PIURA;TALARA;MANCORA;-4.1074289;-81.04532;Calle Lobitos / Calle Mariscal Sucre;LOCAL;DISTRITAL;DISTRITAL;0
I-230150;200706;PIURA;TALARA;MANCORA;-4.1006608;-81.0463303;Calle s / n / Calle s / n;LOCAL;DISTRITAL;DISTRITAL;0
I-230152;200706;PIURA;TALARA;MANCORA;-4.1017102;-81.0468152;Calle s / n / Calle s / n;LOCAL;DISTRITAL;DISTRITAL;0
I-230154;200706;PIURA;TALARA;MANCORA;-4.1072756;-81.0469077;Calle Ramón Castilla / Calle Talara;LOCAL;DISTRITAL;DISTRITAL;0
I-230101;200706;PIURA;TALARA;MANCORA;-4.1023245;-81.0407587;Calle s / n / Calle s / n;LOCAL;DISTRITAL;DISTRITAL;0
I-230156;200706;PIURA;TALARA;MANCORA;-4.1031971;-81.0427761;Calle s / n / Calle s / n;LOCAL;DISTRITAL;DISTRITAL;0
I-36627;140114;LAMBAYEQUE;CHICLAYO;SANTA ROSA;-6.8789941;-79.9229524;Calle Rosario Llontop / Jirón Lambayeque;LOCAL;DISTRITAL;DISTRITAL;0
I-578013;140114;LAMBAYEQUE;CHICLAYO;SANTA ROSA;-6.8862341;-79.914044;Calle s / n / Calle s / n;LOCAL;DISTRITAL;DISTRITAL;0
I-578004;140114;LAMBAYEQUE;CHICLAYO;SANTA ROSA;-6.8813609;-79.9193929;Calle 8 de Octubre / Calle Manuel Seoane;LOCAL;DISTRITAL;DISTRITAL;0
I-578002;140114;LAMBAYEQUE;CHICLAYO;SANTA ROSA;-6.8811146;-79.9168494;Calle 8 de Octubre / Calle Fray Bartolomé;LOCAL;DISTRITAL;DISTRITAL;0
I-578000;140114;LAMBAYEQUE;CHICLAYO;SANTA ROSA;-6.8823922;-79.9123777;Calle s / n / Calle s / n;LOCAL;DISTRITAL;DISTRITAL;0
I-577998;140114;LAMBAYEQUE;CHICLAYO;SANTA ROSA;-6.8800994;-79.914187;Calle 7 de Junio / Calle s / n;LOCAL;DISTRITAL;DISTRITAL;0
I-577997;140114;LAMBAYEQUE;CHICLAYO;SANTA ROSA;-6.8800215;-79.9127552;Calle 7 de Junio / Calle s / n;LOCAL;DISTRITAL;DISTRITAL;0
I-577996;140114;LAMBAYEQUE;CHICLAYO;SANTA ROSA;-6.880867;-79.9147332;Calle 8 de Octubre / Calle s / n;LOCAL;DISTRITAL;DISTRITAL;0
I-578018;140114;LAMBAYEQUE;CHICLAYO;SANTA ROSA;-6.8854933;-79.9158408;Calle s / n / Calle s / n;LOCAL;DISTRITAL;DISTRITAL;0
I-578020;140114;LAMBAYEQUE;CHICLAYO;SANTA ROSA;-6.8845524;-79.9159643;Calle Francisco Pizarro / Calle s / n;LOCAL;DISTRITAL;DISTRITAL;0
I-578021;140114;LAMBAYEQUE;CHICLAYO;SANTA ROSA;-6.8842152;-79.9131355;Calle s / n / Calle s / n;LOCAL;DISTRITAL;DISTRITAL;0
I-578040;140114;LAMBAYEQUE;CHICLAYO;SANTA ROSA;-6.884268;-79.9091829;Calle s / n / Calle s / n;LOCAL;DISTRITAL;DISTRITAL;0
I-578039;140114;LAMBAYEQUE;CHICLAYO;SANTA ROSA;-6.8844375;-79.9104061;Calle s / n / Calle s / n;LOCAL;DISTRITAL;DISTRITAL;0
I-578038;140114;LAMBAYEQUE;CHICLAYO;SANTA ROSA;-6.8839586;-79.9067858;Calle s / n / Calle s / n;LOCAL;DISTRITAL;DISTRITAL;0
I-324971;060108;CAJAMARCA;CAJAMARCA;LOS BAÑOS DEL INCA;-7.1309968;-78.5068526;Avenida Alzamora Miranda / Calle s / n;VECINAL;PROVINCIAL;DISTRITAL;0
I-571327;120905;JUNIN;CHUPACA;HUAMANCACA CHICO;-12.0814455;-75.2528868;Calle s / n / Calle s / n;LOCAL;DISTRITAL;DISTRITAL;0
I-571326;120905;JUNIN;CHUPACA;HUAMANCACA CHICO;-12.078214;-75.2535498;Calle s / n / Calle s / n;LOCAL;DISTRITAL;DISTRITAL;0
I-571323;120905;JUNIN;CHUPACA;HUAMANCACA CHICO;-12.0762246;-75.2539021;Calle s / n / Calle s / n;LOCAL;DISTRITAL;DISTRITAL;0
I-571321;120905;JUNIN;CHUPACA;HUAMANCACA CHICO;-12.079958;-75.2531646;Calle s / n / Calle s / n;LOCAL;DISTRITAL;DISTRITAL;0
I-571318;120905;JUNIN;CHUPACA;HUAMANCACA CHICO;-12.0820923;-75.2537538;Calle s / n / Calle s / n;LOCAL;DISTRITAL;DISTRITAL;0
I-571307;120905;JUNIN;CHUPACA;HUAMANCACA CHICO;-12.0797561;-75.2551631;Calle s / n / Calle s / n;LOCAL;DISTRITAL;DISTRITAL;0
I-571317;120905;JUNIN;CHUPACA;HUAMANCACA CHICO;-12.0811353;-75.2539194;Calle s / n / Calle s / n;LOCAL;DISTRITAL;DISTRITAL;0
I-571316;120905;JUNIN;CHUPACA;HUAMANCACA CHICO;-12.0795952;-75.2541957;Calle s / n / Calle s / n;LOCAL;DISTRITAL;DISTRITAL;0
I-324952;060108;CAJAMARCA;CAJAMARCA;LOS BAÑOS DEL INCA;-7.1390343;-78.4680917;Baños - Otuzco / Calle s / n;VECINAL;PROVINCIAL;DISTRITAL;0
I-571311;120905;JUNIN;CHUPACA;HUAMANCACA CHICO;-12.0788194;-75.2553372;Calle s / n / Calle s / n;LOCAL;DISTRITAL;DISTRITAL;0
I-647348;130403;LA LIBERTAD;CHEPEN;PUEBLO NUEVO;-7.1978468;-79.5125042;Calle s / n / Calle s / n;LOCAL;DISTRITAL;DISTRITAL;0
I-324951;060108;CAJAMARCA;CAJAMARCA;LOS BAÑOS DEL INCA;-7.1641923;-78.4649813;Avenida Manco Capac / Jirón Cápac Yupanqui;VECINAL;PROVINCIAL;DISTRITAL;0
I-647337;130403;LA LIBERTAD;CHEPEN;PUEBLO NUEVO;-7.2015562;-79.5194344;Calle s / n / Calle s / n;LOCAL;DISTRITAL;DISTRITAL;0
I-647350;130403;LA LIBERTAD;CHEPEN;PUEBLO NUEVO;-7.1998507;-79.5132823;Calle s / n / Calle s / n;LOCAL;DISTRITAL;DISTRITAL;0
I-647402;130403;LA LIBERTAD;CHEPEN;PUEBLO NUEVO;-7.2024907;-79.5145083;Calle s / n / Calle s / n;LOCAL;DISTRITAL;DISTRITAL;0
I-746088;060501;CAJAMARCA;CONTUMAZA;CONTUMAZA;-7.4112078;-78.7795419;Calle s / n / Calle s / n;VECINAL;PROVINCIAL;PROVINCIAL;0
I-685292;060501;CAJAMARCA;CONTUMAZA;CONTUMAZA;-7.2734393;-78.650723;Calle s / n / Calle s / n;VECINAL;PROVINCIAL;PROVINCIAL;0
I-685293;060501;CAJAMARCA;CONTUMAZA;CONTUMAZA;-7.2784049;-78.6536541;Calle s / n / Calle s / n;VECINAL;PROVINCIAL;PROVINCIAL;0
I-647325;130403;LA LIBERTAD;CHEPEN;PUEBLO NUEVO;-7.2013416;-79.5182634;Calle s / n / Calle s / n;LOCAL;DISTRITAL;DISTRITAL;0
I-647329;130403;LA LIBERTAD;CHEPEN;PUEBLO NUEVO;-7.202378;-79.5202243;Calle s / n / Calle s / n;LOCAL;DISTRITAL;DISTRITAL;0
I-647331;130403;LA LIBERTAD;CHEPEN;PUEBLO NUEVO;-7.2028671;-79.5187399;Calle s / n / Calle s / n;LOCAL;DISTRITAL;DISTRITAL;0
I-647334;130403;LA LIBERTAD;CHEPEN;PUEBLO NUEVO;-7.203325;-79.5174137;Calle s / n / Calle s / n;LOCAL;DISTRITAL;DISTRITAL;0
I-669435;130403;LA LIBERTAD;CHEPEN;PUEBLO NUEVO;-7.1650709;-79.5519054;Calle s / n / Calle s / n;LOCAL;DISTRITAL;DISTRITAL;0
I-395360;050507;AYACUCHO;LA MAR;SANTA ROSA;-12.7218589;-73.7240218;Calle s / n / Calle s / n;LOCAL;DISTRITAL;DISTRITAL;0
I-527812;050507;AYACUCHO;LA MAR;SANTA ROSA;-12.7239873;-73.6725099;Calle s / n / Calle s / n;LOCAL;DISTRITAL;DISTRITAL;0
I-527810;050507;AYACUCHO;LA MAR;SANTA ROSA;-12.7240383;-73.6713727;Calle s / n / Calle s / n;LOCAL;DISTRITAL;DISTRITAL;0
I-395363;050507;AYACUCHO;LA MAR;SANTA ROSA;-12.7212261;-73.7229972;Jirón Las Flores / Jirón Ramon Castilla;LOCAL;DISTRITAL;DISTRITAL;0
I-395354;050507;AYACUCHO;LA MAR;SANTA ROSA;-12.7201857;-73.723771;Calle s / n / Calle s / n;LOCAL;DISTRITAL;DISTRITAL;0
I-395353;050507;AYACUCHO;LA MAR;SANTA ROSA;-12.7200078;-73.7227209;Jirón Lolo Fernández / Calle s / n;LOCAL;DISTRITAL;DISTRITAL;0
I-527816;050507;AYACUCHO;LA MAR;SANTA ROSA;-12.7230559;-73.6715215;Calle s / n / Calle s / n;LOCAL;DISTRITAL;DISTRITAL;0
I-527827;050507;AYACUCHO;LA MAR;SANTA ROSA;-12.6933756;-73.6949171;Calle s / n / Calle s / n;LOCAL;DISTRITAL;DISTRITAL;0
I-527836;050507;AYACUCHO;LA MAR;SANTA ROSA;-12.6626464;-73.7185512;Calle s / n / Calle s / n;LOCAL;DISTRITAL;DISTRITAL;0
I-527835;050507;AYACUCHO;LA MAR;SANTA ROSA;-12.6964045;-73.6934287;Calle s / n / Calle s / n;LOCAL;DISTRITAL;DISTRITAL;0
I-527831;050507;AYACUCHO;LA MAR;SANTA ROSA;-12.6944958;-73.694141;Calle s / n / Calle s / n;LOCAL;DISTRITAL;DISTRITAL;0
I-685355;060501;CAJAMARCA;CONTUMAZA;CONTUMAZA;-7.390188;-78.7034697;Calle s / n / Calle s / n;VECINAL;PROVINCIAL;PROVINCIAL;0
I-277147;030602;APURIMAC;CHINCHEROS;ANCO_HUALLO;-13.5393806;-73.6663877;Calle s / n / Calle s / n;LOCAL;DISTRITAL;DISTRITAL;0
I-277148;030602;APURIMAC;CHINCHEROS;ANCO_HUALLO;-13.5440475;-73.6643889;Calle s / n / Calle s / n;LOCAL;DISTRITAL;DISTRITAL;0
I-277150;030602;APURIMAC;CHINCHEROS;ANCO_HUALLO;-13.5391973;-73.6567972;Calle s / n / Calle s / n;LOCAL;DISTRITAL;DISTRITAL;0
I-277151;030602;APURIMAC;CHINCHEROS;ANCO_HUALLO;-13.5388852;-73.6625569;Calle s / n / Calle s / n;LOCAL;DISTRITAL;DISTRITAL;0
I-277153;030602;APURIMAC;CHINCHEROS;ANCO_HUALLO;-13.533617;-73.670523;Avenida Francisco Bolognesi / Calle Miguel Grau;LOCAL;DISTRITAL;DISTRITAL;0
I-277155;030602;APURIMAC;CHINCHEROS;ANCO_HUALLO;-13.5394246;-73.6633977;Calle s / n / Calle s / n;LOCAL;DISTRITAL;DISTRITAL;0
I-277156;030602;APURIMAC;CHINCHEROS;ANCO_HUALLO;-13.5390885;-73.6643292;Calle s / n / Calle s / n;LOCAL;DISTRITAL;DISTRITAL;0
I-277157;030602;APURIMAC;CHINCHEROS;ANCO_HUALLO;-13.5358676;-73.6688852;Avenida Francisco Bolognesi / Calle s / n;LOCAL;DISTRITAL;DISTRITAL;0
I-277159;030602;APURIMAC;CHINCHEROS;ANCO_HUALLO;-13.5368954;-73.6670318;Calle s / n / Calle s / n;LOCAL;DISTRITAL;DISTRITAL;0
I-685354;060501;CAJAMARCA;CONTUMAZA;CONTUMAZA;-7.3884503;-78.699967;Calle s / n / Calle s / n;VECINAL;PROVINCIAL;PROVINCIAL;0
I-32269;040702;AREQUIPA;ISLAY;COCACHACRA;-16.9435996;-71.7863649;camino a Naradavan / Calle s / n;LOCAL;DISTRITAL;DISTRITAL;0
I-463029;040702;AREQUIPA;ISLAY;COCACHACRA;-17.0550545;-71.7225738;Calle s / n / Calle s / n;LOCAL;DISTRITAL;DISTRITAL;0
I-463028;040702;AREQUIPA;ISLAY;COCACHACRA;-17.0510683;-71.7198889;Calle s / n / Calle s / n;LOCAL;DISTRITAL;DISTRITAL;0
I-685353;060501;CAJAMARCA;CONTUMAZA;CONTUMAZA;-7.3901843;-78.7029677;Calle s / n / Calle s / n;VECINAL;PROVINCIAL;PROVINCIAL;0
I-399397;040702;AREQUIPA;ISLAY;COCACHACRA;-17.1036157;-71.7459188;Calle s / n / Calle s / n;LOCAL;DISTRITAL;DISTRITAL;0
I-399396;040702;AREQUIPA;ISLAY;COCACHACRA;-17.0887617;-71.7396183;Calle s / n / Calle s / n;LOCAL;DISTRITAL;DISTRITAL;0
I-397837;040702;AREQUIPA;ISLAY;COCACHACRA;-17.0000911;-71.6403732;Calle s / n / Calle s / n;LOCAL;DISTRITAL;DISTRITAL;0
I-685352;060501;CAJAMARCA;CONTUMAZA;CONTUMAZA;-7.3902621;-78.692748;Calle s / n / Calle s / n;VECINAL;PROVINCIAL;PROVINCIAL;0
I-685328;060501;CAJAMARCA;CONTUMAZA;CONTUMAZA;-7.3782086;-78.6879159;Calle s / n / Calle s / n;VECINAL;PROVINCIAL;PROVINCIAL;0
I-368183;040702;AREQUIPA;ISLAY;COCACHACRA;-16.9853864;-71.6251574;Calle s / n / Calle s / n;LOCAL;DISTRITAL;DISTRITAL;0
I-368163;040702;AREQUIPA;ISLAY;COCACHACRA;-16.9854127;-71.6286375;Calle s / n / Calle s / n;LOCAL;DISTRITAL;DISTRITAL;0
I-368182;040702;AREQUIPA;ISLAY;COCACHACRA;-17.0492437;-71.7083394;Calle s / n / Calle s / n;LOCAL;DISTRITAL;DISTRITAL;0
I-565007;061001;CAJAMARCA;SAN MARCOS;PEDRO GALVEZ;-7.3403263;-78.3042759;Calle s / n / Calle s / n;VECINAL;PROVINCIAL;PROVINCIAL;0
I-558889;061101;CAJAMARCA;SAN MIGUEL;SAN MIGUEL;-6.970295;-78.8377082;Calle s / n / Calle s / n;VECINAL;PROVINCIAL;PROVINCIAL;0
I-668047;060802;CAJAMARCA;JAEN;BELLAVISTA;-5.5382823;-78.8228012;Calle s / n / Calle s / n;LOCAL;DISTRITAL;DISTRITAL;0
I-238837;061101;CAJAMARCA;SAN MIGUEL;SAN MIGUEL;-6.9992731;-78.8519766;Calle s / n / Calle s / n;VECINAL;PROVINCIAL;PROVINCIAL;0
I-238836;061101;CAJAMARCA;SAN MIGUEL;SAN MIGUEL;-6.9982072;-78.8516027;Calle s / n / Calle s / n;VECINAL;PROVINCIAL;PROVINCIAL;0
I-238833;061101;CAJAMARCA;SAN MIGUEL;SAN MIGUEL;-7.0003231;-78.8523331;Calle s / n / Calle s / n;VECINAL;PROVINCIAL;PROVINCIAL;0
I-238832;061101;CAJAMARCA;SAN MIGUEL;SAN MIGUEL;-7.1769617;-79.0118307;Calle s / n / Calle s / n;VECINAL;PROVINCIAL;PROVINCIAL;0
I-238830;061101;CAJAMARCA;SAN MIGUEL;SAN MIGUEL;-7.1762665;-79.0112115;Calle s / n / Calle s / n;VECINAL;PROVINCIAL;PROVINCIAL;0
I-209575;081101;CUSCO;PAUCARTAMBO;PAUCARTAMBO;-13.2984282;-71.5900256;Calle s / n / Calle s / n;VECINAL;PROVINCIAL;PROVINCIAL;0
I-209801;081101;CUSCO;PAUCARTAMBO;PAUCARTAMBO;-13.2926735;-71.6086734;Calle s / n / Calle s / n;VECINAL;PROVINCIAL;PROVINCIAL;0
I-645635;060802;CAJAMARCA;JAEN;BELLAVISTA;-5.4488502;-78.8319386;Calle s / n / Calle s / n;LOCAL;DISTRITAL;DISTRITAL;0
I-209799;081101;CUSCO;PAUCARTAMBO;PAUCARTAMBO;-13.3113515;-71.5992818;Calle s / n / Calle s / n;VECINAL;PROVINCIAL;PROVINCIAL;0
I-635754;060802;CAJAMARCA;JAEN;BELLAVISTA;-5.5398061;-78.8002431;Calle s / n / Calle s / n;LOCAL;DISTRITAL;DISTRITAL;0
I-209798;081101;CUSCO;PAUCARTAMBO;PAUCARTAMBO;-13.3143458;-71.5991255;Calle s / n / Calle s / n;VECINAL;PROVINCIAL;PROVINCIAL;0
I-344483;020606;ANCASH;CARHUAZ;MARCARA;-9.2871191;-77.4536651;Calle s / n / Calle s / n;LOCAL;DISTRITAL;DISTRITAL;0
I-209797;081101;CUSCO;PAUCARTAMBO;PAUCARTAMBO;-13.3117521;-71.5993161;Calle s / n / Calle s / n;VECINAL;PROVINCIAL;PROVINCIAL;0
I-209795;081101;CUSCO;PAUCARTAMBO;PAUCARTAMBO;-13.3152013;-71.5988499;Calle s / n / Calle s / n;VECINAL;PROVINCIAL;PROVINCIAL;0
I-344584;020606;ANCASH;CARHUAZ;MARCARA;-9.2886578;-77.574082;Calle s / n / Calle s / n;LOCAL;DISTRITAL;DISTRITAL;0
I-209583;081101;CUSCO;PAUCARTAMBO;PAUCARTAMBO;-13.3061063;-71.5418887;Calle s / n / Calle s / n;VECINAL;PROVINCIAL;PROVINCIAL;0
I-344582;020606;ANCASH;CARHUAZ;MARCARA;-9.2927713;-77.5577617;Calle s / n / Calle s / n;LOCAL;DISTRITAL;DISTRITAL;0
I-344581;020606;ANCASH;CARHUAZ;MARCARA;-9.2910115;-77.5579694;Calle s / n / Calle s / n;LOCAL;DISTRITAL;DISTRITAL;0
I-209582;081101;CUSCO;PAUCARTAMBO;PAUCARTAMBO;-13.2949331;-71.5867962;Calle s / n / Calle s / n;VECINAL;PROVINCIAL;PROVINCIAL;0
I-569899;130601;LA LIBERTAD;OTUZCO;OTUZCO;-7.8924787;-78.6449868;Calle s / n / Calle s / n;VECINAL;PROVINCIAL;PROVINCIAL;0
I-344578;020606;ANCASH;CARHUAZ;MARCARA;-9.3150927;-77.5460374;Calle s / n / Calle s / n;LOCAL;DISTRITAL;DISTRITAL;0
I-201228;130206;LA LIBERTAD;ASCOPE;RAZURI;-7.7015768;-79.4371226;Calle s / n / Calle s / n;LOCAL;DISTRITAL;DISTRITAL;0
I-737240;130206;LA LIBERTAD;ASCOPE;RAZURI;-7.7135725;-79.3972707;Calle s / n / Calle s / n;LOCAL;DISTRITAL;DISTRITAL;0
I-737238;130206;LA LIBERTAD;ASCOPE;RAZURI;-7.7136863;-79.3961069;Calle s / n / Calle s / n;LOCAL;DISTRITAL;DISTRITAL;0
I-706445;130601;LA LIBERTAD;OTUZCO;OTUZCO;-7.8301784;-78.5612167;Calle s / n / Calle s / n;VECINAL;PROVINCIAL;PROVINCIAL;0
I-706581;130601;LA LIBERTAD;OTUZCO;OTUZCO;-7.9056528;-78.6236033;Calle s / n / Calle s / n;VECINAL;PROVINCIAL;PROVINCIAL;0
I-706582;130601;LA LIBERTAD;OTUZCO;OTUZCO;-7.9040742;-78.6161307;Calle s / n / Calle s / n;VECINAL;PROVINCIAL;PROVINCIAL;0
I-539005;130809;LA LIBERTAD;PATAZ;PATAZ;-7.7197309;-77.6480788;Calle s / n / Calle s / n;VECINAL;PROVINCIAL;DISTRITAL;0
I-723286;130809;LA LIBERTAD;PATAZ;PATAZ;-7.6316815;-77.6336002;Calle s / n / Calle s / n;VECINAL;PROVINCIAL;DISTRITAL;0
I-630063;150509;LIMA;CAÑETE;MALA;-12.6949405;-76.622526;Calle s / n / Calle s / n;VECINAL;PROVINCIAL;DISTRITAL;0
I-57895;150805;LIMA;HUAURA;HUALMAY;-11.1007134;-77.6211552;José Olaya / Calle s / n;VECINAL;PROVINCIAL;DISTRITAL;0
I-57893;150805;LIMA;HUAURA;HUALMAY;-11.1017444;-77.6202001;José Olaya / Calle s / n;VECINAL;PROVINCIAL;DISTRITAL;0
I-548895;210806;PUNO;MELGAR;NUÑOA;-14.4733409;-70.7107033;Calle s / n / Calle s / n;LOCAL;DISTRITAL;DISTRITAL;0
I-548894;210806;PUNO;MELGAR;NUÑOA;-14.4956906;-70.6421519;Calle s / n / Calle s / n;LOCAL;DISTRITAL;DISTRITAL;0
I-57892;150805;LIMA;HUAURA;HUALMAY;-11.1034042;-77.6157061;Jose Olaya / José Olaya;VECINAL;PROVINCIAL;DISTRITAL;0
I-361882;210806;PUNO;MELGAR;NUÑOA;-14.535199;-70.5715437;Calle s / n / Calle s / n;LOCAL;DISTRITAL;DISTRITAL;0
I-569526;200605;PIURA;SULLANA;MARCAVELICA;-4.8831292;-80.8234696;Calle s / n / Calle s / n;VECINAL;PROVINCIAL;DISTRITAL;0
I-361881;210806;PUNO;MELGAR;NUÑOA;-14.5054291;-70.6031415;Calle s / n / Calle s / n;LOCAL;DISTRITAL;DISTRITAL;0
I-459326;200605;PIURA;SULLANA;MARCAVELICA;-4.846979;-80.7284135;Calle s / n / Calle s / n;VECINAL;PROVINCIAL;DISTRITAL;0
I-552336;211001;PUNO;SAN ANTONIO DE PUTINA;PUTINA;-14.8887769;-69.7802245;Calle s / n / Calle s / n;VECINAL;PROVINCIAL;PROVINCIAL;0
I-361816;210806;PUNO;MELGAR;NUÑOA;-14.5818585;-70.6137107;Calle s / n / Calle s / n;LOCAL;DISTRITAL;DISTRITAL;0
I-198085;211001;PUNO;SAN ANTONIO DE PUTINA;PUTINA;-14.9141356;-69.8715854;Calle s / n / Calle s / n;VECINAL;PROVINCIAL;PROVINCIAL;0
I-198086;211001;PUNO;SAN ANTONIO DE PUTINA;PUTINA;-14.914282;-69.8698872;Calle s / n / Calle s / n;VECINAL;PROVINCIAL;PROVINCIAL;0
I-548902;210806;PUNO;MELGAR;NUÑOA;-14.2115912;-70.7764524;Calle s / n / Calle s / n;LOCAL;DISTRITAL;DISTRITAL;0
I-198087;211001;PUNO;SAN ANTONIO DE PUTINA;PUTINA;-14.9141071;-69.8720977;Calle s / n / Calle s / n;VECINAL;PROVINCIAL;PROVINCIAL;0
I-617585;080902;CUSCO;LA CONVENCION;ECHARATE;-12.5026618;-73.0524803;Calle s / n / Calle s / n;LOCAL;DISTRITAL;DISTRITAL;0
I-617584;080902;CUSCO;LA CONVENCION;ECHARATE;-12.4224819;-72.8613365;Calle s / n / Calle s / n;LOCAL;DISTRITAL;DISTRITAL;0
I-617583;080902;CUSCO;LA CONVENCION;ECHARATE;-12.4252289;-72.8684914;Calle s / n / Calle s / n;LOCAL;DISTRITAL;DISTRITAL;0
I-617582;080902;CUSCO;LA CONVENCION;ECHARATE;-12.4226993;-72.8632282;Calle s / n / Calle s / n;LOCAL;DISTRITAL;DISTRITAL;0
I-617581;080902;CUSCO;LA CONVENCION;ECHARATE;-12.42592;-72.8624673;Calle s / n / Calle s / n;LOCAL;DISTRITAL;DISTRITAL;0
I-617580;080902;CUSCO;LA CONVENCION;ECHARATE;-12.510382;-72.9381809;Calle s / n / Calle s / n;LOCAL;DISTRITAL;DISTRITAL;0
I-617579;080902;CUSCO;LA CONVENCION;ECHARATE;-12.4364172;-73.0387915;Calle s / n / Calle s / n;LOCAL;DISTRITAL;DISTRITAL;0
I-617578;080902;CUSCO;LA CONVENCION;ECHARATE;-12.43806;-73.0415553;Calle s / n / Calle s / n;LOCAL;DISTRITAL;DISTRITAL;0
I-617577;080902;CUSCO;LA CONVENCION;ECHARATE;-12.4932638;-72.9725996;Calle s / n / Calle s / n;LOCAL;DISTRITAL;DISTRITAL;0
I-617575;080902;CUSCO;LA CONVENCION;ECHARATE;-12.4971512;-72.9741624;Calle s / n / Calle s / n;LOCAL;DISTRITAL;DISTRITAL;0
I-617574;080902;CUSCO;LA CONVENCION;ECHARATE;-12.4419305;-72.8893392;Calle s / n / Calle s / n;LOCAL;DISTRITAL;DISTRITAL;0
I-235742;060417;CAJAMARCA;CHOTA;TACABAMBA;-6.3910362;-78.6123697;Jirón 7 de Junio / Calle s / n;LOCAL;DISTRITAL;DISTRITAL;0
I-242252;060417;CAJAMARCA;CHOTA;TACABAMBA;-6.425915;-78.4830901;Calle s / n / Calle s / n;LOCAL;DISTRITAL;DISTRITAL;0
I-242251;060417;CAJAMARCA;CHOTA;TACABAMBA;-6.4183838;-78.4865212;Calle s / n / Calle s / n;LOCAL;DISTRITAL;DISTRITAL;0
I-198089;211001;PUNO;SAN ANTONIO DE PUTINA;PUTINA;-14.9140954;-69.8730467;Calle s / n / Calle s / n;VECINAL;PROVINCIAL;PROVINCIAL;0
I-235839;060417;CAJAMARCA;CHOTA;TACABAMBA;-6.3846759;-78.6132293;Calle s / n / Calle s / n;LOCAL;DISTRITAL;DISTRITAL;0
I-235838;060417;CAJAMARCA;CHOTA;TACABAMBA;-6.388755;-78.6114889;Jirón 8 de Octubre / Calle s / n;LOCAL;DISTRITAL;DISTRITAL;0
I-235836;060417;CAJAMARCA;CHOTA;TACABAMBA;-6.3930963;-78.6108701;Jirón Cuzco / Jirón José Olaya;LOCAL;DISTRITAL;DISTRITAL;0
I-235834;060417;CAJAMARCA;CHOTA;TACABAMBA;-6.3950887;-78.6054796;Calle s / n / Calle s / n;LOCAL;DISTRITAL;DISTRITAL;0
I-235743;060417;CAJAMARCA;CHOTA;TACABAMBA;-6.3909359;-78.6113656;Jirón 8 de Octubre / Calle s / n;LOCAL;DISTRITAL;DISTRITAL;0
I-235829;060417;CAJAMARCA;CHOTA;TACABAMBA;-6.3920497;-78.6073199;Jirón 2 de Mayo / Calle s / n;LOCAL;DISTRITAL;DISTRITAL;0
I-235828;060417;CAJAMARCA;CHOTA;TACABAMBA;-6.3930189;-78.609689;Jirón 2 de Mayo / Jirón Maranón;LOCAL;DISTRITAL;DISTRITAL;0
I-235826;060417;CAJAMARCA;CHOTA;TACABAMBA;-6.3923901;-78.6054111;Jirón 2 de Mayo / Calle s / n;LOCAL;DISTRITAL;DISTRITAL;0
I-235823;060417;CAJAMARCA;CHOTA;TACABAMBA;-6.3937598;-78.6116078;Jirón 2 de Mayo / Jirón 8 de Octubre;LOCAL;DISTRITAL;DISTRITAL;0
I-235820;060417;CAJAMARCA;CHOTA;TACABAMBA;-6.394465;-78.6104377;Jirón Cuzco / Jirón Tupac Amaru;LOCAL;DISTRITAL;DISTRITAL;0
I-426489;080906;CUSCO;LA CONVENCION;QUELLOUNO;-12.6361618;-72.5550137;Calle s / n / Calle s / n;LOCAL;DISTRITAL;DISTRITAL;0
I-399335;080906;CUSCO;LA CONVENCION;QUELLOUNO;-12.6202908;-72.4789557;Calle s / n / Calle s / n;LOCAL;DISTRITAL;DISTRITAL;0
I-389872;080906;CUSCO;LA CONVENCION;QUELLOUNO;-12.616342;-72.49593;Calle s / n / Calle s / n;LOCAL;DISTRITAL;DISTRITAL;0
I-389871;080906;CUSCO;LA CONVENCION;QUELLOUNO;-12.6158777;-72.4899847;Calle s / n / Calle s / n;LOCAL;DISTRITAL;DISTRITAL;0
I-389870;080906;CUSCO;LA CONVENCION;QUELLOUNO;-12.6177001;-72.4897108;Calle s / n / Calle s / n;LOCAL;DISTRITAL;DISTRITAL;0
I-389867;080906;CUSCO;LA CONVENCION;QUELLOUNO;-12.6169173;-72.4903085;Calle s / n / Calle s / n;LOCAL;DISTRITAL;DISTRITAL;0
I-389866;080906;CUSCO;LA CONVENCION;QUELLOUNO;-12.6167273;-72.4893825;Calle s / n / Calle s / n;LOCAL;DISTRITAL;DISTRITAL;0
I-389864;080906;CUSCO;LA CONVENCION;QUELLOUNO;-12.6186246;-72.488226;Calle s / n / Calle s / n;LOCAL;DISTRITAL;DISTRITAL;0
I-389863;080906;CUSCO;LA CONVENCION;QUELLOUNO;-12.6169547;-72.4939284;Calle s / n / Calle s / n;LOCAL;DISTRITAL;DISTRITAL;0
I-286775;211002;PUNO;SAN ANTONIO DE PUTINA;ANANEA;-14.627014;-69.4492797;Calle s / n / Calle s / n;VECINAL;PROVINCIAL;DISTRITAL;0
I-389854;080906;CUSCO;LA CONVENCION;QUELLOUNO;-12.6265095;-72.378886;Calle s / n / Calle s / n;LOCAL;DISTRITAL;DISTRITAL;0
I-537875;130803;LA LIBERTAD;PATAZ;CHILLIA;-8.099722;-77.5554621;Calle s / n / Calle s / n;LOCAL;DISTRITAL;DISTRITAL;0
I-649173;130803;LA LIBERTAD;PATAZ;CHILLIA;-8.1204154;-77.5958683;Calle s / n / Calle s / n;LOCAL;DISTRITAL;DISTRITAL;0
I-537876;130803;LA LIBERTAD;PATAZ;CHILLIA;-8.0692362;-77.5489202;Calle s / n / Calle s / n;LOCAL;DISTRITAL;DISTRITAL;0
I-649174;130803;LA LIBERTAD;PATAZ;CHILLIA;-8.119588;-77.59629;Calle s / n / Calle s / n;LOCAL;DISTRITAL;DISTRITAL;0
I-649199;130803;LA LIBERTAD;PATAZ;CHILLIA;-8.1125463;-77.5882293;Calle s / n / Calle s / n;LOCAL;DISTRITAL;DISTRITAL;0
I-656489;130803;LA LIBERTAD;PATAZ;CHILLIA;-8.1726991;-77.5251317;Calle s / n / Calle s / n;LOCAL;DISTRITAL;DISTRITAL;0
I-656490;130803;LA LIBERTAD;PATAZ;CHILLIA;-8.1740982;-77.5261865;Calle s / n / Calle s / n;LOCAL;DISTRITAL;DISTRITAL;0
I-656492;130803;LA LIBERTAD;PATAZ;CHILLIA;-8.1733517;-77.5277302;Calle s / n / Calle s / n;LOCAL;DISTRITAL;DISTRITAL;0
I-656493;130803;LA LIBERTAD;PATAZ;CHILLIA;-8.1713504;-77.5287098;Calle s / n / Calle s / n;LOCAL;DISTRITAL;DISTRITAL;0
I-592941;130803;LA LIBERTAD;PATAZ;CHILLIA;-8.2231027;-77.4927347;Calle s / n / Calle s / n;LOCAL;DISTRITAL;DISTRITAL;0
I-618365;130803;LA LIBERTAD;PATAZ;CHILLIA;-8.124239;-77.5131288;Jirón Francisco Bolognesi / Calle s / n;LOCAL;DISTRITAL;DISTRITAL;0
I-618369;130803;LA LIBERTAD;PATAZ;CHILLIA;-8.1255906;-77.5129545;Jirón Cruz Blanca / Jirón San Antonio;LOCAL;DISTRITAL;DISTRITAL;0
I-681887;210607;PUNO;HUANCANE;TARACO;-15.3552356;-69.948712;Calle s / n / Calle s / n;LOCAL;DISTRITAL;DISTRITAL;0
I-681911;210607;PUNO;HUANCANE;TARACO;-15.3281802;-69.9423449;Calle s / n / Calle s / n;LOCAL;DISTRITAL;DISTRITAL;0
I-681910;210607;PUNO;HUANCANE;TARACO;-15.3280017;-69.9390648;Calle s / n / Calle s / n;LOCAL;DISTRITAL;DISTRITAL;0
I-681905;210607;PUNO;HUANCANE;TARACO;-15.3345559;-69.9313031;Calle s / n / Calle s / n;LOCAL;DISTRITAL;DISTRITAL;0
I-681904;210607;PUNO;HUANCANE;TARACO;-15.3340508;-69.9339598;Calle s / n / Calle s / n;LOCAL;DISTRITAL;DISTRITAL;0
I-681894;210607;PUNO;HUANCANE;TARACO;-15.3570283;-69.9493329;Calle s / n / Calle s / n;LOCAL;DISTRITAL;DISTRITAL;0
I-681893;210607;PUNO;HUANCANE;TARACO;-15.3566169;-69.9425782;Calle s / n / Calle s / n;LOCAL;DISTRITAL;DISTRITAL;0
I-681892;210607;PUNO;HUANCANE;TARACO;-15.3571212;-69.9572589;Calle s / n / Calle s / n;LOCAL;DISTRITAL;DISTRITAL;0
I-681891;210607;PUNO;HUANCANE;TARACO;-15.3566672;-69.9393511;Calle s / n / Calle s / n;LOCAL;DISTRITAL;DISTRITAL;0
I-681890;210607;PUNO;HUANCANE;TARACO;-15.3507513;-69.94986;Calle s / n / Calle s / n;LOCAL;DISTRITAL;DISTRITAL;0
I-681889;210607;PUNO;HUANCANE;TARACO;-15.3570022;-69.9482614;Calle s / n / Calle s / n;LOCAL;DISTRITAL;DISTRITAL;0
I-2182;081306;CUSCO;URUBAMBA;OLLANTAYTAMBO;-13.2492882;-72.2566427;Calle s / n / Calle s / n;LOCAL;DISTRITAL;DISTRITAL;0
I-342896;081306;CUSCO;URUBAMBA;OLLANTAYTAMBO;-13.2016733;-72.3631099;Calle s / n / Calle s / n;LOCAL;DISTRITAL;DISTRITAL;0
I-326696;081306;CUSCO;URUBAMBA;OLLANTAYTAMBO;-13.2600899;-72.2634149;Calle Ima Sumac / Calle Pachacutec;LOCAL;DISTRITAL;DISTRITAL;0
I-326698;081306;CUSCO;URUBAMBA;OLLANTAYTAMBO;-13.2635725;-72.2614776;Calle s / n / Calle s / n;LOCAL;DISTRITAL;DISTRITAL;0
I-326699;081306;CUSCO;URUBAMBA;OLLANTAYTAMBO;-13.2702454;-72.2251976;Calle s / n / Calle s / n;LOCAL;DISTRITAL;DISTRITAL;0
I-327165;081306;CUSCO;URUBAMBA;OLLANTAYTAMBO;-13.2636796;-72.259306;Calle s / n / Calle s / n;LOCAL;DISTRITAL;DISTRITAL;0
I-333391;081306;CUSCO;URUBAMBA;OLLANTAYTAMBO;-13.2321549;-72.2970213;Calle s / n / Calle s / n;LOCAL;DISTRITAL;DISTRITAL;0
I-333392;081306;CUSCO;URUBAMBA;OLLANTAYTAMBO;-13.2187947;-72.297939;Calle s / n / Calle s / n;LOCAL;DISTRITAL;DISTRITAL;0
I-333393;081306;CUSCO;URUBAMBA;OLLANTAYTAMBO;-13.2044113;-72.2954194;Calle s / n / Calle s / n;LOCAL;DISTRITAL;DISTRITAL;0
I-333394;081306;CUSCO;URUBAMBA;OLLANTAYTAMBO;-13.2170087;-72.298569;Calle s / n / Calle s / n;LOCAL;DISTRITAL;DISTRITAL;0
I-333396;081306;CUSCO;URUBAMBA;OLLANTAYTAMBO;-13.2596355;-72.2748657;Calle s / n / Calle s / n;LOCAL;DISTRITAL;DISTRITAL;0
I-333397;081306;CUSCO;URUBAMBA;OLLANTAYTAMBO;-13.2579238;-72.2768736;Calle s / n / Calle s / n;LOCAL;DISTRITAL;DISTRITAL;0
I-333398;081306;CUSCO;URUBAMBA;OLLANTAYTAMBO;-13.217152;-72.2041996;Calle s / n / Calle s / n;LOCAL;DISTRITAL;DISTRITAL;0
I-286777;211002;PUNO;SAN ANTONIO DE PUTINA;ANANEA;-14.6360204;-69.4493118;Calle s / n / Calle s / n;VECINAL;PROVINCIAL;DISTRITAL;0
I-610612;081103;CUSCO;PAUCARTAMBO;CHALLABAMBA;-13.294647;-71.7205603;Calle s / n / Calle s / n;LOCAL;DISTRITAL;DISTRITAL;0
I-610613;081103;CUSCO;PAUCARTAMBO;CHALLABAMBA;-13.2940239;-71.7193834;Calle s / n / Calle s / n;LOCAL;DISTRITAL;DISTRITAL;0
I-610621;081103;CUSCO;PAUCARTAMBO;CHALLABAMBA;-12.9970851;-71.8672558;Calle s / n / Calle s / n;LOCAL;DISTRITAL;DISTRITAL;0
I-610624;081103;CUSCO;PAUCARTAMBO;CHALLABAMBA;-12.9979763;-71.868106;Calle s / n / Calle s / n;LOCAL;DISTRITAL;DISTRITAL;0
I-610626;081103;CUSCO;PAUCARTAMBO;CHALLABAMBA;-12.9990505;-71.8675937;Calle s / n / Calle s / n;LOCAL;DISTRITAL;DISTRITAL;0
I-610629;081103;CUSCO;PAUCARTAMBO;CHALLABAMBA;-13.3047128;-71.7186954;Calle s / n / Calle s / n;LOCAL;DISTRITAL;DISTRITAL;0
I-610632;081103;CUSCO;PAUCARTAMBO;CHALLABAMBA;-13.2933647;-71.739079;Calle s / n / Calle s / n;LOCAL;DISTRITAL;DISTRITAL;0
I-610644;081103;CUSCO;PAUCARTAMBO;CHALLABAMBA;-13.2933149;-71.7171965;Calle s / n / Calle s / n;LOCAL;DISTRITAL;DISTRITAL;0
I-610654;081103;CUSCO;PAUCARTAMBO;CHALLABAMBA;-13.2881185;-71.7373292;Calle s / n / Calle s / n;LOCAL;DISTRITAL;DISTRITAL;0
I-610655;081103;CUSCO;PAUCARTAMBO;CHALLABAMBA;-13.2869;-71.7340657;Calle s / n / Calle s / n;LOCAL;DISTRITAL;DISTRITAL;0
I-610656;081103;CUSCO;PAUCARTAMBO;CHALLABAMBA;-13.2835628;-71.7349168;Calle s / n / Calle s / n;LOCAL;DISTRITAL;DISTRITAL;0
I-610657;081103;CUSCO;PAUCARTAMBO;CHALLABAMBA;-13.2892009;-71.7314294;Calle s / n / Calle s / n;LOCAL;DISTRITAL;DISTRITAL;0
I-610658;081103;CUSCO;PAUCARTAMBO;CHALLABAMBA;-13.2907904;-71.7374806;Calle s / n / Calle s / n;LOCAL;DISTRITAL;DISTRITAL;0
I-683663;060807;CAJAMARCA;JAEN;POMAHUACA;-5.9381211;-79.2635867;Calle s / n / Calle s / n;LOCAL;DISTRITAL;DISTRITAL;0
I-286778;211002;PUNO;SAN ANTONIO DE PUTINA;ANANEA;-14.6352674;-69.4494154;Calle s / n / Calle s / n;VECINAL;PROVINCIAL;DISTRITAL;0
I-734517;060807;CAJAMARCA;JAEN;POMAHUACA;-5.7267072;-79.043541;Calle s / n / Calle s / n;LOCAL;DISTRITAL;DISTRITAL;0
I-734518;060807;CAJAMARCA;JAEN;POMAHUACA;-5.7273451;-79.0444636;Calle s / n / Calle s / n;LOCAL;DISTRITAL;DISTRITAL;0
I-734520;060807;CAJAMARCA;JAEN;POMAHUACA;-5.725984;-79.0442142;Calle s / n / Calle s / n;LOCAL;DISTRITAL;DISTRITAL;0
I-682341;060807;CAJAMARCA;JAEN;POMAHUACA;-5.9676824;-79.1638179;Calle s / n / Calle s / n;LOCAL;DISTRITAL;DISTRITAL;0
I-683662;060807;CAJAMARCA;JAEN;POMAHUACA;-5.937745;-79.2645308;Calle s / n / Calle s / n;LOCAL;DISTRITAL;DISTRITAL;0
I-286779;211002;PUNO;SAN ANTONIO DE PUTINA;ANANEA;-14.6366894;-69.4490257;Calle s / n / Calle s / n;VECINAL;PROVINCIAL;DISTRITAL;0
I-682443;060807;CAJAMARCA;JAEN;POMAHUACA;-5.8901066;-79.1445027;Calle s / n / Calle s / n;LOCAL;DISTRITAL;DISTRITAL;0
I-682442;060807;CAJAMARCA;JAEN;POMAHUACA;-5.8891338;-79.1477595;Calle s / n / Calle s / n;LOCAL;DISTRITAL;DISTRITAL;0
I-682428;060807;CAJAMARCA;JAEN;POMAHUACA;-5.8850343;-79.1567302;Calle s / n / Calle s / n;LOCAL;DISTRITAL;DISTRITAL;0
I-398743;240101;TUMBES;TUMBES;TUMBES;-3.566959;-80.4445125;Calle s / n / Calle s / n;LOCAL;DISTRITAL;PROVINCIAL;0
I-398739;240101;TUMBES;TUMBES;TUMBES;-3.5763968;-80.4436934;Manco Cápac / Calle s / n;LOCAL;DISTRITAL;PROVINCIAL;0
I-398738;240101;TUMBES;TUMBES;TUMBES;-3.5771457;-80.4446265;Pasaje Las Palmeras / Calle s / n;LOCAL;DISTRITAL;PROVINCIAL;0
I-398737;240101;TUMBES;TUMBES;TUMBES;-3.5765017;-80.4497898;Calle s / n / Calle s / n;LOCAL;DISTRITAL;PROVINCIAL;0
I-398553;240101;TUMBES;TUMBES;TUMBES;-3.5583303;-80.4492031;Calle s / n / Calle s / n;LOCAL;DISTRITAL;PROVINCIAL;0
I-398552;240101;TUMBES;TUMBES;TUMBES;-3.5681264;-80.449538;Pasaje Cenecape / Calle s / n;LOCAL;DISTRITAL;PROVINCIAL;0
I-398551;240101;TUMBES;TUMBES;TUMBES;-3.5598523;-80.422857;Santa Rosa de Lima / Calle s / n;LOCAL;DISTRITAL;PROVINCIAL;0
I-286812;211002;PUNO;SAN ANTONIO DE PUTINA;ANANEA;-14.6254524;-69.449223;Calle s / n / Calle s / n;VECINAL;PROVINCIAL;DISTRITAL;0
I-2447;040108;AREQUIPA;AREQUIPA;LA JOYA;-16.6220388;-71.8785201;Calle s / n / Calle s / n;VECINAL;PROVINCIAL;DISTRITAL;0
I-313552;130801;LA LIBERTAD;PATAZ;TAYABAMBA;-8.2466563;-77.3585879;Calle s / n / Calle s / n;VECINAL;PROVINCIAL;PROVINCIAL;0
I-642795;140118;LAMBAYEQUE;CHICLAYO;POMALCA;-6.8209849;-79.7855517;Calle s / n / Calle s / n;VECINAL;PROVINCIAL;DISTRITAL;0
I-16821;150107;LIMA;LIMA;CHACLACAYO;-11.9671086;-76.7419699;Avenida California / Avenida Nicolás Ayllón;VECINAL;PROVINCIAL;DISTRITAL;0
I-175849;150107;LIMA;LIMA;CHACLACAYO;-11.9666848;-76.7415894;Avenida California / Calle s / n;VECINAL;PROVINCIAL;DISTRITAL;0
I-146;080106;CUSCO;CUSCO;SANTIAGO;-13.5254769;-71.9760631;Avenida José Olaya / Calle s / n;LOCAL;DISTRITAL;DISTRITAL;0
I-332526;080106;CUSCO;CUSCO;SANTIAGO;-13.5309766;-71.9809634;Calle s / n / Calle s / n;LOCAL;DISTRITAL;DISTRITAL;0
I-51;080101;CUSCO;CUSCO;CUSCO;-13.5223565;-71.9731574;Avenida Garcilaso / Calle s / n;LOCAL;DISTRITAL;PROVINCIAL;0
I-8663;150501;LIMA;CAÑETE;SAN VICENTE DE CAÑETE;-13.0775789;-76.3852787;Avenida Santa Rosalía / Calle s / n;LOCAL;DISTRITAL;PROVINCIAL;0
I-179957;060601;CAJAMARCA;CUTERVO;CUTERVO;-6.3789926;-78.8186095;Jirón América / Jirón Santa Rosa;LOCAL;DISTRITAL;PROVINCIAL;0
I-7360;140201;LAMBAYEQUE;FERREÑAFE;FERREÑAFE;-6.6422496;-79.7892376;Avenida Mariscal Avelino Cáceres / Calle Augusto Bernardino Leguía / Calle Nicanor Carmona;LOCAL;DISTRITAL;PROVINCIAL;0
I-704605;140201;LAMBAYEQUE;FERREÑAFE;FERREÑAFE;-6.6517972;-79.7700315;Calle s / n / Calle s / n;LOCAL;DISTRITAL;PROVINCIAL;0
I-719478;140201;LAMBAYEQUE;FERREÑAFE;FERREÑAFE;-6.6584509;-79.769333;Calle s / n / Calle s / n;LOCAL;DISTRITAL;PROVINCIAL;0
I-719479;140201;LAMBAYEQUE;FERREÑAFE;FERREÑAFE;-6.6538101;-79.7865832;Calle s / n / Calle s / n;LOCAL;DISTRITAL;PROVINCIAL;0
I-719503;140201;LAMBAYEQUE;FERREÑAFE;FERREÑAFE;-6.6587427;-79.7859257;Calle s / n / Calle s / n;LOCAL;DISTRITAL;PROVINCIAL;0
I-719504;140201;LAMBAYEQUE;FERREÑAFE;FERREÑAFE;-6.6579463;-79.7941914;Calle s / n / Calle s / n;LOCAL;DISTRITAL;PROVINCIAL;0
I-12342;080901;CUSCO;LA CONVENCION;SANTA ANA;-12.861711;-72.69274;Jirón Dos de Mayo / Jirón Martin Pio Concha;LOCAL;DISTRITAL;PROVINCIAL;0
I-30298;150125;LIMA;LIMA;PUENTE PIEDRA;-11.8654246;-77.078941;Avenida Ricardo Palma / Avenida Sucre;VECINAL;PROVINCIAL;DISTRITAL;0
I-700061;150204;LIMA;BARRANCA;SUPE;-10.737799;-77.6144196;Calle s / n / Calle s / n;VECINAL;PROVINCIAL;DISTRITAL;0
I-657483;120901;JUNIN;CHUPACA;CHUPACA;-12.0537817;-75.3153441;Calle s / n / Calle s / n;LOCAL;DISTRITAL;PROVINCIAL;0
I-657482;120901;JUNIN;CHUPACA;CHUPACA;-12.0556296;-75.3114362;Calle s / n / Calle s / n;LOCAL;DISTRITAL;PROVINCIAL;0
I-657481;120901;JUNIN;CHUPACA;CHUPACA;-12.0554027;-75.3132108;Calle s / n / Calle s / n;LOCAL;DISTRITAL;PROVINCIAL;0
I-657480;120901;JUNIN;CHUPACA;CHUPACA;-12.0548689;-75.3143312;Calle s / n / Calle s / n;LOCAL;DISTRITAL;PROVINCIAL;0
I-11062;120401;JUNIN;JAUJA;JAUJA;-11.7780786;-75.4964424;Avenida Fransisco Carlé / Avenida Huarancayo / Jirón San Martin;LOCAL;DISTRITAL;PROVINCIAL;0
I-323674;120401;JUNIN;JAUJA;JAUJA;-11.777832;-75.4954573;Avenida Huancayo / Avenida Huarancayo;LOCAL;DISTRITAL;PROVINCIAL;0
I-323669;120401;JUNIN;JAUJA;JAUJA;-11.7667675;-75.5045226;Pasaje 28 de Julio / Calle s / n;LOCAL;DISTRITAL;PROVINCIAL;0
I-323668;120401;JUNIN;JAUJA;JAUJA;-11.7677681;-75.5031367;Pasaje 28 de Julio / Calle s / n;LOCAL;DISTRITAL;PROVINCIAL;0
I-177518;060901;CAJAMARCA;SAN IGNACIO;SAN IGNACIO;-5.1453063;-79.0024688;Jirón José oloya / Jirón Santa Rosa;LOCAL;DISTRITAL;PROVINCIAL;0
I-88612;150811;LIMA;HUAURA;SAYAN;-11.2342322;-77.3984911;Calle s / n / Calle s / n;VECINAL;PROVINCIAL;DISTRITAL;0
I-567948;060301;CAJAMARCA;CELENDIN;CELENDIN;-6.8529165;-78.139143;Calle s / n / Calle s / n;LOCAL;DISTRITAL;PROVINCIAL;0
I-14207;210401;PUNO;CHUCUITO;JULI;-16.2120284;-69.4614894;Jirón 14 de Setiembre / Jirón Chambilla / Jirón Santa Cruz;VECINAL;PROVINCIAL;PROVINCIAL;0
I-547856;210401;PUNO;CHUCUITO;JULI;-16.2167247;-69.5184374;Calle s / n / Calle s / n;VECINAL;PROVINCIAL;PROVINCIAL;0
I-547855;210401;PUNO;CHUCUITO;JULI;-16.2245238;-69.5156236;Calle s / n / Calle s / n;VECINAL;PROVINCIAL;PROVINCIAL;0
I-197829;210601;PUNO;HUANCANE;HUANCANE;-15.0685493;-69.7890564;Calle s / n / Calle s / n;LOCAL;DISTRITAL;PROVINCIAL;0
I-547860;210401;PUNO;CHUCUITO;JULI;-16.199797;-69.5262045;Calle s / n / Calle s / n;VECINAL;PROVINCIAL;PROVINCIAL;0
I-16818;040102;AREQUIPA;AREQUIPA;ALTO SELVA ALEGRE;-16.3840362;-71.5193576;Avenida Arequipa / Avenida Pacífico;LOCAL;DISTRITAL;DISTRITAL;0
I-480543;040102;AREQUIPA;AREQUIPA;ALTO SELVA ALEGRE;-16.3485581;-71.5195615;Calle s / n / Calle s / n;LOCAL;DISTRITAL;DISTRITAL;0
I-483144;040102;AREQUIPA;AREQUIPA;ALTO SELVA ALEGRE;-16.3538061;-71.5199957;Calle s / n / Calle s / n;LOCAL;DISTRITAL;DISTRITAL;0
I-483142;040102;AREQUIPA;AREQUIPA;ALTO SELVA ALEGRE;-16.3534426;-71.5188694;Calle s / n / Calle s / n;LOCAL;DISTRITAL;DISTRITAL;0
I-483139;040102;AREQUIPA;AREQUIPA;ALTO SELVA ALEGRE;-16.3533788;-71.5176712;Calle s / n / Calle s / n;LOCAL;DISTRITAL;DISTRITAL;0
I-483138;040102;AREQUIPA;AREQUIPA;ALTO SELVA ALEGRE;-16.3569347;-71.5160541;Calle s / n / Calle s / n;LOCAL;DISTRITAL;DISTRITAL;0
I-480684;040102;AREQUIPA;AREQUIPA;ALTO SELVA ALEGRE;-16.3577372;-71.5288123;Calle s / n / Calle s / n;LOCAL;DISTRITAL;DISTRITAL;0
I-6505;130111;LA LIBERTAD;TRUJILLO;VICTOR LARCO HERRERA;-8.1442832;-79.0556964;Avenida Victor Larco Herrera / Calle Hermanos Pinzón Blanco;LOCAL;DISTRITAL;DISTRITAL;0
I-547859;210401;PUNO;CHUCUITO;JULI;-16.2030252;-69.525021;Calle s / n / Calle s / n;VECINAL;PROVINCIAL;PROVINCIAL;0
I-493512;110207;ICA;CHINCHA;PUEBLO NUEVO;-13.3974746;-76.146607;San Antonio / Calle s / n;LOCAL;DISTRITAL;DISTRITAL;0
I-493509;110207;ICA;CHINCHA;PUEBLO NUEVO;-13.3975957;-76.1406743;Ricardo Palma / Calle s / n;LOCAL;DISTRITAL;DISTRITAL;0
I-493508;110207;ICA;CHINCHA;PUEBLO NUEVO;-13.3949526;-76.1397986;Avenida Arica / Ricardo Palma;LOCAL;DISTRITAL;DISTRITAL;0
I-111517;211105;PUNO;SAN ROMAN;SAN MIGUEL;-15.4749327;-70.127234;Jirón Jerusalen / Jirón San Isidro;LOCAL;DISTRITAL;DISTRITAL;0
I-554381;211105;PUNO;SAN ROMAN;SAN MIGUEL;-15.4672084;-70.1141299;Avenida Los Virreyes / Jirón Nuevo Perú;LOCAL;DISTRITAL;DISTRITAL;0
I-551149;211105;PUNO;SAN ROMAN;SAN MIGUEL;-15.4752433;-70.1225209;Jirón José Maria Eguren / Jirón Rondos;LOCAL;DISTRITAL;DISTRITAL;0
I-551150;211105;PUNO;SAN ROMAN;SAN MIGUEL;-15.4782844;-70.1190567;Huancas / Jirón José Maria Eguren;LOCAL;DISTRITAL;DISTRITAL;0
I-551239;211105;PUNO;SAN ROMAN;SAN MIGUEL;-15.4040625;-70.1670152;Calle s / n / Calle s / n;LOCAL;DISTRITAL;DISTRITAL;0
I-551240;211105;PUNO;SAN ROMAN;SAN MIGUEL;-15.4048583;-70.1737428;Calle s / n / Calle s / n;LOCAL;DISTRITAL;DISTRITAL;0
I-551241;211105;PUNO;SAN ROMAN;SAN MIGUEL;-15.405851;-70.1564279;Calle s / n / Calle s / n;LOCAL;DISTRITAL;DISTRITAL;0
I-7686;160112;LORETO;MAYNAS;BELEN;-3.7650572;-73.2574055;Avenida José Abelardo Quiñones / Jirón Moore;LOCAL;DISTRITAL;DISTRITAL;0
I-74975;040109;AREQUIPA;AREQUIPA;MARIANO MELGAR;-16.4031217;-71.490911;Avenida Estados Unidos / Calle s / n;LOCAL;DISTRITAL;DISTRITAL;0
I-273530;120606;JUNIN;SATIPO;PANGOA;-11.4356286;-74.4852653;Calle Pedro Nuñez / Calle s / n;LOCAL;DISTRITAL;DISTRITAL;0
I-754229;120606;JUNIN;SATIPO;PANGOA;-11.6227725;-74.2840694;Calle s / n / Calle s / n;LOCAL;DISTRITAL;DISTRITAL;0
I-754231;120606;JUNIN;SATIPO;PANGOA;-11.6190396;-74.285745;Calle s / n / Calle s / n;LOCAL;DISTRITAL;DISTRITAL;0
I-756154;120606;JUNIN;SATIPO;PANGOA;-11.5837473;-74.3066797;Calle s / n / Calle s / n;LOCAL;DISTRITAL;DISTRITAL;0
I-756155;120606;JUNIN;SATIPO;PANGOA;-11.5811625;-74.3066576;Calle s / n / Calle s / n;LOCAL;DISTRITAL;DISTRITAL;0
I-756156;120606;JUNIN;SATIPO;PANGOA;-11.5837583;-74.2981526;Calle s / n / Calle s / n;LOCAL;DISTRITAL;DISTRITAL;0
I-100271;150142;LIMA;LIMA;VILLA EL SALVADOR;-12.2201736;-76.9304303;Avenida José Carlos Mariátegui / Calle B;METROPOLITANA;PROVINCIAL;DISTRITAL;1
I-34664;150605;LIMA;HUARAL;CHANCAY;-11.5705345;-77.2698206;Calle Progreso / Calle Santa Clara;LOCAL;DISTRITAL;DISTRITAL;0
I-673225;150605;LIMA;HUARAL;CHANCAY;-11.5309419;-77.2578097;Calle s / n / Calle s / n;LOCAL;DISTRITAL;DISTRITAL;0
I-38460;130103;LA LIBERTAD;TRUJILLO;FLORENCIA DE MORA;-8.0781936;-79.0267526;Calle 27 de Mayo / Calle Húsares de Junín;LOCAL;DISTRITAL;DISTRITAL;0
I-44470;130103;LA LIBERTAD;TRUJILLO;FLORENCIA DE MORA;-8.0851246;-79.0269747;Calle 24 de Abril / Calle 7 de Julio;LOCAL;DISTRITAL;DISTRITAL;0
I-44674;130103;LA LIBERTAD;TRUJILLO;FLORENCIA DE MORA;-8.0856508;-79.0247177;Calle 24 de Abril / Calle 26 de Julio;LOCAL;DISTRITAL;DISTRITAL;0
I-41;080108;CUSCO;CUSCO;WANCHAQ;-13.530771;-71.9666371;Avenida Los Cipreses / Jirón Los Claveles;LOCAL;DISTRITAL;DISTRITAL;0
I-33796;080108;CUSCO;CUSCO;WANCHAQ;-13.5230672;-71.9635109;Alcides Vigo / Avenida Micaela Bastidas;LOCAL;DISTRITAL;DISTRITAL;0
I-133413;080108;CUSCO;CUSCO;WANCHAQ;-13.5365723;-71.9486316;Avenida Daniel Estrada / Calle s / n;LOCAL;DISTRITAL;DISTRITAL;0
I-133382;080108;CUSCO;CUSCO;WANCHAQ;-13.5362639;-71.9517277;Avenida Daniel Estrada / Calle s / n;LOCAL;DISTRITAL;DISTRITAL;0
I-133376;080108;CUSCO;CUSCO;WANCHAQ;-13.5370748;-71.9474092;Calle Carlos Martínez de Pinillos Coello / Calle s / n;LOCAL;DISTRITAL;DISTRITAL;0
I-133375;080108;CUSCO;CUSCO;WANCHAQ;-13.5372165;-71.9461364;Calle Jorge Chávez / Calle s / n;LOCAL;DISTRITAL;DISTRITAL;0
I-52632;220909;SAN MARTIN;SAN MARTIN;LA BANDA DE SHILCAYO;-6.4958911;-76.3547907;Jirón Ramon Castilla / Jirón Santa Rosa;LOCAL;DISTRITAL;DISTRITAL;0
I-571796;220909;SAN MARTIN;SAN MARTIN;LA BANDA DE SHILCAYO;-6.5090308;-76.3440733;Calle s / n / Calle s / n;LOCAL;DISTRITAL;DISTRITAL;0
I-571803;220909;SAN MARTIN;SAN MARTIN;LA BANDA DE SHILCAYO;-6.4866731;-76.3400241;Calle s / n / Calle s / n;LOCAL;DISTRITAL;DISTRITAL;0
I-571801;220909;SAN MARTIN;SAN MARTIN;LA BANDA DE SHILCAYO;-6.485116;-76.331982;Calle s / n / Calle s / n;LOCAL;DISTRITAL;DISTRITAL;0
I-571800;220909;SAN MARTIN;SAN MARTIN;LA BANDA DE SHILCAYO;-6.4858906;-76.3324531;Calle s / n / Calle s / n;LOCAL;DISTRITAL;DISTRITAL;0
I-571798;220909;SAN MARTIN;SAN MARTIN;LA BANDA DE SHILCAYO;-6.5083576;-76.3430516;Calle s / n / Calle s / n;LOCAL;DISTRITAL;DISTRITAL;0
I-102917;150103;LIMA;LIMA;ATE;-12.0144721;-76.8392907;Avenida Jaime Zubieta Calderon / Calle s / n;METROPOLITANA;PROVINCIAL;DISTRITAL;1
I-131191;050110;AYACUCHO;HUAMANGA;SAN JUAN BAUTISTA;-13.1647356;-74.2242413;Avenida Vandelirios / Jirón Londres / Jirón Munive / San Lorenzo;LOCAL;DISTRITAL;DISTRITAL;0
I-189606;050110;AYACUCHO;HUAMANGA;SAN JUAN BAUTISTA;-13.1905317;-74.2058972;Calle s / n / Calle s / n;LOCAL;DISTRITAL;DISTRITAL;0
I-136102;050110;AYACUCHO;HUAMANGA;SAN JUAN BAUTISTA;-13.1828122;-74.1970221;Avenida Iquitos / Pasaje Los Geranios;LOCAL;DISTRITAL;DISTRITAL;0
I-136104;050110;AYACUCHO;HUAMANGA;SAN JUAN BAUTISTA;-13.1816197;-74.1968824;Avenida Iquitos / Calle s / n;LOCAL;DISTRITAL;DISTRITAL;0
I-62301;110102;ICA;ICA;LA TINGUIÑA;-14.0417796;-75.7114344;3 de Octubre / Avenida 11 de Setiembre / Villa Primavera;LOCAL;DISTRITAL;DISTRITAL;0
I-526338;110102;ICA;ICA;LA TINGUIÑA;-14.049909;-75.7265686;Calle s / n / Calle s / n;LOCAL;DISTRITAL;DISTRITAL;0
I-526325;110102;ICA;ICA;LA TINGUIÑA;-14.0505354;-75.7276817;Calle s / n / Calle s / n;LOCAL;DISTRITAL;DISTRITAL;0
I-526331;110102;ICA;ICA;LA TINGUIÑA;-14.0494564;-75.7256596;Calle s / n / Calle s / n;LOCAL;DISTRITAL;DISTRITAL;0
I-52403;220910;SAN MARTIN;SAN MARTIN;MORALES;-6.4914133;-76.3816989;Circunvalación Cumbaza / Jirón Colon;LOCAL;DISTRITAL;DISTRITAL;0
I-104809;150143;LIMA;LIMA;VILLA MARIA DEL TRIUNFO;-12.167074;-76.9518449;Avenida Pachacútec / Avenida Villa María;METROPOLITANA;PROVINCIAL;DISTRITAL;2
I-571871;220910;SAN MARTIN;SAN MARTIN;MORALES;-6.4935642;-76.3913208;Calle s / n / Calle s / n;LOCAL;DISTRITAL;DISTRITAL;0
I-571872;220910;SAN MARTIN;SAN MARTIN;MORALES;-6.4916145;-76.3899487;Calle s / n / Calle s / n;LOCAL;DISTRITAL;DISTRITAL;0
I-18513;070103;CALLAO;CALLAO;CARMEN DE LA LEGUA REYNOSO;-12.0393874;-77.0900483;Jirón Victor Andrés Belaunde / Calle s / n;LOCAL;DISTRITAL;DISTRITAL;0
I-71019;070103;CALLAO;CALLAO;CARMEN DE LA LEGUA REYNOSO;-12.0451519;-77.0844229;Calle Maquinarias / Calle Sergio Morocho;LOCAL;DISTRITAL;DISTRITAL;0
I-115764;070103;CALLAO;CALLAO;CARMEN DE LA LEGUA REYNOSO;-12.0419364;-77.090135;Avenida 28 de Julio / Jirón José Galvez;LOCAL;DISTRITAL;DISTRITAL;0
I-115763;070103;CALLAO;CALLAO;CARMEN DE LA LEGUA REYNOSO;-12.0414872;-77.0892491;Avenida 28 de Julio / Jirón Victor Andrés Belaunde;LOCAL;DISTRITAL;DISTRITAL;0
I-38743;130107;LA LIBERTAD;TRUJILLO;MOCHE;-8.186106;-79.0070216;Avenida Libertad / Calle José Olaya;LOCAL;DISTRITAL;DISTRITAL;0
I-663004;130107;LA LIBERTAD;TRUJILLO;MOCHE;-8.1536745;-79.0102708;Calle s / n / Calle s / n;LOCAL;DISTRITAL;DISTRITAL;0
I-167546;130702;LA LIBERTAD;PACASMAYO;GUADALUPE;-7.2419033;-79.4672482;Jirón Ricardo Palma / Calle s / n;LOCAL;DISTRITAL;DISTRITAL;0
I-228157;200109;PIURA;PIURA;LA ARENA;-5.3416946;-80.7095631;Calle s / n / Calle s / n;LOCAL;DISTRITAL;DISTRITAL;0
I-536971;200109;PIURA;PIURA;LA ARENA;-5.3625833;-80.7193414;Calle s / n / Calle s / n;LOCAL;DISTRITAL;DISTRITAL;0
I-7171;130704;LA LIBERTAD;PACASMAYO;PACASMAYO;-7.4055417;-79.5729293;Jirón Manco Capac / Jirón Pablo Federico Llontop;LOCAL;DISTRITAL;DISTRITAL;0
I-62532;110108;ICA;ICA;SALAS;-14.0049131;-75.7717271;Calle s / n / Calle s / n;LOCAL;DISTRITAL;DISTRITAL;0
I-709784;110108;ICA;ICA;SALAS;-13.9015187;-76.0558713;Calle s / n / Calle s / n;LOCAL;DISTRITAL;DISTRITAL;0
I-7342;110507;ICA;PISCO;SAN CLEMENTE;-13.6843287;-76.161311;Calle José Carlos Mariátegui / Calle José Santos Chocano / Calle Miguel Grau;LOCAL;DISTRITAL;DISTRITAL;0
I-715970;110507;ICA;PISCO;SAN CLEMENTE;-13.6121219;-76.1348558;Calle s / n / Calle s / n;LOCAL;DISTRITAL;DISTRITAL;0
I-715955;110507;ICA;PISCO;SAN CLEMENTE;-13.6081349;-76.1098319;Calle s / n / Calle s / n;LOCAL;DISTRITAL;DISTRITAL;0
I-715958;110507;ICA;PISCO;SAN CLEMENTE;-13.6075613;-76.1115244;Calle s / n / Calle s / n;LOCAL;DISTRITAL;DISTRITAL;0
I-105255;150132;LIMA;LIMA;SAN JUAN DE LURIGANCHO;-12.0240107;-76.9774565;Avenida Malecon Miguel Checa Eguiguren / Jirón Los Paujiles;METROPOLITANA;PROVINCIAL;DISTRITAL;1
I-108893;150133;LIMA;LIMA;SAN JUAN DE MIRAFLORES;-12.1876693;-76.9586899;Avenida Miguel Iglesias / Los Nardos;METROPOLITANA;PROVINCIAL;DISTRITAL;1
I-55124;150204;LIMA;BARRANCA;SUPE;-10.7927107;-77.7122354;Calle s / n / Calle s / n;LOCAL;DISTRITAL;DISTRITAL;0
I-631303;150204;LIMA;BARRANCA;SUPE;-10.804538;-77.7124314;Calle s / n / Calle s / n;LOCAL;DISTRITAL;DISTRITAL;0
I-109084;150125;LIMA;LIMA;PUENTE PIEDRA;-11.8573551;-77.0680587;Avenida Lecaros / Calle s / n;METROPOLITANA;PROVINCIAL;DISTRITAL;1
I-596769;040108;AREQUIPA;AREQUIPA;LA JOYA;-16.6638835;-71.8839848;Calle s / n / Calle s / n;LOCAL;DISTRITAL;DISTRITAL;0
I-596761;040108;AREQUIPA;AREQUIPA;LA JOYA;-16.6515389;-71.8761742;Calle s / n / Calle s / n;LOCAL;DISTRITAL;DISTRITAL;0
I-596762;040108;AREQUIPA;AREQUIPA;LA JOYA;-16.6492621;-71.8800634;Calle s / n / Calle s / n;LOCAL;DISTRITAL;DISTRITAL;0
I-109806;150107;LIMA;LIMA;CHACLACAYO;-11.9751356;-76.7717618;Avenida Malecón Manco Cápac / Calle Los Robles;METROPOLITANA;PROVINCIAL;DISTRITAL;0
I-655115;110111;ICA;ICA;SANTIAGO;-14.3209271;-75.6784952;Calle s / n / Calle s / n;LOCAL;DISTRITAL;DISTRITAL;0
I-659498;110111;ICA;ICA;SANTIAGO;-14.1889599;-75.7063673;Calle s / n / Calle s / n;LOCAL;DISTRITAL;DISTRITAL;0
I-659500;110111;ICA;ICA;SANTIAGO;-14.1873413;-75.7067969;Calle s / n / Calle s / n;LOCAL;DISTRITAL;DISTRITAL;0
I-659502;110111;ICA;ICA;SANTIAGO;-14.1863046;-75.7082595;Calle s / n / Calle s / n;LOCAL;DISTRITAL;DISTRITAL;0
I-692160;110111;ICA;ICA;SANTIAGO;-14.6480924;-75.6215277;Calle s / n / Calle s / n;LOCAL;DISTRITAL;DISTRITAL;0
I-18750;220803;SAN MARTIN;RIOJA;ELIAS SOPLIN VARGAS;-5.9907892;-77.2728243;Jirón Nazareth / Calle s / n;LOCAL;DISTRITAL;DISTRITAL;0
I-652909;220803;SAN MARTIN;RIOJA;ELIAS SOPLIN VARGAS;-5.983987;-77.2793622;Avenida Visión Divina / Jirón Perú;LOCAL;DISTRITAL;DISTRITAL;0
I-652906;220803;SAN MARTIN;RIOJA;ELIAS SOPLIN VARGAS;-5.9848486;-77.2810158;Avenida Visión Divina / Pasaje Estrella del Oriente;LOCAL;DISTRITAL;DISTRITAL;0
I-259067;100604;HUANUCO;LEONCIO PRADO;JOSE CRESPO Y CASTILLO;-8.935147;-76.1095731;Avenida San Martín / Calle s / n;LOCAL;DISTRITAL;DISTRITAL;0
I-123671;130207;LA LIBERTAD;ASCOPE;SANTIAGO DE CAO;-7.8969608;-79.2249911;Avenida San Francisco / Calle s / n;LOCAL;DISTRITAL;DISTRITAL;0
I-293870;130207;LA LIBERTAD;ASCOPE;SANTIAGO DE CAO;-7.9563659;-79.2433549;Calle s / n / Calle s / n;LOCAL;DISTRITAL;DISTRITAL;0
I-288924;130207;LA LIBERTAD;ASCOPE;SANTIAGO DE CAO;-7.9361283;-79.2030738;Calle s / n / Calle s / n;LOCAL;DISTRITAL;DISTRITAL;0
I-221463;140308;LAMBAYEQUE;LAMBAYEQUE;OLMOS;-5.9896105;-79.7456609;Calle Alfonso Ugarte / Jirón Atahualpa;LOCAL;DISTRITAL;DISTRITAL;0
I-756293;140308;LAMBAYEQUE;LAMBAYEQUE;OLMOS;-5.8286951;-79.8986453;Calle s / n / Calle s / n;LOCAL;DISTRITAL;DISTRITAL;0
I-756304;140308;LAMBAYEQUE;LAMBAYEQUE;OLMOS;-5.8897008;-79.7825915;Calle s / n / Calle s / n;LOCAL;DISTRITAL;DISTRITAL;0
I-756303;140308;LAMBAYEQUE;LAMBAYEQUE;OLMOS;-5.887641;-79.7842176;Calle s / n / Calle s / n;LOCAL;DISTRITAL;DISTRITAL;0
I-756302;140308;LAMBAYEQUE;LAMBAYEQUE;OLMOS;-5.8865898;-79.7844556;Calle s / n / Calle s / n;LOCAL;DISTRITAL;DISTRITAL;0
I-756301;140308;LAMBAYEQUE;LAMBAYEQUE;OLMOS;-5.8907813;-79.7820202;Calle s / n / Calle s / n;LOCAL;DISTRITAL;DISTRITAL;0
I-756300;140308;LAMBAYEQUE;LAMBAYEQUE;OLMOS;-5.8929771;-79.7803035;Calle s / n / Calle s / n;LOCAL;DISTRITAL;DISTRITAL;0
I-33928;140301;LAMBAYEQUE;LAMBAYEQUE;LAMBAYEQUE;-6.705349;-79.9043033;Avenida Huamachuco / Emiliano Niño;LOCAL;DISTRITAL;PROVINCIAL;0
I-734967;140301;LAMBAYEQUE;LAMBAYEQUE;LAMBAYEQUE;-6.711677;-79.9472845;Calle s / n / Calle s / n;LOCAL;DISTRITAL;PROVINCIAL;0
I-734957;140301;LAMBAYEQUE;LAMBAYEQUE;LAMBAYEQUE;-6.7043261;-79.9351009;Calle s / n / Calle s / n;LOCAL;DISTRITAL;PROVINCIAL;0
I-734962;140301;LAMBAYEQUE;LAMBAYEQUE;LAMBAYEQUE;-6.7045779;-79.9366266;Calle s / n / Calle s / n;LOCAL;DISTRITAL;PROVINCIAL;0
I-734966;140301;LAMBAYEQUE;LAMBAYEQUE;LAMBAYEQUE;-6.7127481;-79.9474949;Calle s / n / Calle s / n;LOCAL;DISTRITAL;PROVINCIAL;0
I-52361;220901;SAN MARTIN;SAN MARTIN;TARAPOTO;-6.4817365;-76.3660877;Jirón Elías Linares / Jirón Mariscal Sucre / Jirón San Martín;LOCAL;DISTRITAL;PROVINCIAL;0
I-7222;150201;LIMA;BARRANCA;BARRANCA;-10.7701314;-77.7609175;Avenida Costanera / Calle s / n;LOCAL;DISTRITAL;PROVINCIAL;0
I-653956;150201;LIMA;BARRANCA;BARRANCA;-10.7296426;-77.7711868;Calle s / n / Calle s / n;LOCAL;DISTRITAL;PROVINCIAL;0
I-653932;150201;LIMA;BARRANCA;BARRANCA;-10.73051;-77.7722807;Calle s / n / Calle s / n;LOCAL;DISTRITAL;PROVINCIAL;0
I-204798;120601;JUNIN;SATIPO;SATIPO;-11.2552921;-74.639225;Carretera Santa Ana / Jirón Ricardo Palma;LOCAL;DISTRITAL;PROVINCIAL;0
I-109980;150137;LIMA;LIMA;SANTA ANITA;-12.0356324;-76.9488912;Avenida Metropolitana / Calle s / n;METROPOLITANA;PROVINCIAL;DISTRITAL;4
I-113444;150117;LIMA;LIMA;LOS OLIVOS;-11.9719159;-77.0755251;Avenida Río Marañon / Avenida Universitaria;METROPOLITANA;PROVINCIAL;DISTRITAL;2
I-548361;120601;JUNIN;SATIPO;SATIPO;-11.2229007;-74.5460988;Calle s / n / Calle s / n;LOCAL;DISTRITAL;PROVINCIAL;0
I-53390;020601;ANCASH;CARHUAZ;CARHUAZ;-9.2817263;-77.6468782;Avenida La Merced / Jirón Río Buin;LOCAL;DISTRITAL;PROVINCIAL;0
I-114053;150110;LIMA;LIMA;COMAS;-11.9539257;-77.0516219;Avenida Santa Cruz / Avenida Túpac Amaru;METROPOLITANA;PROVINCIAL;DISTRITAL;1
I-342563;020601;ANCASH;CARHUAZ;CARHUAZ;-9.2893316;-77.639218;Calle s / n / Calle s / n;LOCAL;DISTRITAL;PROVINCIAL;0
I-114905;150132;LIMA;LIMA;SAN JUAN DE LURIGANCHO;-11.970241;-77.0059095;Avenida Canto Grande / Avenida Las Flores / Lloque Llupanqui;METROPOLITANA;PROVINCIAL;DISTRITAL;2
I-115963;150110;LIMA;LIMA;COMAS;-11.9646572;-77.0552137;Jirón Miguel Grau / Calle s / n;METROPOLITANA;PROVINCIAL;DISTRITAL;1
I-133889;021601;ANCASH;POMABAMBA;POMABAMBA;-8.8199983;-77.4603472;Jirón Huamachuco / Jirón Peru;LOCAL;DISTRITAL;PROVINCIAL;0
I-416474;021601;ANCASH;POMABAMBA;POMABAMBA;-8.8169988;-77.4562911;Pasaje Juan vidal / Calle s / n;LOCAL;DISTRITAL;PROVINCIAL;0
I-116632;150112;LIMA;LIMA;INDEPENDENCIA;-11.9934576;-77.0565083;Cesar Vallejo / María Parado de Bellido;METROPOLITANA;PROVINCIAL;DISTRITAL;1
I-117769;150132;LIMA;LIMA;SAN JUAN DE LURIGANCHO;-11.9615295;-76.9828702;Avenida Héroes del Cenepa Oeste / Los Geologos;METROPOLITANA;PROVINCIAL;DISTRITAL;1
I-119925;150132;LIMA;LIMA;SAN JUAN DE LURIGANCHO;-11.9332644;-76.9688159;Avenida Fernando Wiesse / Avenida Pachacútec / Jirón Mar del Norte;METROPOLITANA;PROVINCIAL;DISTRITAL;2
I-120450;150117;LIMA;LIMA;LOS OLIVOS;-12.0062929;-77.0822386;Avenida Angélica Gamarra / Avenida Universitaria;METROPOLITANA;PROVINCIAL;DISTRITAL;2
I-120958;150117;LIMA;LIMA;LOS OLIVOS;-11.9958872;-77.0834199;Avenida Santiago Antúnez de Mayolo / Avenida Universitaria;METROPOLITANA;PROVINCIAL;DISTRITAL;0
I-405173;200405;PIURA;MORROPON;MORROPON;-5.1758876;-80.0139635;Calle s / n / Calle s / n;LOCAL;DISTRITAL;DISTRITAL;0
I-405189;200405;PIURA;MORROPON;MORROPON;-5.1610117;-80.0347958;Calle s / n / Calle s / n;LOCAL;DISTRITAL;DISTRITAL;0
I-121247;150117;LIMA;LIMA;LOS OLIVOS;-11.9917882;-77.0751161;Avenida Carlos Alberto Izaguirre / Conococha;METROPOLITANA;PROVINCIAL;DISTRITAL;2
I-121622;150117;LIMA;LIMA;LOS OLIVOS;-11.9949537;-77.0769602;Avenida Santiago Antúnez de Mayolo / Hernandaz;METROPOLITANA;PROVINCIAL;DISTRITAL;1
I-405184;200405;PIURA;MORROPON;MORROPON;-5.1808363;-80.020822;Calle s / n / Calle s / n;LOCAL;DISTRITAL;DISTRITAL;0
I-122328;150110;LIMA;LIMA;COMAS;-11.912586;-77.0036922;Avenida Revolución / Jirón Santa Rosa;METROPOLITANA;PROVINCIAL;DISTRITAL;1
I-761870;200208;PIURA;AYABACA;SAPILLICA;-4.7477488;-79.9930206;Calle s / n / Calle s / n;LOCAL;DISTRITAL;DISTRITAL;0
I-761876;200208;PIURA;AYABACA;SAPILLICA;-4.7529276;-80.0228838;Calle s / n / Calle s / n;LOCAL;DISTRITAL;DISTRITAL;0
I-761875;200208;PIURA;AYABACA;SAPILLICA;-4.7622318;-80.0135796;Calle s / n / Calle s / n;LOCAL;DISTRITAL;DISTRITAL;0
I-122923;150111;LIMA;LIMA;EL AGUSTINO;-12.0551807;-77.0040035;Avenida Mártir José Olaya / El Agustino / Santa Isabel;METROPOLITANA;PROVINCIAL;DISTRITAL;0
I-634028;200105;PIURA;PIURA;CATACAOS;-5.2375195;-80.6720227;Calle s / n / Calle s / n;LOCAL;DISTRITAL;DISTRITAL;0
I-634019;200105;PIURA;PIURA;CATACAOS;-5.2497152;-80.6708948;Calle s / n / Calle s / n;LOCAL;DISTRITAL;DISTRITAL;0
I-634025;200105;PIURA;PIURA;CATACAOS;-5.2415447;-80.6713146;Calle s / n / Calle s / n;LOCAL;DISTRITAL;DISTRITAL;0
I-634027;200105;PIURA;PIURA;CATACAOS;-5.2397899;-80.6692868;Calle s / n / Calle s / n;LOCAL;DISTRITAL;DISTRITAL;0
I-634059;200105;PIURA;PIURA;CATACAOS;-5.2321908;-80.6601244;Calle s / n / Calle s / n;LOCAL;DISTRITAL;DISTRITAL;0
I-412439;200701;PIURA;TALARA;PARIÑAS;-4.5966225;-81.2501233;Calle s / n / Calle s / n;LOCAL;DISTRITAL;PROVINCIAL;0
I-412453;200701;PIURA;TALARA;PARIÑAS;-4.5935292;-81.2516469;Calle s / n / Calle s / n;LOCAL;DISTRITAL;PROVINCIAL;0
I-412449;200701;PIURA;TALARA;PARIÑAS;-4.5941209;-81.2509118;Calle s / n / Calle s / n;LOCAL;DISTRITAL;PROVINCIAL;0
I-412443;200701;PIURA;TALARA;PARIÑAS;-4.5949877;-81.2512441;Calle s / n / Calle s / n;LOCAL;DISTRITAL;PROVINCIAL;0
I-412436;200701;PIURA;TALARA;PARIÑAS;-4.5928489;-81.2525127;Calle s / n / Calle s / n;LOCAL;DISTRITAL;PROVINCIAL;0
I-412433;200701;PIURA;TALARA;PARIÑAS;-4.5962215;-81.2543029;Calle s / n / Calle s / n;LOCAL;DISTRITAL;PROVINCIAL;0
I-263081;250107;UCAYALI;CORONEL PORTILLO;MANANTAY;-8.549242;-74.363363;Calle s / n / Calle s / n;LOCAL;DISTRITAL;DISTRITAL;0
I-255377;250107;UCAYALI;CORONEL PORTILLO;MANANTAY;-8.4279031;-74.5733124;Calle s / n / Calle s / n;LOCAL;DISTRITAL;DISTRITAL;0
I-255378;250107;UCAYALI;CORONEL PORTILLO;MANANTAY;-8.429883;-74.5727296;Calle s / n / Calle s / n;LOCAL;DISTRITAL;DISTRITAL;0
I-255379;250107;UCAYALI;CORONEL PORTILLO;MANANTAY;-8.4349401;-74.5713123;Calle s / n / Calle s / n;LOCAL;DISTRITAL;DISTRITAL;0
I-255381;250107;UCAYALI;CORONEL PORTILLO;MANANTAY;-8.425312;-74.5733048;Habilitación Urbana Municipal / Calle s / n;LOCAL;DISTRITAL;DISTRITAL;0
I-263082;250107;UCAYALI;CORONEL PORTILLO;MANANTAY;-8.5500674;-74.3639573;Calle s / n / Calle s / n;LOCAL;DISTRITAL;DISTRITAL;0
I-60053;110201;ICA;CHINCHA;CHINCHA ALTA;-13.4292768;-76.1275991;Calle s / n / Calle s / n;LOCAL;DISTRITAL;PROVINCIAL;0
I-511509;110201;ICA;CHINCHA;CHINCHA ALTA;-13.3990247;-76.1029163;Calle s / n / Calle s / n;LOCAL;DISTRITAL;PROVINCIAL;0
I-511508;110201;ICA;CHINCHA;CHINCHA ALTA;-13.3999504;-76.1025136;Calle s / n / Calle s / n;LOCAL;DISTRITAL;PROVINCIAL;0
I-511507;110201;ICA;CHINCHA;CHINCHA ALTA;-13.4004946;-76.1007968;Calle s / n / Calle s / n;LOCAL;DISTRITAL;PROVINCIAL;0
I-511504;110201;ICA;CHINCHA;CHINCHA ALTA;-13.4028311;-76.09976;Calle s / n / Calle s / n;LOCAL;DISTRITAL;PROVINCIAL;0
I-511500;110201;ICA;CHINCHA;CHINCHA ALTA;-13.3985094;-76.1016337;Calle s / n / Calle s / n;LOCAL;DISTRITAL;PROVINCIAL;0
I-6573;130104;LA LIBERTAD;TRUJILLO;HUANCHACO;-8.0812114;-79.1226291;Avenida la Rivera / Calle s / n;LOCAL;DISTRITAL;DISTRITAL;0
I-124607;150125;LIMA;LIMA;PUENTE PIEDRA;-11.9230559;-77.0767791;Calle 16 / Calle s / n;METROPOLITANA;PROVINCIAL;DISTRITAL;1
I-585459;130104;LA LIBERTAD;TRUJILLO;HUANCHACO;-8.0710474;-79.098427;Calle s / n / Calle s / n;LOCAL;DISTRITAL;DISTRITAL;0
I-585460;130104;LA LIBERTAD;TRUJILLO;HUANCHACO;-8.0685727;-79.0999844;Calle s / n / Calle s / n;LOCAL;DISTRITAL;DISTRITAL;0
I-585461;130104;LA LIBERTAD;TRUJILLO;HUANCHACO;-8.0791231;-79.1057226;Avenida Circunvalación / Calle s / n;LOCAL;DISTRITAL;DISTRITAL;0
I-585462;130104;LA LIBERTAD;TRUJILLO;HUANCHACO;-8.0828282;-79.1072271;Calle s / n / Calle s / n;LOCAL;DISTRITAL;DISTRITAL;0
I-585463;130104;LA LIBERTAD;TRUJILLO;HUANCHACO;-8.0737372;-79.0954894;Calle s / n / Calle s / n;LOCAL;DISTRITAL;DISTRITAL;0
I-585464;130104;LA LIBERTAD;TRUJILLO;HUANCHACO;-8.0726381;-79.0965736;Calle s / n / Calle s / n;LOCAL;DISTRITAL;DISTRITAL;0
I-585466;130104;LA LIBERTAD;TRUJILLO;HUANCHACO;-8.0667027;-79.0981454;Calle s / n / Calle s / n;LOCAL;DISTRITAL;DISTRITAL;0
I-222826;100102;HUANUCO;HUANUCO;AMARILIS;-9.9437674;-76.2510512;Avenida Los Laureles / Jirón Tumbes;LOCAL;DISTRITAL;DISTRITAL;0
I-125829;150135;LIMA;LIMA;SAN MARTIN DE PORRES;-11.9636651;-77.0925209;Avenida Tantamayo / Calle 23;METROPOLITANA;PROVINCIAL;DISTRITAL;1
I-127177;150105;LIMA;LIMA;BREÑA;-12.0607028;-77.0588482;Avenida Tingo María / Jirón Chamaya;METROPOLITANA;PROVINCIAL;DISTRITAL;1
I-127791;150142;LIMA;LIMA;VILLA EL SALVADOR;-12.197277;-76.9529804;Avenida Micaela Bastidas / Calle 2;METROPOLITANA;PROVINCIAL;DISTRITAL;1
I-127869;150142;LIMA;LIMA;VILLA EL SALVADOR;-12.2187471;-76.9399948;Avenida Bolívar / Avenida Micaela Bastidas;METROPOLITANA;PROVINCIAL;DISTRITAL;1
I-132628;150120;LIMA;LIMA;MAGDALENA DEL MAR;-12.0913633;-77.0673503;Avenida Brasil / Jirón San Martín;METROPOLITANA;PROVINCIAL;DISTRITAL;2
I-5747;070104;CALLAO;CALLAO;LA PERLA;-12.063563;-77.1087055;Avenida República de Venezuela / Avenida Víctor Raúl Haya de la Torre;LOCAL;DISTRITAL;DISTRITAL;0
I-252006;070104;CALLAO;CALLAO;LA PERLA;-12.0703341;-77.1089364;Avenida de La Marina / Calle s / n;LOCAL;DISTRITAL;DISTRITAL;0
I-252018;070104;CALLAO;CALLAO;LA PERLA;-12.0698644;-77.1159746;Avenida Callao / Calle Mariscal Castilla;LOCAL;DISTRITAL;DISTRITAL;0
I-252051;070104;CALLAO;CALLAO;LA PERLA;-12.0711018;-77.1083633;Avenida El Pacífico / Avenida de La Marina;LOCAL;DISTRITAL;DISTRITAL;0
I-253348;070104;CALLAO;CALLAO;LA PERLA;-12.0675093;-77.1156502;Avenida de La Marina / Calle s / n;LOCAL;DISTRITAL;DISTRITAL;0
I-253354;070104;CALLAO;CALLAO;LA PERLA;-12.0667042;-77.1140426;Calle Las Amatistas / Calle Los Opalos;LOCAL;DISTRITAL;DISTRITAL;0
I-253838;070104;CALLAO;CALLAO;LA PERLA;-12.0632044;-77.1052471;Avenida República de Venezuela / Calle s / n;LOCAL;DISTRITAL;DISTRITAL;0
I-252008;070104;CALLAO;CALLAO;LA PERLA;-12.0709313;-77.1073944;Avenida de La Marina / Calle s / n;LOCAL;DISTRITAL;DISTRITAL;0
I-90696;150109;LIMA;LIMA;CIENEGUILLA;-12.0948105;-76.7718054;Calle 16 / Calle s / n;LOCAL;DISTRITAL;DISTRITAL;0
I-583935;150109;LIMA;LIMA;CIENEGUILLA;-12.0867234;-76.8391932;Calle s / n / Calle s / n;LOCAL;DISTRITAL;DISTRITAL;0
I-583943;150109;LIMA;LIMA;CIENEGUILLA;-12.0873857;-76.8413704;Calle s / n / Calle s / n;LOCAL;DISTRITAL;DISTRITAL;0
I-583940;150109;LIMA;LIMA;CIENEGUILLA;-12.086662;-76.8327439;Calle s / n / Calle s / n;LOCAL;DISTRITAL;DISTRITAL;0
I-583938;150109;LIMA;LIMA;CIENEGUILLA;-12.087378;-76.8315856;Calle s / n / Calle s / n;LOCAL;DISTRITAL;DISTRITAL;0
I-133645;150115;LIMA;LIMA;LA VICTORIA;-12.059654;-77.0298397;Avenida Manco Cápac / Calle s / n;METROPOLITANA;PROVINCIAL;DISTRITAL;2
I-583921;150109;LIMA;LIMA;CIENEGUILLA;-12.0886727;-76.8436186;Calle s / n / Calle s / n;LOCAL;DISTRITAL;DISTRITAL;0
I-444281;180101;MOQUEGUA;MARISCAL NIETO;MOQUEGUA;-17.1869605;-70.9257505;Calle s / n / Calle s / n;LOCAL;DISTRITAL;PROVINCIAL;0
I-444121;180101;MOQUEGUA;MARISCAL NIETO;MOQUEGUA;-17.2059286;-70.9301968;Calle s / n / Calle s / n;LOCAL;DISTRITAL;PROVINCIAL;0
I-444123;180101;MOQUEGUA;MARISCAL NIETO;MOQUEGUA;-17.2076185;-70.927382;Calle s / n / Calle s / n;LOCAL;DISTRITAL;PROVINCIAL;0
I-444125;180101;MOQUEGUA;MARISCAL NIETO;MOQUEGUA;-17.2061068;-70.9274678;Calle s / n / Calle s / n;LOCAL;DISTRITAL;PROVINCIAL;0
I-444128;180101;MOQUEGUA;MARISCAL NIETO;MOQUEGUA;-17.2046611;-70.9272334;Calle s / n / Calle s / n;LOCAL;DISTRITAL;PROVINCIAL;0
I-444133;180101;MOQUEGUA;MARISCAL NIETO;MOQUEGUA;-17.2060912;-70.9316079;Calle s / n / Calle s / n;LOCAL;DISTRITAL;PROVINCIAL;0
I-135778;150115;LIMA;LIMA;LA VICTORIA;-12.07610484;-77.02762207;Avenida Manco Cápac / Avenida México;METROPOLITANA;PROVINCIAL;DISTRITAL;1
I-135791;150111;LIMA;LIMA;EL AGUSTINO;-12.0358187;-76.9996691;Avenida Ferrocarril / Los Zorzales;METROPOLITANA;PROVINCIAL;DISTRITAL;1
I-137012;150107;LIMA;LIMA;CHACLACAYO;-11.9755819;-76.772891;Avenida Malecón Manco Cápac / Calle Los Naranjos;METROPOLITANA;PROVINCIAL;DISTRITAL;0
I-137776;150142;LIMA;LIMA;VILLA EL SALVADOR;-12.2355103;-76.9162344;Avenida Separadora Industrial / Pasaje 9;METROPOLITANA;PROVINCIAL;DISTRITAL;1
I-137799;150109;LIMA;LIMA;CIENEGUILLA;-12.1227253;-76.8155333;Avenida Nueva Toledo / Calle Pacayal;METROPOLITANA;PROVINCIAL;DISTRITAL;0
I-306141;110301;ICA;NASCA;NASCA;-14.8254037;-74.9297016;Avenida de la Cultura / Calle s / n;LOCAL;DISTRITAL;PROVINCIAL;0
I-419401;220801;SAN MARTIN;RIOJA;RIOJA;-6.064765;-77.1823613;Calle s / n / Calle s / n;LOCAL;DISTRITAL;PROVINCIAL;0
I-556309;220801;SAN MARTIN;RIOJA;RIOJA;-6.0683477;-77.1813437;Calle s / n / Calle s / n;LOCAL;DISTRITAL;PROVINCIAL;0
I-556314;220801;SAN MARTIN;RIOJA;RIOJA;-6.0684302;-77.184307;Calle s / n / Calle s / n;LOCAL;DISTRITAL;PROVINCIAL;0
I-556316;220801;SAN MARTIN;RIOJA;RIOJA;-6.0698995;-77.18162;Calle s / n / Calle s / n;LOCAL;DISTRITAL;PROVINCIAL;0
I-138062;150133;LIMA;LIMA;SAN JUAN DE MIRAFLORES;-12.1616654;-76.9650321;Avenida Guillermo Billinghurst / Valentín Espejo;METROPOLITANA;PROVINCIAL;DISTRITAL;1
I-556320;220801;SAN MARTIN;RIOJA;RIOJA;-6.0660828;-77.1797251;Calle s / n / Calle s / n;LOCAL;DISTRITAL;PROVINCIAL;0
I-595187;040701;AREQUIPA;ISLAY;MOLLENDO;-17.0320218;-72.0053238;Calle s / n / Calle s / n;LOCAL;DISTRITAL;PROVINCIAL;0
I-595194;040701;AREQUIPA;ISLAY;MOLLENDO;-17.030397;-72.0055689;Calle s / n / Calle s / n;LOCAL;DISTRITAL;PROVINCIAL;0
I-595191;040701;AREQUIPA;ISLAY;MOLLENDO;-17.0323869;-72.0078841;Calle s / n / Calle s / n;LOCAL;DISTRITAL;PROVINCIAL;0
I-595190;040701;AREQUIPA;ISLAY;MOLLENDO;-17.0314483;-72.0076347;Calle s / n / Calle s / n;LOCAL;DISTRITAL;PROVINCIAL;0
I-595188;040701;AREQUIPA;ISLAY;MOLLENDO;-17.0304322;-72.0038388;Calle s / n / Calle s / n;LOCAL;DISTRITAL;PROVINCIAL;0
I-680283;040701;AREQUIPA;ISLAY;MOLLENDO;-16.6795285;-71.9127012;Calle s / n / Calle s / n;LOCAL;DISTRITAL;PROVINCIAL;0
I-71022;190101;PASCO;PASCO;CHAUPIMARCA;-10.6821305;-76.252427;Jirón Bolognesi / Jirón Moquegua;LOCAL;DISTRITAL;PROVINCIAL;0
I-144768;190101;PASCO;PASCO;CHAUPIMARCA;-10.6866854;-76.259168;Calle s / n / Calle s / n;LOCAL;DISTRITAL;PROVINCIAL;0
I-144755;190101;PASCO;PASCO;CHAUPIMARCA;-10.6908676;-76.265061;Calle s / n / Calle s / n;LOCAL;DISTRITAL;PROVINCIAL;0
I-144748;190101;PASCO;PASCO;CHAUPIMARCA;-10.6919;-76.2562848;Calle s / n / Calle s / n;LOCAL;DISTRITAL;PROVINCIAL;0
I-144746;190101;PASCO;PASCO;CHAUPIMARCA;-10.6939803;-76.2640946;Calle s / n / Calle s / n;LOCAL;DISTRITAL;PROVINCIAL;0
I-144744;190101;PASCO;PASCO;CHAUPIMARCA;-10.6928207;-76.2622549;Calle s / n / Calle s / n;LOCAL;DISTRITAL;PROVINCIAL;0
I-144721;190101;PASCO;PASCO;CHAUPIMARCA;-10.6808551;-76.2546585;Calle s / n / Calle s / n;LOCAL;DISTRITAL;PROVINCIAL;0
I-144713;190101;PASCO;PASCO;CHAUPIMARCA;-10.6813828;-76.2452545;Calle s / n / Calle s / n;LOCAL;DISTRITAL;PROVINCIAL;0
I-676087;060701;CAJAMARCA;HUALGAYOC;BAMBAMARCA;-6.7189807;-78.4947433;Calle s / n / Calle s / n;LOCAL;DISTRITAL;PROVINCIAL;0
I-138197;150133;LIMA;LIMA;SAN JUAN DE MIRAFLORES;-12.15943151;-76.95873889;Avenida Miguel Iglesias / Jirón Túpac Amaru;METROPOLITANA;PROVINCIAL;DISTRITAL;1
I-142278;150140;LIMA;LIMA;SANTIAGO DE SURCO;-12.0847295;-76.9789258;Avenida Javier Prado Este / Calle s / n;METROPOLITANA;PROVINCIAL;DISTRITAL;1
I-675381;060701;CAJAMARCA;HUALGAYOC;BAMBAMARCA;-6.7226272;-78.4374167;Calle s / n / Calle s / n;LOCAL;DISTRITAL;PROVINCIAL;0
I-675382;060701;CAJAMARCA;HUALGAYOC;BAMBAMARCA;-6.7179316;-78.4378995;Calle s / n / Calle s / n;LOCAL;DISTRITAL;PROVINCIAL;0
I-675542;060701;CAJAMARCA;HUALGAYOC;BAMBAMARCA;-6.6910126;-78.5213939;Calle s / n / Calle s / n;LOCAL;DISTRITAL;PROVINCIAL;0
I-205892;081301;CUSCO;URUBAMBA;URUBAMBA;-13.2999913;-72.107831;Calle s / n / Calle s / n;LOCAL;DISTRITAL;PROVINCIAL;0
I-205896;081301;CUSCO;URUBAMBA;URUBAMBA;-13.2716212;-72.1926703;Calle s / n / Calle s / n;LOCAL;DISTRITAL;PROVINCIAL;0
I-205898;081301;CUSCO;URUBAMBA;URUBAMBA;-13.2730807;-72.1903364;Jirón Bolivar / Calle s / n;LOCAL;DISTRITAL;PROVINCIAL;0
I-142706;150108;LIMA;LIMA;CHORRILLOS;-12.1898993;-77.0065322;Avenida Defensores del Morro / Calle Rinconada de Villa;METROPOLITANA;PROVINCIAL;DISTRITAL;2
I-143121;150142;LIMA;LIMA;VILLA EL SALVADOR;-12.2245075;-76.938757;Avenida José Carlos Mariátegui / Calle E;METROPOLITANA;PROVINCIAL;DISTRITAL;1
I-145305;150108;LIMA;LIMA;CHORRILLOS;-12.1802321;-76.9979157;Avenida Guardia Civil Sur / Calle Los Meteoros;METROPOLITANA;PROVINCIAL;DISTRITAL;1
I-602100;080701;CUSCO;CHUMBIVILCAS;SANTO TOMAS;-14.6002581;-72.0461388;Calle s / n / Calle s / n;LOCAL;DISTRITAL;PROVINCIAL;0
I-602097;080701;CUSCO;CHUMBIVILCAS;SANTO TOMAS;-14.604918;-72.0398337;Calle s / n / Calle s / n;LOCAL;DISTRITAL;PROVINCIAL;0
I-602095;080701;CUSCO;CHUMBIVILCAS;SANTO TOMAS;-14.5970811;-72.041219;Calle s / n / Calle s / n;LOCAL;DISTRITAL;PROVINCIAL;0
I-602094;080701;CUSCO;CHUMBIVILCAS;SANTO TOMAS;-14.5952113;-72.042319;Calle s / n / Calle s / n;LOCAL;DISTRITAL;PROVINCIAL;0
I-602092;080701;CUSCO;CHUMBIVILCAS;SANTO TOMAS;-14.603389;-72.0381842;Calle s / n / Calle s / n;LOCAL;DISTRITAL;PROVINCIAL;0
I-602066;080701;CUSCO;CHUMBIVILCAS;SANTO TOMAS;-14.6154279;-72.388917;Calle s / n / Calle s / n;LOCAL;DISTRITAL;PROVINCIAL;0
I-637372;130701;LA LIBERTAD;PACASMAYO;SAN PEDRO DE LLOC;-7.4605807;-79.5192906;Calle s / n / Calle s / n;LOCAL;DISTRITAL;PROVINCIAL;0
I-725417;130701;LA LIBERTAD;PACASMAYO;SAN PEDRO DE LLOC;-7.448704;-79.4715974;Calle s / n / Calle s / n;LOCAL;DISTRITAL;PROVINCIAL;0
I-145496;150142;LIMA;LIMA;VILLA EL SALVADOR;-12.2448713;-76.9202892;Calle 20 / Calle s / n;METROPOLITANA;PROVINCIAL;DISTRITAL;0
I-725457;130701;LA LIBERTAD;PACASMAYO;SAN PEDRO DE LLOC;-7.5107281;-79.5402967;Calle s / n / Calle s / n;LOCAL;DISTRITAL;PROVINCIAL;0
I-727974;130701;LA LIBERTAD;PACASMAYO;SAN PEDRO DE LLOC;-7.4489261;-79.4957346;Calle s / n / Calle s / n;LOCAL;DISTRITAL;PROVINCIAL;0
I-737298;130701;LA LIBERTAD;PACASMAYO;SAN PEDRO DE LLOC;-7.5841843;-79.3793522;Calle s / n / Calle s / n;LOCAL;DISTRITAL;PROVINCIAL;0
I-148244;150114;LIMA;LIMA;LA MOLINA;-12.0819895;-76.928718;Avenida 7 / Calle s / n;METROPOLITANA;PROVINCIAL;DISTRITAL;1
I-609178;120302;JUNIN;CHANCHAMAYO;PERENE;-11.0077593;-75.0601186;Calle s / n / Calle s / n;LOCAL;DISTRITAL;DISTRITAL;0
I-609175;120302;JUNIN;CHANCHAMAYO;PERENE;-10.9755432;-75.1264657;Calle s / n / Calle s / n;LOCAL;DISTRITAL;DISTRITAL;0
I-609174;120302;JUNIN;CHANCHAMAYO;PERENE;-10.9759079;-75.1289977;Calle s / n / Calle s / n;LOCAL;DISTRITAL;DISTRITAL;0
I-609173;120302;JUNIN;CHANCHAMAYO;PERENE;-10.9723479;-75.1284251;Calle s / n / Calle s / n;LOCAL;DISTRITAL;DISTRITAL;0
I-609171;120302;JUNIN;CHANCHAMAYO;PERENE;-10.9528262;-75.0944817;Calle s / n / Calle s / n;LOCAL;DISTRITAL;DISTRITAL;0
I-724918;140112;LAMBAYEQUE;CHICLAYO;PIMENTEL;-6.8324684;-79.9014898;Calle s / n / Calle s / n;LOCAL;DISTRITAL;DISTRITAL;0
I-151221;150137;LIMA;LIMA;SANTA ANITA;-12.0316811;-76.9501879;Avenida de La Cultura / Calle 11;METROPOLITANA;PROVINCIAL;DISTRITAL;1
I-724909;140112;LAMBAYEQUE;CHICLAYO;PIMENTEL;-6.8330733;-79.902689;Calle s / n / Calle s / n;LOCAL;DISTRITAL;DISTRITAL;0
I-724907;140112;LAMBAYEQUE;CHICLAYO;PIMENTEL;-6.8329462;-79.9039757;Calle s / n / Calle s / n;LOCAL;DISTRITAL;DISTRITAL;0
I-724674;140112;LAMBAYEQUE;CHICLAYO;PIMENTEL;-6.8195768;-79.896452;Calle s / n / Calle s / n;LOCAL;DISTRITAL;DISTRITAL;0
I-1519;150135;LIMA;LIMA;SAN MARTIN DE PORRES;-12.0319059;-77.075132;Avenida Perú / Calle s / n;METROPOLITANA;PROVINCIAL;DISTRITAL;1
I-652702;220804;SAN MARTIN;RIOJA;NUEVA CAJAMARCA;-5.9335119;-77.3001316;Calle s / n / Calle s / n;LOCAL;DISTRITAL;DISTRITAL;0
I-652707;220804;SAN MARTIN;RIOJA;NUEVA CAJAMARCA;-5.9324627;-77.2994198;Calle s / n / Calle s / n;LOCAL;DISTRITAL;DISTRITAL;0
I-652701;220804;SAN MARTIN;RIOJA;NUEVA CAJAMARCA;-5.9340182;-77.2986305;Calle s / n / Calle s / n;LOCAL;DISTRITAL;DISTRITAL;0
I-653056;220804;SAN MARTIN;RIOJA;NUEVA CAJAMARCA;-5.9283232;-77.3230763;Calle s / n / Calle s / n;LOCAL;DISTRITAL;DISTRITAL;0
I-653133;220804;SAN MARTIN;RIOJA;NUEVA CAJAMARCA;-5.9464585;-77.3396947;Calle s / n / Calle s / n;LOCAL;DISTRITAL;DISTRITAL;0
I-653088;220804;SAN MARTIN;RIOJA;NUEVA CAJAMARCA;-5.9368614;-77.3190166;Jirón Uruguay / Calle s / n;LOCAL;DISTRITAL;DISTRITAL;0
I-156039;150132;LIMA;LIMA;SAN JUAN DE LURIGANCHO;-12.0292721;-77.0178999;Avenida Principal / Avenida Rímac;METROPOLITANA;PROVINCIAL;DISTRITAL;1
I-157768;150125;LIMA;LIMA;PUENTE PIEDRA;-11.8213548;-77.103016;Calle Los Geranios / Calle Las Azucenas;METROPOLITANA;PROVINCIAL;DISTRITAL;1
I-615533;120303;JUNIN;CHANCHAMAYO;PICHANAQUI;-10.9718707;-74.7047375;Calle s / n / Calle s / n;LOCAL;DISTRITAL;DISTRITAL;0
I-615470;120303;JUNIN;CHANCHAMAYO;PICHANAQUI;-10.9542392;-74.659403;Calle s / n / Calle s / n;LOCAL;DISTRITAL;DISTRITAL;0
I-615524;120303;JUNIN;CHANCHAMAYO;PICHANAQUI;-11.0094727;-74.6750325;Calle s / n / Calle s / n;LOCAL;DISTRITAL;DISTRITAL;0
I-615514;120303;JUNIN;CHANCHAMAYO;PICHANAQUI;-10.9604063;-74.661305;Calle s / n / Calle s / n;LOCAL;DISTRITAL;DISTRITAL;0
I-725016;140108;LAMBAYEQUE;CHICLAYO;MONSEFU;-6.8444133;-79.8625803;Calle s / n / Calle s / n;LOCAL;DISTRITAL;DISTRITAL;0
I-667138;140108;LAMBAYEQUE;CHICLAYO;MONSEFU;-6.8844379;-79.8594072;Calle s / n / Calle s / n;LOCAL;DISTRITAL;DISTRITAL;0
I-667198;140108;LAMBAYEQUE;CHICLAYO;MONSEFU;-6.8741152;-79.8637906;Calle s / n / Calle s / n;LOCAL;DISTRITAL;DISTRITAL;0
I-667205;140108;LAMBAYEQUE;CHICLAYO;MONSEFU;-6.8747382;-79.8622252;Calle s / n / Calle s / n;LOCAL;DISTRITAL;DISTRITAL;0
I-667207;140108;LAMBAYEQUE;CHICLAYO;MONSEFU;-6.874981;-79.8607914;Calle s / n / Calle s / n;LOCAL;DISTRITAL;DISTRITAL;0
I-667425;140108;LAMBAYEQUE;CHICLAYO;MONSEFU;-6.8581373;-79.8727553;Calle s / n / Calle s / n;LOCAL;DISTRITAL;DISTRITAL;0
I-160198;070106;CALLAO;CALLAO;VENTANILLA;-11.8267721;-77.1607285;Avenida Bahía Azul / Huayna Cápac;METROPOLITANA;PROVINCIAL;DISTRITAL;0
I-591719;110112;ICA;ICA;SUBTANJALLA;-14.037103;-75.7804169;Calle s / n / Calle s / n;LOCAL;DISTRITAL;DISTRITAL;0
I-591658;110112;ICA;ICA;SUBTANJALLA;-14.0390329;-75.7696413;Calle s / n / Calle s / n;LOCAL;DISTRITAL;DISTRITAL;0
I-591663;110112;ICA;ICA;SUBTANJALLA;-14.0392203;-75.7727804;Calle s / n / Calle s / n;LOCAL;DISTRITAL;DISTRITAL;0
I-591670;110112;ICA;ICA;SUBTANJALLA;-14.0360826;-75.7722578;Calle s / n / Calle s / n;LOCAL;DISTRITAL;DISTRITAL;0
I-591712;110112;ICA;ICA;SUBTANJALLA;-14.0342777;-75.7791565;Calle s / n / Calle s / n;LOCAL;DISTRITAL;DISTRITAL;0
I-591715;110112;ICA;ICA;SUBTANJALLA;-14.0304136;-75.7774125;Calle s / n / Calle s / n;LOCAL;DISTRITAL;DISTRITAL;0
I-429928;120119;JUNIN;HUANCAYO;HUANCAN;-12.1070906;-75.2024674;Calle s / n / Calle s / n;LOCAL;DISTRITAL;DISTRITAL;0
I-429920;120119;JUNIN;HUANCAYO;HUANCAN;-12.1111568;-75.1919089;Calle s / n / Calle s / n;LOCAL;DISTRITAL;DISTRITAL;0
I-429923;120119;JUNIN;HUANCAYO;HUANCAN;-12.1107386;-75.1964834;Calle s / n / Calle s / n;LOCAL;DISTRITAL;DISTRITAL;0
I-429924;120119;JUNIN;HUANCAYO;HUANCAN;-12.1111161;-75.1947427;Calle s / n / Calle s / n;LOCAL;DISTRITAL;DISTRITAL;0
I-429930;120119;JUNIN;HUANCAYO;HUANCAN;-12.1119293;-75.2012882;Calle Curacas I / Calle s / n;LOCAL;DISTRITAL;DISTRITAL;0
I-429931;120119;JUNIN;HUANCAYO;HUANCAN;-12.1110034;-75.2015018;Calle s / n / Calle s / n;LOCAL;DISTRITAL;DISTRITAL;0
I-284263;050116;AYACUCHO;HUAMANGA;ANDRES AVELINO CACERES DORREGARAY;-13.1596618;-74.20504;Avenida María Cordero / Jirón Lizardo Montero;LOCAL;DISTRITAL;DISTRITAL;0
I-284124;050116;AYACUCHO;HUAMANGA;ANDRES AVELINO CACERES DORREGARAY;-13.1500893;-74.2047783;Calle s / n / Calle s / n;LOCAL;DISTRITAL;DISTRITAL;0
I-284146;050116;AYACUCHO;HUAMANGA;ANDRES AVELINO CACERES DORREGARAY;-13.1485375;-74.205887;Calle s / n / Calle s / n;LOCAL;DISTRITAL;DISTRITAL;0
I-284151;050116;AYACUCHO;HUAMANGA;ANDRES AVELINO CACERES DORREGARAY;-13.1496409;-74.2057494;Calle s / n / Calle s / n;LOCAL;DISTRITAL;DISTRITAL;0
I-284154;050116;AYACUCHO;HUAMANGA;ANDRES AVELINO CACERES DORREGARAY;-13.1457805;-74.2034178;Calle s / n / Calle s / n;LOCAL;DISTRITAL;DISTRITAL;0
I-284250;050116;AYACUCHO;HUAMANGA;ANDRES AVELINO CACERES DORREGARAY;-13.1440499;-74.1978378;Avenida Los Robles / Jirón Los Molles;LOCAL;DISTRITAL;DISTRITAL;0
I-478107;040117;AREQUIPA;AREQUIPA;SACHACA;-16.4130558;-71.5708234;Calle Buenos Aires / Calle Rivera;LOCAL;DISTRITAL;DISTRITAL;0
I-477227;040117;AREQUIPA;AREQUIPA;SACHACA;-16.4219035;-71.5889364;Calle s / n / Calle s / n;LOCAL;DISTRITAL;DISTRITAL;0
I-478097;040117;AREQUIPA;AREQUIPA;SACHACA;-16.4142368;-71.5791885;Jirón Moquegua / Calle s / n;LOCAL;DISTRITAL;DISTRITAL;0
I-478098;040117;AREQUIPA;AREQUIPA;SACHACA;-16.4130967;-71.5795301;Calle La Florida / Calle s / n;LOCAL;DISTRITAL;DISTRITAL;0
I-478099;040117;AREQUIPA;AREQUIPA;SACHACA;-16.4127639;-71.5783099;Calle La Florida / Wanders;LOCAL;DISTRITAL;DISTRITAL;0
I-477222;040117;AREQUIPA;AREQUIPA;SACHACA;-16.4229536;-71.5880124;José Carlos Mariátegui / Calle s / n;LOCAL;DISTRITAL;DISTRITAL;0
I-85288;230104;TACNA;TACNA;CIUDAD NUEVA;-17.9837268;-70.2302922;Avenida El Sol / Calle s / n;LOCAL;DISTRITAL;DISTRITAL;0
I-85292;230104;TACNA;TACNA;CIUDAD NUEVA;-17.9870105;-70.2345962;Avenida El Sol / Calle s / n;LOCAL;DISTRITAL;DISTRITAL;0
I-472637;230104;TACNA;TACNA;CIUDAD NUEVA;-17.9787119;-70.2334752;Avenida Emancipación / Calle Hermanos Angulo;LOCAL;DISTRITAL;DISTRITAL;0
I-1623;150141;LIMA;LIMA;SURQUILLO;-12.10858682;-77.02629095;Vía Expresa Luis Fernán Bedoya Reyes / Calle s / n;METROPOLITANA;PROVINCIAL;DISTRITAL;1
I-472635;230104;TACNA;TACNA;CIUDAD NUEVA;-17.9807952;-70.2319712;Calle Hermanos Angulo / Calle Manuel Lorenzo de Vidaurre;LOCAL;DISTRITAL;DISTRITAL;0
I-472630;230104;TACNA;TACNA;CIUDAD NUEVA;-17.9799045;-70.2312982;Avenida Los Precursores / Calle s / n;LOCAL;DISTRITAL;DISTRITAL;0
I-472626;230104;TACNA;TACNA;CIUDAD NUEVA;-17.9787454;-70.2321323;Avenida Los Precursores / Calle s / n;LOCAL;DISTRITAL;DISTRITAL;0
I-472617;230104;TACNA;TACNA;CIUDAD NUEVA;-17.9830521;-70.2391019;Calle Juan Jose Crespo y Castillo / Pasaje Virgen de Chapi;LOCAL;DISTRITAL;DISTRITAL;0
I-472658;230104;TACNA;TACNA;CIUDAD NUEVA;-17.9828119;-70.2349484;Calle Manuel Lorenzo de Vidaurre / Pasaje Francisco Garcia Calderon;LOCAL;DISTRITAL;DISTRITAL;0
I-472666;230104;TACNA;TACNA;CIUDAD NUEVA;-17.9819274;-70.2312331;Calle Hermanos Angulo / Calle s / n;LOCAL;DISTRITAL;DISTRITAL;0
I-1625;150141;LIMA;LIMA;SURQUILLO;-12.1095906;-77.026159;Vía Expresa Luis Fernán Bedoya Reyes / Calle s / n;METROPOLITANA;PROVINCIAL;DISTRITAL;1
I-223642;140120;LAMBAYEQUE;CHICLAYO;TUMAN;-6.7960676;-79.6859838;Calle s / n / Calle s / n;LOCAL;DISTRITAL;DISTRITAL;0
I-223637;140120;LAMBAYEQUE;CHICLAYO;TUMAN;-6.7779602;-79.6810042;Calle s / n / Calle s / n;LOCAL;DISTRITAL;DISTRITAL;0
I-165348;070107;CALLAO;CALLAO;MI PERU;-11.848007;-77.1136677;Avenida Villa / Calle I;METROPOLITANA;PROVINCIAL;DISTRITAL;0
I-223629;140120;LAMBAYEQUE;CHICLAYO;TUMAN;-6.7950393;-79.6862139;Calle s / n / Calle s / n;LOCAL;DISTRITAL;DISTRITAL;0
I-646055;140120;LAMBAYEQUE;CHICLAYO;TUMAN;-6.735707;-79.7109654;Calle s / n / Calle s / n;LOCAL;DISTRITAL;DISTRITAL;0
I-541379;030213;APURIMAC;ANDAHUAYLAS;SAN JERONIMO;-13.6807243;-73.2755649;Calle s / n / Calle s / n;LOCAL;DISTRITAL;DISTRITAL;0
I-541383;030213;APURIMAC;ANDAHUAYLAS;SAN JERONIMO;-13.6821661;-73.2639371;Calle s / n / Calle s / n;LOCAL;DISTRITAL;DISTRITAL;0
I-541392;030213;APURIMAC;ANDAHUAYLAS;SAN JERONIMO;-13.6940665;-73.2863858;Calle s / n / Calle s / n;LOCAL;DISTRITAL;DISTRITAL;0
I-541393;030213;APURIMAC;ANDAHUAYLAS;SAN JERONIMO;-13.6808688;-73.2920252;Calle s / n / Calle s / n;LOCAL;DISTRITAL;DISTRITAL;0
I-541394;030213;APURIMAC;ANDAHUAYLAS;SAN JERONIMO;-13.6794362;-73.2871905;Calle s / n / Calle s / n;LOCAL;DISTRITAL;DISTRITAL;0
I-541396;030213;APURIMAC;ANDAHUAYLAS;SAN JERONIMO;-13.6732494;-73.2926497;Calle s / n / Calle s / n;LOCAL;DISTRITAL;DISTRITAL;0
I-351215;240302;TUMBES;ZARUMILLA;AGUAS VERDES;-3.4511873;-80.2321807;Calle s / n / Calle s / n;LOCAL;DISTRITAL;DISTRITAL;0
I-351190;240302;TUMBES;ZARUMILLA;AGUAS VERDES;-3.4595467;-80.2526064;Calle s / n / Calle s / n;LOCAL;DISTRITAL;DISTRITAL;0
I-351206;240302;TUMBES;ZARUMILLA;AGUAS VERDES;-3.4540067;-80.2433335;Calle s / n / Calle s / n;LOCAL;DISTRITAL;DISTRITAL;0
I-351207;240302;TUMBES;ZARUMILLA;AGUAS VERDES;-3.4548995;-80.2415267;Calle s / n / Calle s / n;LOCAL;DISTRITAL;DISTRITAL;0
I-351208;240302;TUMBES;ZARUMILLA;AGUAS VERDES;-3.4592922;-80.2475846;Calle s / n / Calle s / n;LOCAL;DISTRITAL;DISTRITAL;0
I-351212;240302;TUMBES;ZARUMILLA;AGUAS VERDES;-3.4571067;-80.2404661;Calle s / n / Calle s / n;LOCAL;DISTRITAL;DISTRITAL;0
I-473118;040105;AREQUIPA;AREQUIPA;CHARACATO;-16.48136;-71.5063342;Calle s / n / Calle s / n;LOCAL;DISTRITAL;DISTRITAL;0
I-472961;040105;AREQUIPA;AREQUIPA;CHARACATO;-16.476595;-71.5098023;Calle s / n / Calle s / n;LOCAL;DISTRITAL;DISTRITAL;0
I-472965;040105;AREQUIPA;AREQUIPA;CHARACATO;-16.4753867;-71.5080283;Calle s / n / Calle s / n;LOCAL;DISTRITAL;DISTRITAL;0
I-472968;040105;AREQUIPA;AREQUIPA;CHARACATO;-16.4736253;-71.5054424;Calle s / n / Calle s / n;LOCAL;DISTRITAL;DISTRITAL;0
I-472969;040105;AREQUIPA;AREQUIPA;CHARACATO;-16.4742045;-71.5062928;Calle s / n / Calle s / n;LOCAL;DISTRITAL;DISTRITAL;0
I-472983;040105;AREQUIPA;AREQUIPA;CHARACATO;-16.4787923;-71.4912094;Calle s / n / Calle s / n;LOCAL;DISTRITAL;DISTRITAL;0
I-36585;140113;LAMBAYEQUE;CHICLAYO;REQUE;-6.866943;-79.8199755;Calle Jorge Chávez / Calle Santa Rosa;LOCAL;DISTRITAL;DISTRITAL;0
I-769374;140113;LAMBAYEQUE;CHICLAYO;REQUE;-6.8786847;-79.8209618;Calle s / n / Calle s / n;LOCAL;DISTRITAL;DISTRITAL;0
I-769555;140113;LAMBAYEQUE;CHICLAYO;REQUE;-6.887326;-79.792544;Calle s / n / Calle s / n;LOCAL;DISTRITAL;DISTRITAL;0
I-769558;140113;LAMBAYEQUE;CHICLAYO;REQUE;-6.8854045;-79.7933391;Calle s / n / Calle s / n;LOCAL;DISTRITAL;DISTRITAL;0
I-769565;140113;LAMBAYEQUE;CHICLAYO;REQUE;-6.8882804;-79.7934034;Calle s / n / Calle s / n;LOCAL;DISTRITAL;DISTRITAL;0
I-746198;140113;LAMBAYEQUE;CHICLAYO;REQUE;-6.8902839;-79.8313352;Calle s / n / Calle s / n;LOCAL;DISTRITAL;DISTRITAL;0
I-16602;150128;LIMA;LIMA;RIMAC;-12.0267032;-77.0400082;Avenida Morro de Arica / Avenida Villacampa;METROPOLITANA;PROVINCIAL;DISTRITAL;1
I-684551;140307;LAMBAYEQUE;LAMBAYEQUE;MOTUPE;-6.3145065;-79.762329;Calle s / n / Calle s / n;LOCAL;DISTRITAL;DISTRITAL;0
I-646251;140307;LAMBAYEQUE;LAMBAYEQUE;MOTUPE;-6.1833403;-79.7395947;Calle s / n / Calle s / n;LOCAL;DISTRITAL;DISTRITAL;0
I-684521;140307;LAMBAYEQUE;LAMBAYEQUE;MOTUPE;-6.2621318;-79.7404432;Calle s / n / Calle s / n;LOCAL;DISTRITAL;DISTRITAL;0
I-684522;140307;LAMBAYEQUE;LAMBAYEQUE;MOTUPE;-6.2748014;-79.7423905;Calle s / n / Calle s / n;LOCAL;DISTRITAL;DISTRITAL;0
I-684523;140307;LAMBAYEQUE;LAMBAYEQUE;MOTUPE;-6.2717227;-79.7417068;Calle s / n / Calle s / n;LOCAL;DISTRITAL;DISTRITAL;0
I-684549;140307;LAMBAYEQUE;LAMBAYEQUE;MOTUPE;-6.3138705;-79.7630916;Calle s / n / Calle s / n;LOCAL;DISTRITAL;DISTRITAL;0
I-16647;150119;LIMA;LIMA;LURIN;-12.275857;-76.8708196;Antigua Panamericana Sur / Calle 27 de Octubre;METROPOLITANA;PROVINCIAL;DISTRITAL;1
I-168240;150133;LIMA;LIMA;SAN JUAN DE MIRAFLORES;-12.1880245;-76.982814;Pasaje Punta Arena / Calle s / n;METROPOLITANA;PROVINCIAL;DISTRITAL;1
I-168912;150106;LIMA;LIMA;CARABAYLLO;-11.8813633;-77.0237997;Avenida Camino Real / Calle Los Sauces;METROPOLITANA;PROVINCIAL;DISTRITAL;1
I-169318;150106;LIMA;LIMA;CARABAYLLO;-11.8709592;-77.0200262;Avenida 12 de Febrero / Avenida Manuel Prado / Calle 12 de Febrero;METROPOLITANA;PROVINCIAL;DISTRITAL;1
I-170467;150104;LIMA;LIMA;BARRANCO;-12.1534238;-77.0197145;Avenida Panamericana Sur / Jirón Deportes;METROPOLITANA;PROVINCIAL;DISTRITAL;1
I-17157;150101;LIMA;LIMA;LIMA;-12.0577941;-77.0299528;Avenida Abancay / Jirón Montevideo;METROPOLITANA;PROVINCIAL;PROVINCIAL;0
I-17497;150120;LIMA;LIMA;MAGDALENA DEL MAR;-12.0896166;-77.0585472;Avenida Faustino Sanchez Carrión / Jirón Comandante Gustavo Jiménez;METROPOLITANA;PROVINCIAL;DISTRITAL;1
I-17868;150120;LIMA;LIMA;MAGDALENA DEL MAR;-12.0895338;-77.0662375;Jirón Junín / Jirón Manco Capac;METROPOLITANA;PROVINCIAL;DISTRITAL;1
I-182645;150117;LIMA;LIMA;LOS OLIVOS;-11.9910562;-77.0715028;Avenida Carlos Alberto Izaguirre / Calle s / n;METROPOLITANA;PROVINCIAL;DISTRITAL;2
I-547211;210102;PUNO;PUNO;ACORA;-16.1895018;-69.7259587;Calle s / n / Calle s / n;LOCAL;DISTRITAL;DISTRITAL;0
I-547214;210102;PUNO;PUNO;ACORA;-16.1752998;-69.7245386;Calle s / n / Calle s / n;LOCAL;DISTRITAL;DISTRITAL;0
I-547215;210102;PUNO;PUNO;ACORA;-16.1770931;-69.7209314;Calle s / n / Calle s / n;LOCAL;DISTRITAL;DISTRITAL;0
I-547217;210102;PUNO;PUNO;ACORA;-16.2321114;-69.7689356;Calle s / n / Calle s / n;LOCAL;DISTRITAL;DISTRITAL;0
I-547240;210102;PUNO;PUNO;ACORA;-16.0628153;-69.6586266;Calle s / n / Calle s / n;LOCAL;DISTRITAL;DISTRITAL;0
I-18912;150120;LIMA;LIMA;MAGDALENA DEL MAR;-12.0897097;-77.0658328;Avenida Brasil / Jirón Junín;METROPOLITANA;PROVINCIAL;DISTRITAL;1
I-197048;150105;LIMA;LIMA;BREÑA;-12.0661593;-77.0465669;Avenida Brasil / Jirón Restauración;METROPOLITANA;PROVINCIAL;DISTRITAL;1
I-224211;210301;PUNO;CARABAYA;MACUSANI;-13.9920655;-70.4574892;Calle s / n / Calle s / n;LOCAL;DISTRITAL;PROVINCIAL;0
I-224207;210301;PUNO;CARABAYA;MACUSANI;-13.995311;-70.4586844;Calle s / n / Calle s / n;LOCAL;DISTRITAL;PROVINCIAL;0
I-224204;210301;PUNO;CARABAYA;MACUSANI;-13.994734;-70.4578287;Calle s / n / Calle s / n;LOCAL;DISTRITAL;PROVINCIAL;0
I-197183;150113;LIMA;LIMA;JESUS MARIA;-12.0851309;-77.048899;Avenida General Salaverry / Avenida Guillermo Prescott / Calle Daniel Olaechea;METROPOLITANA;PROVINCIAL;DISTRITAL;1
I-440761;021803;ANCASH;SANTA;COISHCO;-9.0308662;-78.6164566;Prolongación Calle Jorge Chavez / Calle s / n;LOCAL;DISTRITAL;DISTRITAL;0
I-642287;021803;ANCASH;SANTA;COISHCO;-9.0196018;-78.6041884;Calle s / n / Calle s / n;LOCAL;DISTRITAL;DISTRITAL;0
I-496449;021803;ANCASH;SANTA;COISHCO;-9.0228468;-78.6148012;Jirón Unión / Calle s / n;LOCAL;DISTRITAL;DISTRITAL;0
I-442251;021803;ANCASH;SANTA;COISHCO;-9.0183666;-78.614019;Jirón Salaverry / Pasaje Castilla;LOCAL;DISTRITAL;DISTRITAL;0
I-442245;021803;ANCASH;SANTA;COISHCO;-9.0239919;-78.6117113;Jirón González Prada / Jirón Pachacutec;LOCAL;DISTRITAL;DISTRITAL;0
I-299397;021803;ANCASH;SANTA;COISHCO;-9.0216325;-78.6082551;Pasaje San Pedro / Calle s / n;LOCAL;DISTRITAL;DISTRITAL;0
I-20341;070101;CALLAO;CALLAO;CALLAO;-12.0512683;-77.0854039;Avenida Carlos Germán Amezaga / Avenida Óscar Raimundo Benavides;METROPOLITANA;PROVINCIAL;PROVINCIAL;1
I-215372;150115;LIMA;LIMA;LA VICTORIA;-12.0671562;-77.0054809;Avenida México / Los Quechuas;METROPOLITANA;PROVINCIAL;DISTRITAL;1
I-22303;150135;LIMA;LIMA;SAN MARTIN DE PORRES;-11.9938117;-77.0838183;Avenida Universitaria / Calle 5;METROPOLITANA;PROVINCIAL;DISTRITAL;2
I-23581;150132;LIMA;LIMA;SAN JUAN DE LURIGANCHO;-11.9901501;-77.0152061;Avenida Jorge Basadre Oeste / Avenida Las Flores de Primavera;METROPOLITANA;PROVINCIAL;DISTRITAL;1
I-23914;150105;LIMA;LIMA;BREÑA;-12.0681362;-77.0482088;Avenida Brasil / Jirón General Orbegoso;METROPOLITANA;PROVINCIAL;DISTRITAL;4
I-595260;110110;ICA;ICA;SAN JUAN BAUTISTA;-13.999806;-75.7331381;Calle s / n / Calle s / n;LOCAL;DISTRITAL;DISTRITAL;0
I-547776;040208;AREQUIPA;CAMANA;SAMUEL PASTOR;-16.6575274;-72.6535059;Calle s / n / Calle s / n;LOCAL;DISTRITAL;DISTRITAL;0
I-580557;040208;AREQUIPA;CAMANA;SAMUEL PASTOR;-16.6600799;-72.6372827;Calle s / n / Calle s / n;LOCAL;DISTRITAL;DISTRITAL;0
I-547780;040208;AREQUIPA;CAMANA;SAMUEL PASTOR;-16.6570626;-72.6617724;Calle s / n / Calle s / n;LOCAL;DISTRITAL;DISTRITAL;0
I-547779;040208;AREQUIPA;CAMANA;SAMUEL PASTOR;-16.6554971;-72.6614573;Calle s / n / Calle s / n;LOCAL;DISTRITAL;DISTRITAL;0
I-580561;040208;AREQUIPA;CAMANA;SAMUEL PASTOR;-16.6590664;-72.6458718;Calle s / n / Calle s / n;LOCAL;DISTRITAL;DISTRITAL;0
I-547767;040208;AREQUIPA;CAMANA;SAMUEL PASTOR;-16.6579478;-72.6544346;Calle s / n / Calle s / n;LOCAL;DISTRITAL;DISTRITAL;0
I-230157;200706;PIURA;TALARA;MANCORA;-4.1029258;-81.0418204;Calle s / n / Calle s / n;LOCAL;DISTRITAL;DISTRITAL;0
I-230159;200706;PIURA;TALARA;MANCORA;-4.1095979;-81.0582989;Calle s / n / Calle s / n;LOCAL;DISTRITAL;DISTRITAL;0
I-244026;200706;PIURA;TALARA;MANCORA;-4.1028153;-81.0365413;Calle s / n / Calle s / n;LOCAL;DISTRITAL;DISTRITAL;0
I-244043;200706;PIURA;TALARA;MANCORA;-4.101814;-81.0330626;Calle s / n / Calle s / n;LOCAL;DISTRITAL;DISTRITAL;0
I-320153;200706;PIURA;TALARA;MANCORA;-4.1096012;-81.0549566;Calle s / n / Calle s / n;LOCAL;DISTRITAL;DISTRITAL;0
I-230158;200706;PIURA;TALARA;MANCORA;-4.103814;-81.0448139;Calle s / n / Calle s / n;LOCAL;DISTRITAL;DISTRITAL;0
I-577971;140114;LAMBAYEQUE;CHICLAYO;SANTA ROSA;-6.8745487;-79.9172552;Calle San Martín / Calle s / n;LOCAL;DISTRITAL;DISTRITAL;0
I-578026;140114;LAMBAYEQUE;CHICLAYO;SANTA ROSA;-6.8853758;-79.9148533;Calle s / n / Calle s / n;LOCAL;DISTRITAL;DISTRITAL;0
I-578007;140114;LAMBAYEQUE;CHICLAYO;SANTA ROSA;-6.8783897;-79.9171481;Avenida José Edilberto Casas / Calle Fray Bartolomé;LOCAL;DISTRITAL;DISTRITAL;0
I-577991;140114;LAMBAYEQUE;CHICLAYO;SANTA ROSA;-6.8781505;-79.9157686;Avenida José Edilberto Casas / Calle s / n;LOCAL;DISTRITAL;DISTRITAL;0
I-577989;140114;LAMBAYEQUE;CHICLAYO;SANTA ROSA;-6.8802277;-79.9155035;Calle 7 de Junio / Calle s / n;LOCAL;DISTRITAL;DISTRITAL;0
I-577984;140114;LAMBAYEQUE;CHICLAYO;SANTA ROSA;-6.8822505;-79.9152793;Calle s / n / Calle s / n;LOCAL;DISTRITAL;DISTRITAL;0
I-571297;120905;JUNIN;CHUPACA;HUAMANCACA CHICO;-12.0846487;-75.2543236;Calle s / n / Calle s / n;LOCAL;DISTRITAL;DISTRITAL;0
I-571295;120905;JUNIN;CHUPACA;HUAMANCACA CHICO;-12.0800956;-75.2560309;Calle s / n / Calle s / n;LOCAL;DISTRITAL;DISTRITAL;0
I-571288;120905;JUNIN;CHUPACA;HUAMANCACA CHICO;-12.0810952;-75.255872;Calle s / n / Calle s / n;LOCAL;DISTRITAL;DISTRITAL;0
I-571287;120905;JUNIN;CHUPACA;HUAMANCACA CHICO;-12.0824022;-75.2556396;Calle s / n / Calle s / n;LOCAL;DISTRITAL;DISTRITAL;0
I-571285;120905;JUNIN;CHUPACA;HUAMANCACA CHICO;-12.0842469;-75.2553182;Calle s / n / Calle s / n;LOCAL;DISTRITAL;DISTRITAL;0
I-571271;120905;JUNIN;CHUPACA;HUAMANCACA CHICO;-12.0802353;-75.2570431;Calle s / n / Calle s / n;LOCAL;DISTRITAL;DISTRITAL;0
I-571299;120905;JUNIN;CHUPACA;HUAMANCACA CHICO;-12.0770503;-75.2556396;Calle s / n / Calle s / n;LOCAL;DISTRITAL;DISTRITAL;0
I-669459;130403;LA LIBERTAD;CHEPEN;PUEBLO NUEVO;-7.1595753;-79.5537695;Calle s / n / Calle s / n;LOCAL;DISTRITAL;DISTRITAL;0
I-243166;150125;LIMA;LIMA;PUENTE PIEDRA;-11.870633;-77.0643106;Av. Las Torres / Pasaje Ancash;METROPOLITANA;PROVINCIAL;DISTRITAL;1
I-251176;150108;LIMA;LIMA;CHORRILLOS;-12.1971917;-76.9992146;Avenida Alameda Los Horizontes / Avenida Defensores del Morro;METROPOLITANA;PROVINCIAL;DISTRITAL;1
I-251268;150115;LIMA;LIMA;LA VICTORIA;-12.0732546;-77.0163699;Avenida México / Avenida Prolongación Parinacochas;METROPOLITANA;PROVINCIAL;DISTRITAL;1
I-669449;130403;LA LIBERTAD;CHEPEN;PUEBLO NUEVO;-7.1634475;-79.5533967;Calle s / n / Calle s / n;LOCAL;DISTRITAL;DISTRITAL;0
I-251834;150117;LIMA;LIMA;LOS OLIVOS;-11.9831704;-77.0782501;Avenida Los Alisos / Avenida Universitaria;METROPOLITANA;PROVINCIAL;DISTRITAL;1
I-325835;050507;AYACUCHO;LA MAR;SANTA ROSA;-12.6762597;-73.7117097;Calle s / n / Calle s / n;LOCAL;DISTRITAL;DISTRITAL;0
I-325831;050507;AYACUCHO;LA MAR;SANTA ROSA;-12.675311;-73.7120723;Calle s / n / Calle s / n;LOCAL;DISTRITAL;DISTRITAL;0
I-325823;050507;AYACUCHO;LA MAR;SANTA ROSA;-12.6566142;-73.7392494;Calle s / n / Calle s / n;LOCAL;DISTRITAL;DISTRITAL;0
I-325819;050507;AYACUCHO;LA MAR;SANTA ROSA;-12.6694739;-73.7233365;Calle s / n / Calle s / n;LOCAL;DISTRITAL;DISTRITAL;0
I-325818;050507;AYACUCHO;LA MAR;SANTA ROSA;-12.6742117;-73.7114794;Calle s / n / Calle s / n;LOCAL;DISTRITAL;DISTRITAL;0
I-325815;050507;AYACUCHO;LA MAR;SANTA ROSA;-12.6751272;-73.7111182;Calle s / n / Calle s / n;LOCAL;DISTRITAL;DISTRITAL;0
I-325814;050507;AYACUCHO;LA MAR;SANTA ROSA;-12.6819018;-73.8060086;Calle s / n / Calle s / n;LOCAL;DISTRITAL;DISTRITAL;0
I-277139;030602;APURIMAC;CHINCHEROS;ANCO_HUALLO;-13.5211391;-73.6838347;Calle s / n / Calle s / n;LOCAL;DISTRITAL;DISTRITAL;0
I-277141;030602;APURIMAC;CHINCHEROS;ANCO_HUALLO;-13.5431321;-73.6639972;Calle s / n / Calle s / n;LOCAL;DISTRITAL;DISTRITAL;0
I-252040;070104;CALLAO;CALLAO;LA PERLA;-12.0722617;-77.105334;Avenida de La Marina / Avenida de los Insurgentes;METROPOLITANA;PROVINCIAL;DISTRITAL;0
I-252063;150135;LIMA;LIMA;SAN MARTIN DE PORRES;-12.0264043;-77.0547087;Avenida Eduardo de Habich / Calle Darío Valdizán;METROPOLITANA;PROVINCIAL;DISTRITAL;0
I-252229;150101;LIMA;LIMA;LIMA;-12.0462803;-77.0375344;Avenida Emancipación / Avenida Tacna;METROPOLITANA;PROVINCIAL;PROVINCIAL;1
I-252324;150134;LIMA;LIMA;SAN LUIS;-12.0727086;-76.9928777;Avenida Circunvalación / Avenida Mariscal Domingo Nieto;METROPOLITANA;PROVINCIAL;DISTRITAL;1
I-252351;150121;LIMA;LIMA;PUEBLO LIBRE;-12.0828739;-77.0670971;Avenida Antonio José de Sucre / Calle s / n;METROPOLITANA;PROVINCIAL;DISTRITAL;1
I-527477;040702;AREQUIPA;ISLAY;COCACHACRA;-17.0874118;-71.7582187;Avenida Progreso / Calle s / n;LOCAL;DISTRITAL;DISTRITAL;0
I-368157;040702;AREQUIPA;ISLAY;COCACHACRA;-17.0080801;-71.6432261;Calle s / n / Calle s / n;LOCAL;DISTRITAL;DISTRITAL;0
I-252463;150106;LIMA;LIMA;CARABAYLLO;-11.8939769;-77.040941;Avenida Mariano Condorcanqui / Calle Francisco Wuambo;METROPOLITANA;PROVINCIAL;DISTRITAL;1
I-368169;040702;AREQUIPA;ISLAY;COCACHACRA;-16.9845014;-71.6262691;Calle s / n / Calle s / n;LOCAL;DISTRITAL;DISTRITAL;0
I-368171;040702;AREQUIPA;ISLAY;COCACHACRA;-16.9844078;-71.6250742;Calle s / n / Calle s / n;LOCAL;DISTRITAL;DISTRITAL;0
I-253050;150112;LIMA;LIMA;INDEPENDENCIA;-12.0072012;-77.0536925;Avenida Túpac Amaru / Calle s / n;METROPOLITANA;PROVINCIAL;DISTRITAL;1
I-253967;150101;LIMA;LIMA;LIMA;-12.0486359;-77.0592272;Jirón Zorritos / Calle s / n;METROPOLITANA;PROVINCIAL;PROVINCIAL;1
I-254646;150103;LIMA;LIMA;ATE;-12.0262176;-76.920217;Avenida José Carlos Mariátegui / Avenida Nicolás de Ayllón;METROPOLITANA;PROVINCIAL;DISTRITAL;1
I-668844;060802;CAJAMARCA;JAEN;BELLAVISTA;-5.5746117;-78.8050631;Calle Alfonso Ugarte / Jirón José Faustino Sánchez Carrión;LOCAL;DISTRITAL;DISTRITAL;0
I-668849;060802;CAJAMARCA;JAEN;BELLAVISTA;-5.5726436;-78.8043944;Calle José Faustino Sánchez Carrión / Jirón Sucre;LOCAL;DISTRITAL;DISTRITAL;0
I-668851;060802;CAJAMARCA;JAEN;BELLAVISTA;-5.573632;-78.8054248;Avenida Mariscal Castilla / Jirón Unión;LOCAL;DISTRITAL;DISTRITAL;0
I-635708;060802;CAJAMARCA;JAEN;BELLAVISTA;-5.5438506;-78.7999937;Calle s / n / Calle s / n;LOCAL;DISTRITAL;DISTRITAL;0
I-569245;060802;CAJAMARCA;JAEN;BELLAVISTA;-5.5531543;-78.8072544;Calle s / n / Calle s / n;LOCAL;DISTRITAL;DISTRITAL;0
I-257665;150101;LIMA;LIMA;LIMA;-12.0610201;-77.013244;Avenida 28 de Julio / Calle s / n;METROPOLITANA;PROVINCIAL;PROVINCIAL;1
I-257724;150115;LIMA;LIMA;LA VICTORIA;-12.0840158;-77.0043057;Avenida Aviación / Avenida Canadá;METROPOLITANA;PROVINCIAL;DISTRITAL;1
I-344482;020606;ANCASH;CARHUAZ;MARCARA;-9.2879473;-77.4561927;Calle s / n / Calle s / n;LOCAL;DISTRITAL;DISTRITAL;0
I-344484;020606;ANCASH;CARHUAZ;MARCARA;-9.2986622;-77.4677879;Calle s / n / Calle s / n;LOCAL;DISTRITAL;DISTRITAL;0
I-26393;150112;LIMA;LIMA;INDEPENDENCIA;-12.0020323;-77.0546445;Avenida Túpac Amaru / Calle Las Sandías;METROPOLITANA;PROVINCIAL;DISTRITAL;1
I-378856;020606;ANCASH;CARHUAZ;MARCARA;-9.3330948;-77.5499904;Calle s / n / Calle s / n;LOCAL;DISTRITAL;DISTRITAL;0
I-271942;150120;LIMA;LIMA;MAGDALENA DEL MAR;-12.0967554;-77.0751833;Circuito de Playas / Calle s / n;METROPOLITANA;PROVINCIAL;DISTRITAL;1
I-271944;150120;LIMA;LIMA;MAGDALENA DEL MAR;-12.097823;-77.0731326;Circuito de Playas / Calle s / n;METROPOLITANA;PROVINCIAL;DISTRITAL;3
I-737248;130206;LA LIBERTAD;ASCOPE;RAZURI;-7.7167939;-79.4003633;Calle s / n / Calle s / n;LOCAL;DISTRITAL;DISTRITAL;0
I-737243;130206;LA LIBERTAD;ASCOPE;RAZURI;-7.7145932;-79.3988425;Calle s / n / Calle s / n;LOCAL;DISTRITAL;DISTRITAL;0
I-275248;150128;LIMA;LIMA;RIMAC;-12.0269368;-77.0334973;Avenida Samuel Alcázar / Calle s / n;METROPOLITANA;PROVINCIAL;DISTRITAL;1
I-288807;150125;LIMA;LIMA;PUENTE PIEDRA;-11.845509;-77.077201;Avenida Pacífico / Calle s / n;METROPOLITANA;PROVINCIAL;DISTRITAL;1
I-298204;150130;LIMA;LIMA;SAN BORJA;-12.0873075;-76.9965065;Avenida Javier Prado Este / Avenida San Luis;METROPOLITANA;PROVINCIAL;DISTRITAL;2
I-300109;150115;LIMA;LIMA;LA VICTORIA;-12.0623738;-77.0126242;Avenida Aviación / Avenida Jaime Bausate y Meza;METROPOLITANA;PROVINCIAL;DISTRITAL;2
I-648886;210806;PUNO;MELGAR;NUÑOA;-14.4846459;-70.6298564;Calle s / n / Calle s / n;LOCAL;DISTRITAL;DISTRITAL;0
I-648883;210806;PUNO;MELGAR;NUÑOA;-14.4838254;-70.6307409;Calle s / n / Calle s / n;LOCAL;DISTRITAL;DISTRITAL;0
I-300767;150106;LIMA;LIMA;CARABAYLLO;-11.8874896;-77.0368827;Avenida Señor de Caudivilla / Calle s / n;METROPOLITANA;PROVINCIAL;DISTRITAL;0
I-601663;210806;PUNO;MELGAR;NUÑOA;-14.2177872;-70.8763298;Calle s / n / Calle s / n;LOCAL;DISTRITAL;DISTRITAL;0
I-601662;210806;PUNO;MELGAR;NUÑOA;-14.2097971;-70.884186;Calle s / n / Calle s / n;LOCAL;DISTRITAL;DISTRITAL;0
I-601049;210806;PUNO;MELGAR;NUÑOA;-14.2166302;-70.8951375;Calle s / n / Calle s / n;LOCAL;DISTRITAL;DISTRITAL;0
I-617507;080902;CUSCO;LA CONVENCION;ECHARATE;-12.4724154;-72.8721185;Calle s / n / Calle s / n;LOCAL;DISTRITAL;DISTRITAL;0
I-617543;080902;CUSCO;LA CONVENCION;ECHARATE;-12.4675502;-72.8086334;Calle s / n / Calle s / n;LOCAL;DISTRITAL;DISTRITAL;0
I-617531;080902;CUSCO;LA CONVENCION;ECHARATE;-12.6037326;-73.097185;Calle s / n / Calle s / n;LOCAL;DISTRITAL;DISTRITAL;0
I-300936;150130;LIMA;LIMA;SAN BORJA;-12.1053013;-77.0009898;Avenida Aviación / Calle s / n;METROPOLITANA;PROVINCIAL;DISTRITAL;1
I-617525;080902;CUSCO;LA CONVENCION;ECHARATE;-12.4968214;-72.9821072;Calle s / n / Calle s / n;LOCAL;DISTRITAL;DISTRITAL;0
I-617524;080902;CUSCO;LA CONVENCION;ECHARATE;-12.497155;-72.9900414;Calle s / n / Calle s / n;LOCAL;DISTRITAL;DISTRITAL;0
I-617523;080902;CUSCO;LA CONVENCION;ECHARATE;-12.493273;-72.9946973;Calle s / n / Calle s / n;LOCAL;DISTRITAL;DISTRITAL;0
I-566690;060417;CAJAMARCA;CHOTA;TACABAMBA;-6.3911147;-78.6051741;Calle s / n / Calle s / n;LOCAL;DISTRITAL;DISTRITAL;0
I-302633;150113;LIMA;LIMA;JESUS MARIA;-12.0660718;-77.0462395;Avenida Brasil / Calle s / n;METROPOLITANA;PROVINCIAL;DISTRITAL;0
I-305207;150134;LIMA;LIMA;SAN LUIS;-12.0801623;-77.0075939;Avenida Aviación / Calle s / n;METROPOLITANA;PROVINCIAL;DISTRITAL;1
I-242266;060417;CAJAMARCA;CHOTA;TACABAMBA;-6.4271444;-78.4806067;Calle s / n / Calle s / n;LOCAL;DISTRITAL;DISTRITAL;0
I-242265;060417;CAJAMARCA;CHOTA;TACABAMBA;-6.4309318;-78.4878051;Calle s / n / Calle s / n;LOCAL;DISTRITAL;DISTRITAL;0
I-242259;060417;CAJAMARCA;CHOTA;TACABAMBA;-6.4265151;-78.4817727;Calle s / n / Calle s / n;LOCAL;DISTRITAL;DISTRITAL;0
I-306311;150141;LIMA;LIMA;SURQUILLO;-12.1220045;-77.0056989;Avenida Manuel Villarán / Avenida de Tomás Marsano;METROPOLITANA;PROVINCIAL;DISTRITAL;1
I-352947;080906;CUSCO;LA CONVENCION;QUELLOUNO;-12.5097536;-72.2659117;Calle s / n / Calle s / n;LOCAL;DISTRITAL;DISTRITAL;0
I-306730;150121;LIMA;LIMA;PUEBLO LIBRE;-12.0740921;-77.0530194;Avenida Afranio de Mello Franco / Avenida Brasil;METROPOLITANA;PROVINCIAL;DISTRITAL;1
I-306732;150132;LIMA;LIMA;SAN JUAN DE LURIGANCHO;-12.0258357;-77.0103172;Avenida Próceres de la Independencia / Calle s / n;METROPOLITANA;PROVINCIAL;DISTRITAL;2
I-306848;150143;LIMA;LIMA;VILLA MARIA DEL TRIUNFO;-12.140869;-76.9488724;Avenida José Carlos Mariátegui / Calle s / n;METROPOLITANA;PROVINCIAL;DISTRITAL;1
I-352958;080906;CUSCO;LA CONVENCION;QUELLOUNO;-12.4387607;-72.3677694;Calle s / n / Calle s / n;LOCAL;DISTRITAL;DISTRITAL;0
I-306892;150103;LIMA;LIMA;ATE;-12.041396;-76.9244058;Prolongación Javier Prado Este / Calle s / n;METROPOLITANA;PROVINCIAL;DISTRITAL;1
I-588711;130803;LA LIBERTAD;PATAZ;CHILLIA;-8.1314136;-77.5784151;Calle s / n / Calle s / n;LOCAL;DISTRITAL;DISTRITAL;0
I-656501;130803;LA LIBERTAD;PATAZ;CHILLIA;-8.1912417;-77.5035406;Calle s / n / Calle s / n;LOCAL;DISTRITAL;DISTRITAL;0
I-656494;130803;LA LIBERTAD;PATAZ;CHILLIA;-8.1722063;-77.52838;Calle s / n / Calle s / n;LOCAL;DISTRITAL;DISTRITAL;0
I-649089;130803;LA LIBERTAD;PATAZ;CHILLIA;-8.1010279;-77.6029958;Calle s / n / Calle s / n;LOCAL;DISTRITAL;DISTRITAL;0
I-649088;130803;LA LIBERTAD;PATAZ;CHILLIA;-8.1188008;-77.6033113;Calle s / n / Calle s / n;LOCAL;DISTRITAL;DISTRITAL;0
I-649085;130803;LA LIBERTAD;PATAZ;CHILLIA;-8.1076248;-77.6010209;Calle s / n / Calle s / n;LOCAL;DISTRITAL;DISTRITAL;0
I-306961;070104;CALLAO;CALLAO;LA PERLA;-12.0684748;-77.1041796;Avenida de los Insurgentes / Avenida de los Precursores;METROPOLITANA;PROVINCIAL;DISTRITAL;0
I-308127;150117;LIMA;LIMA;LOS OLIVOS;-11.9861505;-77.0722492;Avenida José Santos Chocano / Avenida Las Palmeras;METROPOLITANA;PROVINCIAL;DISTRITAL;1
I-309715;150111;LIMA;LIMA;EL AGUSTINO;-12.0286877;-76.9997477;Avenida José Carlos Mariátegui / Calle Malecón de la Amistad;METROPOLITANA;PROVINCIAL;DISTRITAL;1
I-31211;150128;LIMA;LIMA;RIMAC;-12.039906;-77.0302112;Avenida Francisco Pizarro / Jirón Cajamarca / Jirón Paita;METROPOLITANA;PROVINCIAL;DISTRITAL;1
I-31420;150128;LIMA;LIMA;RIMAC;-12.0367729;-77.0310944;Avenida Prolongación Tacna / Jirón Chira;METROPOLITANA;PROVINCIAL;DISTRITAL;1
I-314272;150128;LIMA;LIMA;RIMAC;-12.0351922;-77.0298884;Avenida Prolongación Tacna / Calle s / n;METROPOLITANA;PROVINCIAL;DISTRITAL;1
I-324826;081306;CUSCO;URUBAMBA;OLLANTAYTAMBO;-13.3179672;-72.2448024;Calle s / n / Calle s / n;LOCAL;DISTRITAL;DISTRITAL;0
I-314877;150101;LIMA;LIMA;LIMA;-12.0541397;-77.0615896;Avenida Naciones Unidas / Avenida Prolongación Arica;METROPOLITANA;PROVINCIAL;PROVINCIAL;1
I-315973;150135;LIMA;LIMA;SAN MARTIN DE PORRES;-12.0134871;-77.0871845;Avenida 12 de Octubre / Avenida El Olivar;METROPOLITANA;PROVINCIAL;DISTRITAL;1
I-316381;150141;LIMA;LIMA;SURQUILLO;-12.1056964;-77.0176777;Avenida de Tomás Marsano / Calle s / n;METROPOLITANA;PROVINCIAL;DISTRITAL;1
I-316738;150135;LIMA;LIMA;SAN MARTIN DE PORRES;-12.0074429;-77.0823455;Avenida Universitaria / Calle s / n;METROPOLITANA;PROVINCIAL;DISTRITAL;1
I-336368;081306;CUSCO;URUBAMBA;OLLANTAYTAMBO;-13.2332671;-72.2169446;Calle s / n / Calle s / n;LOCAL;DISTRITAL;DISTRITAL;0
I-610607;081103;CUSCO;PAUCARTAMBO;CHALLABAMBA;-13.2995268;-71.7298114;Calle s / n / Calle s / n;LOCAL;DISTRITAL;DISTRITAL;0
I-610587;081103;CUSCO;PAUCARTAMBO;CHALLABAMBA;-13.3066323;-71.7185725;Calle s / n / Calle s / n;LOCAL;DISTRITAL;DISTRITAL;0
I-610594;081103;CUSCO;PAUCARTAMBO;CHALLABAMBA;-13.1009847;-71.7262565;Calle s / n / Calle s / n;LOCAL;DISTRITAL;DISTRITAL;0
I-610601;081103;CUSCO;PAUCARTAMBO;CHALLABAMBA;-13.3038067;-71.7246458;Calle s / n / Calle s / n;LOCAL;DISTRITAL;DISTRITAL;0
I-610602;081103;CUSCO;PAUCARTAMBO;CHALLABAMBA;-13.3016957;-71.7253089;Calle s / n / Calle s / n;LOCAL;DISTRITAL;DISTRITAL;0
I-610604;081103;CUSCO;PAUCARTAMBO;CHALLABAMBA;-13.3028205;-71.7239686;Calle s / n / Calle s / n;LOCAL;DISTRITAL;DISTRITAL;0
I-796085;060807;CAJAMARCA;JAEN;POMAHUACA;-5.954748;-79.2308021;Calle s / n / Calle s / n;LOCAL;DISTRITAL;DISTRITAL;0
I-796078;060807;CAJAMARCA;JAEN;POMAHUACA;-5.983012;-79.1986746;Calle s / n / Calle s / n;LOCAL;DISTRITAL;DISTRITAL;0
I-796082;060807;CAJAMARCA;JAEN;POMAHUACA;-5.9586189;-79.2308021;Calle s / n / Calle s / n;LOCAL;DISTRITAL;DISTRITAL;0
I-796083;060807;CAJAMARCA;JAEN;POMAHUACA;-5.9600048;-79.2307886;Calle s / n / Calle s / n;LOCAL;DISTRITAL;DISTRITAL;0
I-796086;060807;CAJAMARCA;JAEN;POMAHUACA;-5.9670275;-79.2341682;Calle s / n / Calle s / n;LOCAL;DISTRITAL;DISTRITAL;0
I-796087;060807;CAJAMARCA;JAEN;POMAHUACA;-5.96675;-79.2325187;Calle s / n / Calle s / n;LOCAL;DISTRITAL;DISTRITAL;0
I-398385;240101;TUMBES;TUMBES;TUMBES;-3.5050195;-80.393404;Calle s / n / Calle s / n;LOCAL;DISTRITAL;PROVINCIAL;0
I-398744;240101;TUMBES;TUMBES;TUMBES;-3.5611191;-80.4439628;Calle s / n / Calle s / n;LOCAL;DISTRITAL;PROVINCIAL;0
I-398740;240101;TUMBES;TUMBES;TUMBES;-3.5663219;-80.4534112;Avenida Mariscal Ramon Castilla / Salaverry;LOCAL;DISTRITAL;PROVINCIAL;0
I-398573;240101;TUMBES;TUMBES;TUMBES;-3.5676149;-80.4602363;Avenida Piura / Calle s / n;LOCAL;DISTRITAL;PROVINCIAL;0
I-398549;240101;TUMBES;TUMBES;TUMBES;-3.5519764;-80.437423;Calle s / n / Calle s / n;LOCAL;DISTRITAL;PROVINCIAL;0
I-316876;150135;LIMA;LIMA;SAN MARTIN DE PORRES;-11.9831325;-77.0799259;Avenida Los Alisos / Calle s / n;METROPOLITANA;PROVINCIAL;DISTRITAL;1
I-577645;220101;SAN MARTIN;MOYOBAMBA;MOYOBAMBA;-5.8762936;-77.1868408;Calle s / n / Calle s / n;LOCAL;DISTRITAL;PROVINCIAL;0
I-577644;220101;SAN MARTIN;MOYOBAMBA;MOYOBAMBA;-5.8737616;-77.1858444;Calle s / n / Calle s / n;LOCAL;DISTRITAL;PROVINCIAL;0
I-577637;220101;SAN MARTIN;MOYOBAMBA;MOYOBAMBA;-5.8764004;-77.1850893;Calle s / n / Calle s / n;LOCAL;DISTRITAL;PROVINCIAL;0
I-577636;220101;SAN MARTIN;MOYOBAMBA;MOYOBAMBA;-5.8772715;-77.1843288;Calle s / n / Calle s / n;LOCAL;DISTRITAL;PROVINCIAL;0
I-31693;070103;CALLAO;CALLAO;CARMEN DE LA LEGUA REYNOSO;-12.039376;-77.0831981;Avenida Enrique Meiggs / Jirón Juan Velasco Alvarado;METROPOLITANA;PROVINCIAL;DISTRITAL;0
I-31793;150105;LIMA;LIMA;BREÑA;-12.0503571;-77.047358;Jirón Jorge Chávez / Jirón Zorritos;METROPOLITANA;PROVINCIAL;DISTRITAL;1
I-320949;150116;LIMA;LIMA;LINCE;-12.0841034;-77.0390185;Avenida General César Canevaro / Jirón Almirante Martin Guisse;METROPOLITANA;PROVINCIAL;DISTRITAL;1
I-321047;150106;LIMA;LIMA;CARABAYLLO;-11.8847962;-77.0234187;Avenida Túpac Amaru / Calle s / n;METROPOLITANA;PROVINCIAL;DISTRITAL;1
I-321175;150110;LIMA;LIMA;COMAS;-11.9286255;-77.0560583;Avenida El Retablo / Avenida Micaela Bastidas;METROPOLITANA;PROVINCIAL;DISTRITAL;1
I-321183;150110;LIMA;LIMA;COMAS;-11.9421945;-77.0604067;Avenida Guillermo de la Fuente / Avenida Universitaria;METROPOLITANA;PROVINCIAL;DISTRITAL;2
I-322076;150112;LIMA;LIMA;INDEPENDENCIA;-11.9887131;-77.0568386;Avenida Carlos Alberto Izaguirre / Avenida Túpac Amaru;METROPOLITANA;PROVINCIAL;DISTRITAL;1
I-574404;021601;ANCASH;POMABAMBA;POMABAMBA;-8.8117066;-77.4686235;Calle s / n / Calle s / n;LOCAL;DISTRITAL;PROVINCIAL;0
I-322643;150106;LIMA;LIMA;CARABAYLLO;-11.8934426;-77.0287943;Avenida Túpac Amaru / Calle s / n;METROPOLITANA;PROVINCIAL;DISTRITAL;1
I-416403;021601;ANCASH;POMABAMBA;POMABAMBA;-8.8117935;-77.4679195;Calle s / n / Calle s / n;LOCAL;DISTRITAL;PROVINCIAL;0
I-322764;150121;LIMA;LIMA;PUEBLO LIBRE;-12.0786609;-77.0569041;Avenida Brasil / Avenida Francisco Javier Mariátegui;METROPOLITANA;PROVINCIAL;DISTRITAL;1
I-416399;021601;ANCASH;POMABAMBA;POMABAMBA;-8.815724;-77.4658208;Jirón Huaraz / Calle s / n;LOCAL;DISTRITAL;PROVINCIAL;0
I-416398;021601;ANCASH;POMABAMBA;POMABAMBA;-8.8148901;-77.4667305;Jirón Huaraz / Jirón Los Sauces;LOCAL;DISTRITAL;PROVINCIAL;0
I-416397;021601;ANCASH;POMABAMBA;POMABAMBA;-8.8170521;-77.4643892;Jirón Huaraz / Pasaje Cirilo Vergaray;LOCAL;DISTRITAL;PROVINCIAL;0
I-416396;021601;ANCASH;POMABAMBA;POMABAMBA;-8.816549;-77.4649561;Jirón Huaraz / Calle s / n;LOCAL;DISTRITAL;PROVINCIAL;0
I-567953;060301;CAJAMARCA;CELENDIN;CELENDIN;-6.8570024;-78.136336;Avenida Shuitute / Calle s / n;LOCAL;DISTRITAL;PROVINCIAL;0
I-322991;150121;LIMA;LIMA;PUEBLO LIBRE;-12.0711584;-77.0505324;Avenida Brasil / Avenida Colombia;METROPOLITANA;PROVINCIAL;DISTRITAL;1
I-236544;060301;CAJAMARCA;CELENDIN;CELENDIN;-6.8599464;-78.1429233;Jirón Pedro Ortiz Montoya / Jirón San Juan;LOCAL;DISTRITAL;PROVINCIAL;0
I-236545;060301;CAJAMARCA;CELENDIN;CELENDIN;-6.8608185;-78.1430073;Jirón Huancayo / Jirón Pedro Ortiz Montoya;LOCAL;DISTRITAL;PROVINCIAL;0
I-236546;060301;CAJAMARCA;CELENDIN;CELENDIN;-6.8660514;-78.1434215;Jirón Pardo / Jirón Pedro Ortiz Montoya;LOCAL;DISTRITAL;PROVINCIAL;0
I-323208;150105;LIMA;LIMA;BREÑA;-12.0590672;-77.0455612;Avenida Arica / Calle s / n;METROPOLITANA;PROVINCIAL;DISTRITAL;1
I-662171;100604;HUANUCO;LEONCIO PRADO;JOSE CRESPO Y CASTILLO;-8.9328704;-76.1050108;Calle s / n / Calle s / n;LOCAL;DISTRITAL;DISTRITAL;0
I-259080;100604;HUANUCO;LEONCIO PRADO;JOSE CRESPO Y CASTILLO;-8.9345532;-76.1088392;Calle s / n / Calle s / n;LOCAL;DISTRITAL;DISTRITAL;0
I-259079;100604;HUANUCO;LEONCIO PRADO;JOSE CRESPO Y CASTILLO;-8.9341539;-76.108292;Calle s / n / Calle s / n;LOCAL;DISTRITAL;DISTRITAL;0
I-259078;100604;HUANUCO;LEONCIO PRADO;JOSE CRESPO Y CASTILLO;-8.9339248;-76.1079798;Calle s / n / Calle s / n;LOCAL;DISTRITAL;DISTRITAL;0
I-259077;100604;HUANUCO;LEONCIO PRADO;JOSE CRESPO Y CASTILLO;-8.9336748;-76.1076392;Calle s / n / Calle s / n;LOCAL;DISTRITAL;DISTRITAL;0
I-259076;100604;HUANUCO;LEONCIO PRADO;JOSE CRESPO Y CASTILLO;-8.9321546;-76.1056108;Calle s / n / Calle s / n;LOCAL;DISTRITAL;DISTRITAL;0
I-555020;110108;ICA;ICA;SALAS;-13.9897805;-75.7737892;Calle Libertad / Calle s / n;LOCAL;DISTRITAL;DISTRITAL;0
I-62988;110108;ICA;ICA;SALAS;-13.9882298;-75.77335;Calle Cañete / Calle Libertad;LOCAL;DISTRITAL;DISTRITAL;0
I-62998;110108;ICA;ICA;SALAS;-14.0042592;-75.7609141;Calle s / n / Calle s / n;LOCAL;DISTRITAL;DISTRITAL;0
I-62996;110108;ICA;ICA;SALAS;-14.0016176;-75.7606244;Calle s / n / Calle s / n;LOCAL;DISTRITAL;DISTRITAL;0
I-62533;110108;ICA;ICA;SALAS;-14.0048175;-75.7730074;Calle s / n / Calle s / n;LOCAL;DISTRITAL;DISTRITAL;0
I-564689;110111;ICA;ICA;SANTIAGO;-14.5804574;-75.5950003;Calle s / n / Calle s / n;LOCAL;DISTRITAL;DISTRITAL;0
I-272933;110111;ICA;ICA;SANTIAGO;-14.1896243;-75.7098994;Calle s / n / Calle s / n;LOCAL;DISTRITAL;DISTRITAL;0
I-272957;110111;ICA;ICA;SANTIAGO;-14.1876441;-75.711702;Calle s / n / Calle s / n;LOCAL;DISTRITAL;DISTRITAL;0
I-272954;110111;ICA;ICA;SANTIAGO;-14.1857627;-75.7158255;Calle s / n / Calle s / n;LOCAL;DISTRITAL;DISTRITAL;0
I-272953;110111;ICA;ICA;SANTIAGO;-14.1890777;-75.7121915;Calle s / n / Calle s / n;LOCAL;DISTRITAL;DISTRITAL;0
I-554779;110506;ICA;PISCO;SAN ANDRES;-13.7128861;-76.1702326;Calle s / n / Calle s / n;LOCAL;DISTRITAL;DISTRITAL;0
I-404801;110506;ICA;PISCO;SAN ANDRES;-13.7286204;-76.2040363;Calle s / n / Calle s / n;LOCAL;DISTRITAL;DISTRITAL;0
I-192397;110506;ICA;PISCO;SAN ANDRES;-13.7345526;-76.2165666;Calle Santa Cruz / Calle s / n;LOCAL;DISTRITAL;DISTRITAL;0
I-192552;110506;ICA;PISCO;SAN ANDRES;-13.7329447;-76.2179547;Calle s / n / Calle s / n;LOCAL;DISTRITAL;DISTRITAL;0
I-192551;110506;ICA;PISCO;SAN ANDRES;-13.7319802;-76.2176785;Calle s / n / Calle s / n;LOCAL;DISTRITAL;DISTRITAL;0
I-192550;110506;ICA;PISCO;SAN ANDRES;-13.7315071;-76.2177627;Calle s / n / Calle s / n;LOCAL;DISTRITAL;DISTRITAL;0
I-324308;150114;LIMA;LIMA;LA MOLINA;-12.0929543;-76.9526435;Alameda del Corregidor / Jirón Los Bambues;METROPOLITANA;PROVINCIAL;DISTRITAL;1
I-704806;130107;LA LIBERTAD;TRUJILLO;MOCHE;-8.1824483;-79.0044415;Calle s / n / Calle s / n;LOCAL;DISTRITAL;DISTRITAL;0
I-224645;130107;LA LIBERTAD;TRUJILLO;MOCHE;-8.1705143;-79.0137014;Calle San Francisco / Jirón Leoncio Prado;LOCAL;DISTRITAL;DISTRITAL;0
I-324655;150135;LIMA;LIMA;SAN MARTIN DE PORRES;-11.9881109;-77.1142804;Avenida Alejandro Bertello / Avenida Bertello / Avenida Carlos Alberto Izaguirre;METROPOLITANA;PROVINCIAL;DISTRITAL;1
I-224614;130107;LA LIBERTAD;TRUJILLO;MOCHE;-8.167762;-79.0245549;Calle s / n / Calle s / n;LOCAL;DISTRITAL;DISTRITAL;0
I-224611;130107;LA LIBERTAD;TRUJILLO;MOCHE;-8.1685712;-79.0241531;Calle s / n / Calle s / n;LOCAL;DISTRITAL;DISTRITAL;0
I-224610;130107;LA LIBERTAD;TRUJILLO;MOCHE;-8.1671968;-79.0248719;Calle s / n / Calle s / n;LOCAL;DISTRITAL;DISTRITAL;0
I-325186;150132;LIMA;LIMA;SAN JUAN DE LURIGANCHO;-12.0121638;-77.0113297;Avenida Las Flores de Primavera / Calle s / n;METROPOLITANA;PROVINCIAL;DISTRITAL;1
I-224608;130107;LA LIBERTAD;TRUJILLO;MOCHE;-8.1651302;-79.0296305;Avenida Las Américas / Calle s / n;LOCAL;DISTRITAL;DISTRITAL;0
I-570540;130402;LA LIBERTAD;CHEPEN;PACANGA;-7.1888394;-79.5116456;Calle Los Alelies / Calle s / n;LOCAL;DISTRITAL;DISTRITAL;0
I-226741;130402;LA LIBERTAD;CHEPEN;PACANGA;-7.158004;-79.4455749;Calle s / n / Calle s / n;LOCAL;DISTRITAL;DISTRITAL;0
I-325897;150132;LIMA;LIMA;SAN JUAN DE LURIGANCHO;-12.0175516;-77.0021453;Avenida Piramide del Sol / Avenida Próceres de la Independencia;METROPOLITANA;PROVINCIAL;DISTRITAL;1
I-226763;130402;LA LIBERTAD;CHEPEN;PACANGA;-7.1562109;-79.441809;Calle s / n / Calle s / n;LOCAL;DISTRITAL;DISTRITAL;0
I-226762;130402;LA LIBERTAD;CHEPEN;PACANGA;-7.1558485;-79.44224;Calle s / n / Calle s / n;LOCAL;DISTRITAL;DISTRITAL;0
I-561790;140116;LAMBAYEQUE;CHICLAYO;CAYALTI;-6.8861736;-79.5427511;Calle s / n / Calle s / n;LOCAL;DISTRITAL;DISTRITAL;0
I-224679;140116;LAMBAYEQUE;CHICLAYO;CAYALTI;-6.8929639;-79.5591727;Pasaje Los Eucaliptos / Calle s / n;LOCAL;DISTRITAL;DISTRITAL;0
I-235306;140116;LAMBAYEQUE;CHICLAYO;CAYALTI;-6.888135;-79.5602815;Calle s / n / Calle s / n;LOCAL;DISTRITAL;DISTRITAL;0
I-235305;140116;LAMBAYEQUE;CHICLAYO;CAYALTI;-6.8855593;-79.5577647;Calle s / n / Calle s / n;LOCAL;DISTRITAL;DISTRITAL;0
I-235304;140116;LAMBAYEQUE;CHICLAYO;CAYALTI;-6.8876246;-79.5597633;Calle s / n / Calle s / n;LOCAL;DISTRITAL;DISTRITAL;0
I-235299;140116;LAMBAYEQUE;CHICLAYO;CAYALTI;-6.8906777;-79.5590034;Calle San Judas Tadeo / Calle s / n;LOCAL;DISTRITAL;DISTRITAL;0
I-235300;140116;LAMBAYEQUE;CHICLAYO;CAYALTI;-6.8892006;-79.5573156;Calle San José / Calle San Judas Tadeo;LOCAL;DISTRITAL;DISTRITAL;0
I-235301;140116;LAMBAYEQUE;CHICLAYO;CAYALTI;-6.8894779;-79.5576722;Calle San Judas Tadeo / Calle s / n;LOCAL;DISTRITAL;DISTRITAL;0
I-330244;150113;LIMA;LIMA;JESUS MARIA;-12.0778854;-77.0366102;Avenida Álvarez de Arenales / Calle Teodoro Cárdenas;METROPOLITANA;PROVINCIAL;DISTRITAL;1
I-4232;150113;LIMA;LIMA;JESUS MARIA;-12.0727421;-77.0419317;Avenida General Santa Cruz / Jirón Mayta Cápac;LOCAL;DISTRITAL;DISTRITAL;0
I-4208;150113;LIMA;LIMA;JESUS MARIA;-12.0762458;-77.0450908;Jirón Coronel Cipriano Zegarra / Jirón Pachacútec;LOCAL;DISTRITAL;DISTRITAL;0
I-4209;150113;LIMA;LIMA;JESUS MARIA;-12.0789115;-77.0455788;Jirón Cahuide / Jirón Pachacútec;LOCAL;DISTRITAL;DISTRITAL;0
I-342107;150142;LIMA;LIMA;VILLA EL SALVADOR;-12.2241983;-76.919763;Avenida 200 Millas / Avenida Pachacútec;METROPOLITANA;PROVINCIAL;DISTRITAL;3
I-4211;150113;LIMA;LIMA;JESUS MARIA;-12.0783446;-77.0454654;Jirón Pachacútec / Calle s / n;LOCAL;DISTRITAL;DISTRITAL;0
I-343107;150142;LIMA;LIMA;VILLA EL SALVADOR;-12.2027603;-76.930746;Avenida Juan Velasco Alvarado / Calle s / n;METROPOLITANA;PROVINCIAL;DISTRITAL;1
I-343404;150133;LIMA;LIMA;SAN JUAN DE MIRAFLORES;-12.1507177;-76.9807222;Avenida Los Héroes / Calle s / n;METROPOLITANA;PROVINCIAL;DISTRITAL;1
I-3956;150120;LIMA;LIMA;MAGDALENA DEL MAR;-12.0977846;-77.0681615;Jirón Miraflores / Jirón Raymondi;LOCAL;DISTRITAL;DISTRITAL;0
I-347854;150130;LIMA;LIMA;SAN BORJA;-12.1117776;-77.0032764;Auxiliar Avenida Angamos Este / Calle s / n;METROPOLITANA;PROVINCIAL;DISTRITAL;1
I-3895;150120;LIMA;LIMA;MAGDALENA DEL MAR;-12.0964166;-77.0628057;Jirón Bolívar / Jirón Miguel Soto Valle / Jirón Trujillo;LOCAL;DISTRITAL;DISTRITAL;0
I-3898;150120;LIMA;LIMA;MAGDALENA DEL MAR;-12.0973398;-77.0609003;Calle Baca Flor / Jirón Miguel Soto Valle;LOCAL;DISTRITAL;DISTRITAL;0
I-3899;150120;LIMA;LIMA;MAGDALENA DEL MAR;-12.0965563;-77.0625086;Jirón Comandante Gustavo Jiménez / Jirón Miguel Soto Valle;LOCAL;DISTRITAL;DISTRITAL;0
I-3901;150120;LIMA;LIMA;MAGDALENA DEL MAR;-12.0957893;-77.0601287;Calle Baca Flor / Jirón Felix Dibos;LOCAL;DISTRITAL;DISTRITAL;0
I-574522;150126;LIMA;LIMA;PUNTA HERMOSA;-12.3046457;-76.8002594;Calle s / n / Calle s / n;LOCAL;DISTRITAL;DISTRITAL;0
I-411738;150126;LIMA;LIMA;PUNTA HERMOSA;-12.3156565;-76.8103976;Calle s / n / Calle s / n;LOCAL;DISTRITAL;DISTRITAL;0
I-411702;150126;LIMA;LIMA;PUNTA HERMOSA;-12.2998103;-76.8164611;Calle s / n / Calle s / n;LOCAL;DISTRITAL;DISTRITAL;0
I-411717;150126;LIMA;LIMA;PUNTA HERMOSA;-12.3075044;-76.8080007;Calle s / n / Calle s / n;LOCAL;DISTRITAL;DISTRITAL;0
I-351782;150101;LIMA;LIMA;LIMA;-12.0738003;-77.0361543;Avenida Arequipa / Calle s / n;METROPOLITANA;PROVINCIAL;PROVINCIAL;1
I-551317;150810;LIMA;HUAURA;SANTA MARIA;-11.1119636;-77.3997876;Calle s / n / Calle s / n;LOCAL;DISTRITAL;DISTRITAL;0
I-712518;150810;LIMA;HUAURA;SANTA MARIA;-11.081582;-77.5371051;Calle s / n / Calle s / n;LOCAL;DISTRITAL;DISTRITAL;0
I-712487;150810;LIMA;HUAURA;SANTA MARIA;-11.0877781;-77.5419331;Calle s / n / Calle s / n;LOCAL;DISTRITAL;DISTRITAL;0
I-712513;150810;LIMA;HUAURA;SANTA MARIA;-11.0823796;-77.5450793;Calle s / n / Calle s / n;LOCAL;DISTRITAL;DISTRITAL;0
I-712514;150810;LIMA;HUAURA;SANTA MARIA;-11.0817136;-77.5446126;Calle s / n / Calle s / n;LOCAL;DISTRITAL;DISTRITAL;0
I-642923;160601;LORETO;UCAYALI;CONTAMANA;-7.3420627;-75.0041669;Jirón Buenaventura Márquez / Calle s / n;LOCAL;DISTRITAL;PROVINCIAL;0
I-642922;160601;LORETO;UCAYALI;CONTAMANA;-7.3440722;-75.0051007;Jirón Buenaventura Márquez / Calle s / n;LOCAL;DISTRITAL;PROVINCIAL;0
I-267060;160601;LORETO;UCAYALI;CONTAMANA;-7.3422079;-75.0066829;Avenida Víctor Raúl Haya de la Torre / Calle Loreto;LOCAL;DISTRITAL;PROVINCIAL;0
I-352243;150121;LIMA;LIMA;PUEBLO LIBRE;-12.0780242;-77.0806041;Avenida de La Marina / Calle Ciclovía La Marina;METROPOLITANA;PROVINCIAL;DISTRITAL;1
I-267056;160601;LORETO;UCAYALI;CONTAMANA;-7.337437;-74.9964536;Calle s / n / Calle s / n;LOCAL;DISTRITAL;PROVINCIAL;0
I-633748;200208;PIURA;AYABACA;SAPILLICA;-4.7772384;-79.9822024;Calle Vía de Evitamiento / Calle s / n;LOCAL;DISTRITAL;DISTRITAL;0
I-352476;150141;LIMA;LIMA;SURQUILLO;-12.112248;-77.0071234;Avenida Angamos Este / Avenida Principal;METROPOLITANA;PROVINCIAL;DISTRITAL;1
I-352886;150113;LIMA;LIMA;JESUS MARIA;-12.080419;-77.0580871;Avenida Brasil / Calle s / n;METROPOLITANA;PROVINCIAL;DISTRITAL;3
I-370820;070102;CALLAO;CALLAO;BELLAVISTA;-12.0622287;-77.0946256;Avenida República de Venezuela / Calle Las Águilas;METROPOLITANA;PROVINCIAL;DISTRITAL;0
I-371541;150142;LIMA;LIMA;VILLA EL SALVADOR;-12.2323064;-76.9252791;Avenida Guardia Republicana / Avenida Revolución;METROPOLITANA;PROVINCIAL;DISTRITAL;1
I-374707;150137;LIMA;LIMA;SANTA ANITA;-12.0410787;-76.9632057;Avenida Huancaray / Avenida Los Rosales;METROPOLITANA;PROVINCIAL;DISTRITAL;1
I-262833;200208;PIURA;AYABACA;SAPILLICA;-4.7768441;-79.9822543;Calle Nuevo Progreso / Calle Vía de Evitamiento;LOCAL;DISTRITAL;DISTRITAL;0
I-262826;200208;PIURA;AYABACA;SAPILLICA;-4.7748522;-79.9822113;Calle José Carlos Mariátegui / Calle s / n;LOCAL;DISTRITAL;DISTRITAL;0
I-380500;070102;CALLAO;CALLAO;BELLAVISTA;-12.0625481;-77.0980604;Avenida República de Venezuela / Calle s / n;METROPOLITANA;PROVINCIAL;DISTRITAL;0
I-380701;070102;CALLAO;CALLAO;BELLAVISTA;-12.0622351;-77.0958228;Calle Las Águilas / Calle s / n;METROPOLITANA;PROVINCIAL;DISTRITAL;0
I-405151;200405;PIURA;MORROPON;MORROPON;-5.166778;-80.0393776;Calle s / n / Calle s / n;LOCAL;DISTRITAL;DISTRITAL;0
I-405066;200405;PIURA;MORROPON;MORROPON;-5.1845324;-79.9506648;Calle s / n / Calle s / n;LOCAL;DISTRITAL;DISTRITAL;0
I-405068;200405;PIURA;MORROPON;MORROPON;-5.1886145;-79.9565204;Calle s / n / Calle s / n;LOCAL;DISTRITAL;DISTRITAL;0
I-405069;200405;PIURA;MORROPON;MORROPON;-5.1865384;-79.9563645;Calle s / n / Calle s / n;LOCAL;DISTRITAL;DISTRITAL;0
I-405071;200405;PIURA;MORROPON;MORROPON;-5.1859788;-79.956111;Calle s / n / Calle s / n;LOCAL;DISTRITAL;DISTRITAL;0
I-380769;150142;LIMA;LIMA;VILLA EL SALVADOR;-12.193123;-76.9647976;Avenida Los Algarrobos / Avenida Mateo Pumacahua;METROPOLITANA;PROVINCIAL;DISTRITAL;1
I-578699;200705;PIURA;TALARA;LOS ORGANOS;-4.2162555;-81.1723165;Calle s / n / Calle s / n;LOCAL;DISTRITAL;DISTRITAL;0
I-199577;200705;PIURA;TALARA;LOS ORGANOS;-4.1771545;-81.1298382;Calle s / n / Calle s / n;LOCAL;DISTRITAL;DISTRITAL;0
I-382645;150140;LIMA;LIMA;SANTIAGO DE SURCO;-12.1133908;-76.9924513;Avenida Caminos del Inca / Calle s / n;METROPOLITANA;PROVINCIAL;DISTRITAL;1
I-230279;200705;PIURA;TALARA;LOS ORGANOS;-4.1788758;-81.1228474;Calle s / n / Calle s / n;LOCAL;DISTRITAL;DISTRITAL;0
I-230277;200705;PIURA;TALARA;LOS ORGANOS;-4.1742226;-81.1183879;Calle s / n / Calle s / n;LOCAL;DISTRITAL;DISTRITAL;0
I-230276;200705;PIURA;TALARA;LOS ORGANOS;-4.1711941;-81.1252138;Calle s / n / Calle s / n;LOCAL;DISTRITAL;DISTRITAL;0
I-538933;200805;PIURA;SECHURA;VICE;-5.4672664;-80.7895115;Calle s / n / Calle s / n;LOCAL;DISTRITAL;DISTRITAL;0
I-386460;150104;LIMA;LIMA;BARRANCO;-12.1400615;-77.0280909;Circuito de Playas / Calle s / n;METROPOLITANA;PROVINCIAL;DISTRITAL;0
I-386877;150101;LIMA;LIMA;LIMA;-12.0363273;-77.0595112;Avenida Morales Duarez / Los Libertadores;METROPOLITANA;PROVINCIAL;PROVINCIAL;2
I-395918;150121;LIMA;LIMA;PUEBLO LIBRE;-12.0843183;-77.0647771;Avenida de La Marina / Calle s / n;METROPOLITANA;PROVINCIAL;DISTRITAL;1
I-431746;150104;LIMA;LIMA;BARRANCO;-12.1521436;-77.0246022;Circuito de Playas / Calle s / n;METROPOLITANA;PROVINCIAL;DISTRITAL;1
I-436514;150107;LIMA;LIMA;CHACLACAYO;-11.9742495;-76.7689808;Avenida Malecón Manco Cápac / Calle s / n;METROPOLITANA;PROVINCIAL;DISTRITAL;0
I-442184;150143;LIMA;LIMA;VILLA MARIA DEL TRIUNFO;-12.2213482;-76.9202054;Avenida 6 / Avenida Pachacútec;METROPOLITANA;PROVINCIAL;DISTRITAL;2
I-387322;200805;PIURA;SECHURA;VICE;-5.4534302;-80.8086236;Calle s / n / Calle s / n;LOCAL;DISTRITAL;DISTRITAL;0
I-4477;150104;LIMA;LIMA;BARRANCO;-12.13407441;-77.02055953;Calle Metropolitano / Calle Vía Expresa Luis Fernán Bedoya Reyes;METROPOLITANA;PROVINCIAL;DISTRITAL;1
I-566585;210601;PUNO;HUANCANE;HUANCANE;-15.203483;-69.7625418;Jirón Arica / Jirón Puno;LOCAL;DISTRITAL;PROVINCIAL;0
I-4578;150141;LIMA;LIMA;SURQUILLO;-12.1156861;-77.0102719;Alejandro Deustua / Avenida de Tomás Marsano / República del Salvador;METROPOLITANA;PROVINCIAL;DISTRITAL;1
I-360451;210601;PUNO;HUANCANE;HUANCANE;-15.2046701;-69.7722139;Avenida Mariano Hilario Cornejo / Calle s / n;LOCAL;DISTRITAL;PROVINCIAL;0
I-360452;210601;PUNO;HUANCANE;HUANCANE;-15.203142;-69.7697602;Avenida Mariano Hilario Cornejo / Calle s / n;LOCAL;DISTRITAL;PROVINCIAL;0
I-360453;210601;PUNO;HUANCANE;HUANCANE;-15.2038459;-69.7708905;Avenida Mariano Hilario Cornejo / Calle s / n;LOCAL;DISTRITAL;PROVINCIAL;0
I-360454;210601;PUNO;HUANCANE;HUANCANE;-15.2033776;-69.7701385;Avenida Mariano Hilario Cornejo / Calle s / n;LOCAL;DISTRITAL;PROVINCIAL;0
I-360455;210601;PUNO;HUANCANE;HUANCANE;-15.203623;-69.7705326;Avenida Mariano Hilario Cornejo / Calle s / n;LOCAL;DISTRITAL;PROVINCIAL;0
I-464528;150140;LIMA;LIMA;SANTIAGO DE SURCO;-12.147544;-76.9869596;Avenida Santiago de Surco / Calle s / n;METROPOLITANA;PROVINCIAL;DISTRITAL;1
I-4986;150117;LIMA;LIMA;LOS OLIVOS;-11.9886777;-77.0808392;Avenida Los Olivos / Avenida Universitaria;METROPOLITANA;PROVINCIAL;DISTRITAL;1
I-5065;150110;LIMA;LIMA;COMAS;-11.9525292;-77.0514694;Avenida 22 de Agosto / Avenida Túpac Amaru;METROPOLITANA;PROVINCIAL;DISTRITAL;2
I-825155;211201;PUNO;SANDIA;SANDIA;-14.3196186;-69.4403958;Calle s / n / Calle s / n;LOCAL;DISTRITAL;PROVINCIAL;0
I-825154;211201;PUNO;SANDIA;SANDIA;-14.3142103;-69.4352487;Calle s / n / Calle s / n;LOCAL;DISTRITAL;PROVINCIAL;0
I-511125;150103;LIMA;LIMA;ATE;-12.0263356;-76.8923119;Calle Los Halcones / Avenida Alfonso Ugarte;METROPOLITANA;PROVINCIAL;DISTRITAL;1
I-5729;150140;LIMA;LIMA;SANTIAGO DE SURCO;-12.1311547;-76.9996785;Avenida Santiago de Surco / Calle s / n;METROPOLITANA;PROVINCIAL;DISTRITAL;1
I-825150;211201;PUNO;SANDIA;SANDIA;-14.2909615;-69.4175407;Calle s / n / Calle s / n;LOCAL;DISTRITAL;PROVINCIAL;0
I-570441;211301;PUNO;YUNGUYO;YUNGUYO;-16.2313438;-69.098605;Calle s / n / Calle s / n;LOCAL;DISTRITAL;PROVINCIAL;0
I-200496;211301;PUNO;YUNGUYO;YUNGUYO;-16.241634;-69.0847741;Calle s / n / Calle s / n;LOCAL;DISTRITAL;PROVINCIAL;0
I-200494;211301;PUNO;YUNGUYO;YUNGUYO;-16.2388015;-69.0812155;Calle s / n / Calle s / n;LOCAL;DISTRITAL;PROVINCIAL;0
I-200493;211301;PUNO;YUNGUYO;YUNGUYO;-16.2192534;-69.0779848;Calle s / n / Calle s / n;LOCAL;DISTRITAL;PROVINCIAL;0
I-200520;211301;PUNO;YUNGUYO;YUNGUYO;-16.2494629;-69.0899237;Jirón Atahualpa / Jirón Manuel Scorza;LOCAL;DISTRITAL;PROVINCIAL;0
I-571620;220910;SAN MARTIN;SAN MARTIN;MORALES;-6.4949124;-76.3911313;Calle s / n / Calle s / n;LOCAL;DISTRITAL;DISTRITAL;0
I-52940;220910;SAN MARTIN;SAN MARTIN;MORALES;-6.4905362;-76.3794395;Jirón Francisco Torres / Jirón Ramon Castilla;LOCAL;DISTRITAL;DISTRITAL;0
I-52991;220910;SAN MARTIN;SAN MARTIN;MORALES;-6.478815;-76.3774711;Jirón Comandante Chirinos / Jirón Francisco Izquierdo Ríos;LOCAL;DISTRITAL;DISTRITAL;0
I-52984;220910;SAN MARTIN;SAN MARTIN;MORALES;-6.4764666;-76.3884189;Avenida Perú / Jirón Arequipa / Jirón Cusco;LOCAL;DISTRITAL;DISTRITAL;0
I-52983;220910;SAN MARTIN;SAN MARTIN;MORALES;-6.475706;-76.3879889;Jirón Arequipa / Jirón Sargento Lores;LOCAL;DISTRITAL;DISTRITAL;0
I-598530;030601;APURIMAC;CHINCHEROS;CHINCHEROS;-13.5263523;-73.7904574;Calle s / n / Calle s / n;LOCAL;DISTRITAL;PROVINCIAL;0
I-598532;030601;APURIMAC;CHINCHEROS;CHINCHEROS;-13.5317277;-73.8022779;Calle s / n / Calle s / n;LOCAL;DISTRITAL;PROVINCIAL;0
I-588266;150123;LIMA;LIMA;PACHACAMAC;-12.1544387;-76.8692864;Avenida Víctor Malásquez / Calle Las Rosas;METROPOLITANA;PROVINCIAL;DISTRITAL;1
I-240951;030601;APURIMAC;CHINCHEROS;CHINCHEROS;-13.5419695;-73.7310657;Calle s / n / Calle s / n;LOCAL;DISTRITAL;PROVINCIAL;0
I-6253;150105;LIMA;LIMA;BREÑA;-12.0627362;-77.0437682;Avenida Brasil / Jirón Don Bosco;METROPOLITANA;PROVINCIAL;DISTRITAL;1
I-681300;150143;LIMA;LIMA;VILLA MARIA DEL TRIUNFO;-12.1819848;-76.9423705;Avenida Pachacútec / Calle Albino Torres;METROPOLITANA;PROVINCIAL;DISTRITAL;1
I-6823;150120;LIMA;LIMA;MAGDALENA DEL MAR;-12.1014778;-77.0667181;Circuito de Playas / Calle s / n;METROPOLITANA;PROVINCIAL;DISTRITAL;1
I-240947;030601;APURIMAC;CHINCHEROS;CHINCHEROS;-13.5178729;-73.7262741;Pasaje Atahualpa / Calle s / n;LOCAL;DISTRITAL;PROVINCIAL;0
I-240946;030601;APURIMAC;CHINCHEROS;CHINCHEROS;-13.5177426;-73.7259993;Pasaje Atahualpa / Calle s / n;LOCAL;DISTRITAL;PROVINCIAL;0
I-240943;030601;APURIMAC;CHINCHEROS;CHINCHEROS;-13.5178809;-73.7222133;Jirón Grau / Calle s / n;LOCAL;DISTRITAL;PROVINCIAL;0
I-240941;030601;APURIMAC;CHINCHEROS;CHINCHEROS;-13.5190374;-73.7236121;Jirón Cotabambas / Calle s / n;LOCAL;DISTRITAL;PROVINCIAL;0
I-6890;070104;CALLAO;CALLAO;LA PERLA;-12.0647427;-77.1044256;Avenida Pio XII / Avenida de los Insurgentes;METROPOLITANA;PROVINCIAL;DISTRITAL;0
I-483273;040126;AREQUIPA;AREQUIPA;YANAHUARA;-16.3975637;-71.5572754;Calle Miguel Angel Buonarotti / Frai Angelico;LOCAL;DISTRITAL;DISTRITAL;0
I-736851;150118;LIMA;LIMA;LURIGANCHO;-12.0056996;-76.8642115;Avenida Ramiro Prialé / Calle Los Sauces;METROPOLITANA;PROVINCIAL;DISTRITAL;1
I-415023;040126;AREQUIPA;AREQUIPA;YANAHUARA;-16.3971782;-71.5511788;Calle Chullo / Calle s / n;LOCAL;DISTRITAL;DISTRITAL;0
I-415024;040126;AREQUIPA;AREQUIPA;YANAHUARA;-16.3980865;-71.5515932;Calle Chullo / Pasaje Canoa;LOCAL;DISTRITAL;DISTRITAL;0
I-400784;040126;AREQUIPA;AREQUIPA;YANAHUARA;-16.3879869;-71.5409421;Calle Cuzco / Cuesta del Ángel;LOCAL;DISTRITAL;DISTRITAL;0
I-400785;040126;AREQUIPA;AREQUIPA;YANAHUARA;-16.3876891;-71.5417736;Cuesta del Ángel / Calle s / n;LOCAL;DISTRITAL;DISTRITAL;0
I-748018;150116;LIMA;LIMA;LINCE;-12.0861374;-77.0355273;Avenida Julio César Tello / Avenida Álvarez de Arenales;METROPOLITANA;PROVINCIAL;DISTRITAL;1
I-83933;040126;AREQUIPA;AREQUIPA;YANAHUARA;-16.3933633;-71.5526365;Calle s / n / Calle s / n;LOCAL;DISTRITAL;DISTRITAL;0
I-83934;040126;AREQUIPA;AREQUIPA;YANAHUARA;-16.3933736;-71.5515736;Calle s / n / Calle s / n;LOCAL;DISTRITAL;DISTRITAL;0
I-83935;040126;AREQUIPA;AREQUIPA;YANAHUARA;-16.3901439;-71.5422344;Calle Ampatacocha / Calle las Beatas;LOCAL;DISTRITAL;DISTRITAL;0
I-83936;040126;AREQUIPA;AREQUIPA;YANAHUARA;-16.3899759;-71.5417797;Calle Ampatacocha / Calle s / n;LOCAL;DISTRITAL;DISTRITAL;0
I-83937;040126;AREQUIPA;AREQUIPA;YANAHUARA;-16.3904642;-71.5425639;Calle Ampatacocha / Pasaje Lima;LOCAL;DISTRITAL;DISTRITAL;0
I-84020;040126;AREQUIPA;AREQUIPA;YANAHUARA;-16.3843998;-71.5395591;Avenida León Velarde / Calle Tacna;LOCAL;DISTRITAL;DISTRITAL;0
I-84021;040126;AREQUIPA;AREQUIPA;YANAHUARA;-16.3847353;-71.5381963;Avenida León Velarde / Calle s / n;LOCAL;DISTRITAL;DISTRITAL;0
I-567660;040128;AREQUIPA;AREQUIPA;YURA;-16.2005151;-71.6849535;Calle s / n / Calle s / n;LOCAL;DISTRITAL;DISTRITAL;0
I-798307;040128;AREQUIPA;AREQUIPA;YURA;-16.308503;-71.6207569;Calle s / n / Calle s / n;LOCAL;DISTRITAL;DISTRITAL;0
I-798045;040128;AREQUIPA;AREQUIPA;YURA;-16.3613189;-71.6646534;Calle s / n / Calle s / n;LOCAL;DISTRITAL;DISTRITAL;0
I-798143;040128;AREQUIPA;AREQUIPA;YURA;-16.3076879;-71.6113897;Calle s / n / Calle s / n;LOCAL;DISTRITAL;DISTRITAL;0
I-798301;040128;AREQUIPA;AREQUIPA;YURA;-16.3125445;-71.619839;Calle s / n / Calle s / n;LOCAL;DISTRITAL;DISTRITAL;0
I-798304;040128;AREQUIPA;AREQUIPA;YURA;-16.3079145;-71.6210827;Calle s / n / Calle s / n;LOCAL;DISTRITAL;DISTRITAL;0
I-798305;040128;AREQUIPA;AREQUIPA;YURA;-16.3083645;-71.6219277;Calle s / n / Calle s / n;LOCAL;DISTRITAL;DISTRITAL;0
I-798306;040128;AREQUIPA;AREQUIPA;YURA;-16.3054524;-71.6221808;Calle s / n / Calle s / n;LOCAL;DISTRITAL;DISTRITAL;0
I-568472;060108;CAJAMARCA;CAJAMARCA;LOS BAÑOS DEL INCA;-7.0998421;-78.3790117;Calle s / n / Calle s / n;LOCAL;DISTRITAL;DISTRITAL;0
I-324972;060108;CAJAMARCA;CAJAMARCA;LOS BAÑOS DEL INCA;-7.1352225;-78.5108476;Calle Los Claveles / Calle s / n;LOCAL;DISTRITAL;DISTRITAL;0
I-324965;060108;CAJAMARCA;CAJAMARCA;LOS BAÑOS DEL INCA;-7.1387865;-78.5096633;Jirón Juan Pablo II / Calle s / n;LOCAL;DISTRITAL;DISTRITAL;0
I-324966;060108;CAJAMARCA;CAJAMARCA;LOS BAÑOS DEL INCA;-7.1387959;-78.5085379;Jirón Juan Pablo II / Calle s / n;LOCAL;DISTRITAL;DISTRITAL;0
I-324968;060108;CAJAMARCA;CAJAMARCA;LOS BAÑOS DEL INCA;-7.1387844;-78.5090102;Jirón Juan Pablo II / Calle s / n;LOCAL;DISTRITAL;DISTRITAL;0
I-324969;060108;CAJAMARCA;CAJAMARCA;LOS BAÑOS DEL INCA;-7.1348715;-78.5112951;Calle s / n / Calle s / n;LOCAL;DISTRITAL;DISTRITAL;0
I-324970;060108;CAJAMARCA;CAJAMARCA;LOS BAÑOS DEL INCA;-7.1319393;-78.5074656;Calle s / n / Calle s / n;LOCAL;DISTRITAL;DISTRITAL;0
I-748465;150130;LIMA;LIMA;SAN BORJA;-12.091591;-77.008457;Avenida Guardia Civil / Calle 44;METROPOLITANA;PROVINCIAL;DISTRITAL;1
I-749340;150133;LIMA;LIMA;SAN JUAN DE MIRAFLORES;-12.1675915;-76.9784144;Avenida Alipio Ponce / Avenida Pedro Miotta;METROPOLITANA;PROVINCIAL;DISTRITAL;1
I-294530;060108;CAJAMARCA;CAJAMARCA;LOS BAÑOS DEL INCA;-7.1387888;-78.5122885;Calle s / n / Calle s / n;LOCAL;DISTRITAL;DISTRITAL;0
I-752750;070104;CALLAO;CALLAO;LA PERLA;-12.0733842;-77.1057914;Avenida Los Patriotas / Avenida de los Insurgentes;METROPOLITANA;PROVINCIAL;DISTRITAL;0
I-77065;150110;LIMA;LIMA;COMAS;-11.9162314;-77.0411424;Avenida Túpac Amaru / Calle San Juan Bautista;METROPOLITANA;PROVINCIAL;DISTRITAL;1
I-685296;060501;CAJAMARCA;CONTUMAZA;CONTUMAZA;-7.3263177;-78.6593478;Calle s / n / Calle s / n;LOCAL;DISTRITAL;PROVINCIAL;0
I-777501;150134;LIMA;LIMA;SAN LUIS;-12.0670326;-76.9969118;Jirón Hector Marisca / Auxiliar Avenida Circunvalación;METROPOLITANA;PROVINCIAL;DISTRITAL;1
I-783659;150134;LIMA;LIMA;SAN LUIS;-12.0702149;-76.9944527;Auxiliar Avenida Circunvalación / Calle s / n;METROPOLITANA;PROVINCIAL;DISTRITAL;1
I-685294;060501;CAJAMARCA;CONTUMAZA;CONTUMAZA;-7.2786633;-78.6526385;Calle s / n / Calle s / n;LOCAL;DISTRITAL;PROVINCIAL;0
I-699031;060501;CAJAMARCA;CONTUMAZA;CONTUMAZA;-7.2801692;-78.6148435;Calle s / n / Calle s / n;LOCAL;DISTRITAL;PROVINCIAL;0
I-685356;060501;CAJAMARCA;CONTUMAZA;CONTUMAZA;-7.382888;-78.7977264;Calle s / n / Calle s / n;LOCAL;DISTRITAL;PROVINCIAL;0
I-8773;150134;LIMA;LIMA;SAN LUIS;-12.0766035;-76.9961052;Avenida Del Aire / Jirón Rio Chira;METROPOLITANA;PROVINCIAL;DISTRITAL;1
I-88778;150110;LIMA;LIMA;COMAS;-11.927936;-77.0522899;Avenida Universitaria / Calle José Santos Atahuaipa;METROPOLITANA;PROVINCIAL;DISTRITAL;1
I-89306;150110;LIMA;LIMA;COMAS;-11.930191;-77.0534599;Avenida Micaela Bastidas / Avenida Universitaria;METROPOLITANA;PROVINCIAL;DISTRITAL;1
I-89490;150110;LIMA;LIMA;COMAS;-11.9372754;-77.0489711;Avenida Túpac Amaru / Los Cactus;METROPOLITANA;PROVINCIAL;DISTRITAL;2
I-92193;150119;LIMA;LIMA;LURIN;-12.2526713;-76.897967;Antigua Panamericana Sur / Jirón Los Olivos;METROPOLITANA;PROVINCIAL;DISTRITAL;1
I-685315;060501;CAJAMARCA;CONTUMAZA;CONTUMAZA;-7.3242852;-78.659549;Calle s / n / Calle s / n;LOCAL;DISTRITAL;PROVINCIAL;0
I-685307;060501;CAJAMARCA;CONTUMAZA;CONTUMAZA;-7.2784757;-78.6531595;Calle s / n / Calle s / n;LOCAL;DISTRITAL;PROVINCIAL;0
I-685295;060501;CAJAMARCA;CONTUMAZA;CONTUMAZA;-7.2793307;-78.6541807;Calle s / n / Calle s / n;LOCAL;DISTRITAL;PROVINCIAL;0
I-93330;150108;LIMA;LIMA;CHORRILLOS;-12.1950692;-77.0014774;Avenida Caminos del Inca / Jirón Leoncio Prado;METROPOLITANA;PROVINCIAL;DISTRITAL;1
I-236666;061001;CAJAMARCA;SAN MARCOS;PEDRO GALVEZ;-7.3338385;-78.173243;Carretera Longitudinal de la Sierra Norte / Jirón Inclan / Jirón Tupac Amaru;LOCAL;DISTRITAL;PROVINCIAL;0
I-236679;061001;CAJAMARCA;SAN MARCOS;PEDRO GALVEZ;-7.3314302;-78.1692185;Jirón Moore / Jirón Tupac Amaru;LOCAL;DISTRITAL;PROVINCIAL;0
I-236678;061001;CAJAMARCA;SAN MARCOS;PEDRO GALVEZ;-7.3355069;-78.16341;Avenida 28 de Julio / Jirón John Kennedy;LOCAL;DISTRITAL;PROVINCIAL;0
I-236675;061001;CAJAMARCA;SAN MARCOS;PEDRO GALVEZ;-7.3342687;-78.1654727;Avenida Ramon Castilla / Jirón John Kennedy;LOCAL;DISTRITAL;PROVINCIAL;0
I-236674;061001;CAJAMARCA;SAN MARCOS;PEDRO GALVEZ;-7.3350265;-78.1638344;Jirón John Kennedy / Jirón Jorge Chavez;LOCAL;DISTRITAL;PROVINCIAL;0
I-236671;061001;CAJAMARCA;SAN MARCOS;PEDRO GALVEZ;-7.3349016;-78.1722652;Carretera San Marcos / Jirón Inclan;LOCAL;DISTRITAL;PROVINCIAL;0
I-236669;061001;CAJAMARCA;SAN MARCOS;PEDRO GALVEZ;-7.3370869;-78.1719462;Avenida España / Carretera San Marcos;LOCAL;DISTRITAL;PROVINCIAL;0
I-236668;061001;CAJAMARCA;SAN MARCOS;PEDRO GALVEZ;-7.3364148;-78.1720538;Carretera San Marcos / Jirón Alfonso Ugarte;LOCAL;DISTRITAL;PROVINCIAL;0
I-236667;061001;CAJAMARCA;SAN MARCOS;PEDRO GALVEZ;-7.3357451;-78.1721643;Carretera San Marcos / Jirón José Galvez;LOCAL;DISTRITAL;PROVINCIAL;0
I-236686;061001;CAJAMARCA;SAN MARCOS;PEDRO GALVEZ;-7.3359377;-78.1758948;Jirón José Galvez / Calle s / n;LOCAL;DISTRITAL;PROVINCIAL;0
I-93465;150137;LIMA;LIMA;SANTA ANITA;-12.0419083;-76.9654322;Avenida Huancaray / Avenida Santa Rosa / Calle Chavín;METROPOLITANA;PROVINCIAL;DISTRITAL;1
I-238901;061101;CAJAMARCA;SAN MIGUEL;SAN MIGUEL;-7.00033;-78.8493801;Calle s / n / Calle s / n;LOCAL;DISTRITAL;PROVINCIAL;0
I-238870;061101;CAJAMARCA;SAN MIGUEL;SAN MIGUEL;-7.0068581;-78.8609335;Calle s / n / Calle s / n;LOCAL;DISTRITAL;PROVINCIAL;0
I-238825;061101;CAJAMARCA;SAN MIGUEL;SAN MIGUEL;-7.0022252;-78.8531707;Calle s / n / Calle s / n;LOCAL;DISTRITAL;PROVINCIAL;0
I-95315;150143;LIMA;LIMA;VILLA MARIA DEL TRIUNFO;-12.1670486;-76.949869;Avenida El Triunfo / Avenida Nicolás de Piérola;METROPOLITANA;PROVINCIAL;DISTRITAL;1
I-97671;150106;LIMA;LIMA;CARABAYLLO;-11.8972601;-77.030015;Avenida Túpac Amaru / Calle s / n;METROPOLITANA;PROVINCIAL;DISTRITAL;1
I-238835;061101;CAJAMARCA;SAN MIGUEL;SAN MIGUEL;-7.0013515;-78.8527919;Calle s / n / Calle s / n;LOCAL;DISTRITAL;PROVINCIAL;0
I-98356;150133;LIMA;LIMA;SAN JUAN DE MIRAFLORES;-12.1512504;-76.9792259;Avenida Los Héroes / Calle Las Fresas;METROPOLITANA;PROVINCIAL;DISTRITAL;1
I-113498;150117;LIMA;LIMA;LOS OLIVOS;-11.9630517;-77.0789858;Avenida A / Calle s / n;METROPOLITANA;PROVINCIAL;DISTRITAL;1
I-238831;061101;CAJAMARCA;SAN MIGUEL;SAN MIGUEL;-7.1769127;-79.0104933;Calle s / n / Calle s / n;LOCAL;DISTRITAL;PROVINCIAL;0
I-136729;150109;LIMA;LIMA;CIENEGUILLA;-12.1453892;-76.83216;Avenida Luis Felipe de las Casas Grieve / Calle s / n;METROPOLITANA;PROVINCIAL;DISTRITAL;0
I-238829;061101;CAJAMARCA;SAN MIGUEL;SAN MIGUEL;-7.0016067;-78.8542428;Calle s / n / Calle s / n;LOCAL;DISTRITAL;PROVINCIAL;0
I-238828;061101;CAJAMARCA;SAN MIGUEL;SAN MIGUEL;-7.0024545;-78.8526065;Jirón Pedro Novoa Rojas / Calle s / n;LOCAL;DISTRITAL;PROVINCIAL;0
I-238827;061101;CAJAMARCA;SAN MIGUEL;SAN MIGUEL;-7.0027926;-78.8519554;Calle s / n / Calle s / n;LOCAL;DISTRITAL;PROVINCIAL;0
I-238826;061101;CAJAMARCA;SAN MIGUEL;SAN MIGUEL;-7.0031774;-78.8508604;Calle s / n / Calle s / n;LOCAL;DISTRITAL;PROVINCIAL;0
I-570303;081101;CUSCO;PAUCARTAMBO;PAUCARTAMBO;-13.4286054;-71.3558492;Calle s / n / Calle s / n;LOCAL;DISTRITAL;PROVINCIAL;0
I-136879;150106;LIMA;LIMA;CARABAYLLO;-11.863619;-77.0081562;Avenida Túpac Amaru / Calle s / n;METROPOLITANA;PROVINCIAL;DISTRITAL;1
I-137628;150118;LIMA;LIMA;LURIGANCHO;-11.9987694;-76.9264525;Avenida Las Torres / Calle s / n;METROPOLITANA;PROVINCIAL;DISTRITAL;1
I-209800;081101;CUSCO;PAUCARTAMBO;PAUCARTAMBO;-13.3126824;-71.5993752;Calle s / n / Calle s / n;LOCAL;DISTRITAL;PROVINCIAL;0
I-137716;150119;LIMA;LIMA;LURIN;-12.252992;-76.8937177;Antigua Panamericana Sur / Calle s / n;METROPOLITANA;PROVINCIAL;DISTRITAL;1
I-138392;150103;LIMA;LIMA;ATE;-12.0347723;-76.9314249;Avenida Los Ángeles / Calle s / n;METROPOLITANA;PROVINCIAL;DISTRITAL;1
I-145829;150140;LIMA;LIMA;SANTIAGO DE SURCO;-12.0761649;-76.9620966;Avenida Circunvalación del Golf de los Incas / Calle s / n;METROPOLITANA;PROVINCIAL;DISTRITAL;1
I-209796;081101;CUSCO;PAUCARTAMBO;PAUCARTAMBO;-13.3123054;-71.5993378;Calle s / n / Calle s / n;LOCAL;DISTRITAL;PROVINCIAL;0
I-156461;150125;LIMA;LIMA;PUENTE PIEDRA;-11.8739956;-77.0603979;Avenida San Juan de Villa / Calle s / n;METROPOLITANA;PROVINCIAL;DISTRITAL;1
I-209793;081101;CUSCO;PAUCARTAMBO;PAUCARTAMBO;-13.3415359;-71.5350832;Calle s / n / Calle s / n;LOCAL;DISTRITAL;PROVINCIAL;0
I-209574;081101;CUSCO;PAUCARTAMBO;PAUCARTAMBO;-13.2987388;-71.5873608;Calle s / n / Calle s / n;LOCAL;DISTRITAL;PROVINCIAL;0
I-209791;081101;CUSCO;PAUCARTAMBO;PAUCARTAMBO;-13.2704538;-71.4776612;Calle s / n / Calle s / n;LOCAL;DISTRITAL;PROVINCIAL;0
I-209584;081101;CUSCO;PAUCARTAMBO;PAUCARTAMBO;-13.2921651;-71.5868832;Calle s / n / Calle s / n;LOCAL;DISTRITAL;PROVINCIAL;0
I-398245;150103;LIMA;LIMA;ATE;-12.0631026;-76.9831925;Calle s / n / Calle s / n;METROPOLITANA;PROVINCIAL;DISTRITAL;0
I-251203;150108;LIMA;LIMA;CHORRILLOS;-12.1837938;-77.007998;Avenida Prolongación Paseo de la República / Calle s / n;METROPOLITANA;PROVINCIAL;DISTRITAL;1
I-621608;090118;HUANCAVELICA;HUANCAVELICA;ASCENSION;-12.7724526;-75.0061735;Calle s / n / Calle s / n;LOCAL;DISTRITAL;DISTRITAL;0
I-181731;090118;HUANCAVELICA;HUANCAVELICA;ASCENSION;-12.7841927;-74.9836908;Calle s / n / Calle s / n;LOCAL;DISTRITAL;DISTRITAL;0
I-181456;090118;HUANCAVELICA;HUANCAVELICA;ASCENSION;-12.7848991;-74.9760823;Jirón Hipólito Unanue / Malecón Santa Rosa;LOCAL;DISTRITAL;DISTRITAL;0
I-181452;090118;HUANCAVELICA;HUANCAVELICA;ASCENSION;-12.7845876;-74.9757591;Jirón Nicolás de Piérola / Malecón Santa Rosa;LOCAL;DISTRITAL;DISTRITAL;0
I-181481;090118;HUANCAVELICA;HUANCAVELICA;ASCENSION;-12.7843409;-74.9778903;Avenida San Juan Evangelista / Jirón 8 de Junio;LOCAL;DISTRITAL;DISTRITAL;0
I-181482;090118;HUANCAVELICA;HUANCAVELICA;ASCENSION;-12.7842339;-74.9769089;Avenida San Juan Evangelista / Jirón Santos Villa;LOCAL;DISTRITAL;DISTRITAL;0
I-181720;090118;HUANCAVELICA;HUANCAVELICA;ASCENSION;-12.7847368;-74.983337;Jirón Córdova / Calle s / n;LOCAL;DISTRITAL;DISTRITAL;0
I-181739;090118;HUANCAVELICA;HUANCAVELICA;ASCENSION;-12.7818999;-74.981027;Jirón Amazonas / Calle s / n;LOCAL;DISTRITAL;DISTRITAL;0
I-181736;090118;HUANCAVELICA;HUANCAVELICA;ASCENSION;-12.783364;-74.9817149;Jirón Colmenares / Pasaje 7 de Junio;LOCAL;DISTRITAL;DISTRITAL;0
I-181735;090118;HUANCAVELICA;HUANCAVELICA;ASCENSION;-12.7848795;-74.982489;Jirón Colmenares / Puente Cusco;LOCAL;DISTRITAL;DISTRITAL;0
I-181723;090118;HUANCAVELICA;HUANCAVELICA;ASCENSION;-12.7833057;-74.9755157;Avenida Mariano Melgar / Jirón Juan Díaz;LOCAL;DISTRITAL;DISTRITAL;0
I-181479;090118;HUANCAVELICA;HUANCAVELICA;ASCENSION;-12.7841195;-74.9810647;Avenida San Juan Evangelista / Calle s / n;LOCAL;DISTRITAL;DISTRITAL;0
I-181722;090118;HUANCAVELICA;HUANCAVELICA;ASCENSION;-12.783288;-74.9770351;Avenida Ernesto Morales / Avenida Mariano Melgar;LOCAL;DISTRITAL;DISTRITAL;0
I-181622;090118;HUANCAVELICA;HUANCAVELICA;ASCENSION;-12.7846245;-74.9744231;Calle s / n / Calle s / n;LOCAL;DISTRITAL;DISTRITAL;0
I-181621;090118;HUANCAVELICA;HUANCAVELICA;ASCENSION;-12.783944;-74.9744372;Calle s / n / Calle s / n;LOCAL;DISTRITAL;DISTRITAL;0
I-181611;090118;HUANCAVELICA;HUANCAVELICA;ASCENSION;-12.7836244;-74.9755722;Jirón Juan Díaz / Calle s / n;LOCAL;DISTRITAL;DISTRITAL;0
I-181610;090118;HUANCAVELICA;HUANCAVELICA;ASCENSION;-12.7835684;-74.9767187;Calle s / n / Calle s / n;LOCAL;DISTRITAL;DISTRITAL;0
I-608425;120801;JUNIN;YAULI;LA OROYA;-11.5225579;-75.8984336;Calle s / n / Calle s / n;LOCAL;DISTRITAL;PROVINCIAL;0
I-185061;120801;JUNIN;YAULI;LA OROYA;-11.5359407;-75.9212285;Calle s / n / Calle s / n;LOCAL;DISTRITAL;PROVINCIAL;0
I-185021;120801;JUNIN;YAULI;LA OROYA;-11.506866;-75.9284431;Calle s / n / Calle s / n;LOCAL;DISTRITAL;PROVINCIAL;0
I-185017;120801;JUNIN;YAULI;LA OROYA;-11.515937;-75.9231191;Calle s / n / Calle s / n;LOCAL;DISTRITAL;PROVINCIAL;0
I-185009;120801;JUNIN;YAULI;LA OROYA;-11.5153322;-75.9192056;Avenida Los Olivos / Calle s / n;LOCAL;DISTRITAL;PROVINCIAL;0
I-185008;120801;JUNIN;YAULI;LA OROYA;-11.5152886;-75.9198164;Avenida Los Olivos / Calle s / n;LOCAL;DISTRITAL;PROVINCIAL;0
I-185007;120801;JUNIN;YAULI;LA OROYA;-11.5139863;-75.9282277;Calle s / n / Calle s / n;LOCAL;DISTRITAL;PROVINCIAL;0
I-185006;120801;JUNIN;YAULI;LA OROYA;-11.5154046;-75.9272316;Calle s / n / Calle s / n;LOCAL;DISTRITAL;PROVINCIAL;0
I-185005;120801;JUNIN;YAULI;LA OROYA;-11.5185361;-75.900623;Avenida José Carlos Mariátegui / Calle Cusco;LOCAL;DISTRITAL;PROVINCIAL;0
I-185004;120801;JUNIN;YAULI;LA OROYA;-11.5167207;-75.9000169;Avenida José Carlos Mariátegui / Calle San Juan / Pasaje Los Libertadores;LOCAL;DISTRITAL;PROVINCIAL;0
I-185002;120801;JUNIN;YAULI;LA OROYA;-11.5201301;-75.901855;Calle Huancavelica / Jirón Junín;LOCAL;DISTRITAL;PROVINCIAL;0
I-185000;120801;JUNIN;YAULI;LA OROYA;-11.5194475;-75.9005728;Calle San Martín / Jirón Progreso;LOCAL;DISTRITAL;PROVINCIAL;0
I-184999;120801;JUNIN;YAULI;LA OROYA;-11.5198126;-75.899212;Calle Chanchamayo / Jirón Progreso / Pasaje Víctor Belaúnde;LOCAL;DISTRITAL;PROVINCIAL;0
I-184998;120801;JUNIN;YAULI;LA OROYA;-11.5180329;-75.9000948;Calle Chanchamayo / Calle s / n;LOCAL;DISTRITAL;PROVINCIAL;0
I-184997;120801;JUNIN;YAULI;LA OROYA;-11.5192746;-75.900147;Calle Chanchamayo / Calle s / n;LOCAL;DISTRITAL;PROVINCIAL;0
I-184996;120801;JUNIN;YAULI;LA OROYA;-11.5177931;-75.9003736;Avenida José Carlos Mariátegui / Calle Chanchamayo;LOCAL;DISTRITAL;PROVINCIAL;0
I-184994;120801;JUNIN;YAULI;LA OROYA;-11.5199461;-75.9008086;Calle San Martín / Jirón 2 de Mayo;LOCAL;DISTRITAL;PROVINCIAL;0
I-27824;070101;CALLAO;CALLAO;CALLAO;-12.0013423;-77.1015736;Avenida Los Dominicos / Calle s / n;METROPOLITANA;PROVINCIAL;PROVINCIAL;1
I-311293;150137;LIMA;LIMA;SANTA ANITA;-12.0462004;-76.9440121;Avenida Nicolás de Ayllón / Calle s / n;METROPOLITANA;PROVINCIAL;DISTRITAL;1
I-706465;130601;LA LIBERTAD;OTUZCO;OTUZCO;-7.8368428;-78.5092878;Calle s / n / Calle s / n;LOCAL;DISTRITAL;PROVINCIAL;0
I-706466;130601;LA LIBERTAD;OTUZCO;OTUZCO;-7.8461211;-78.4863281;Calle s / n / Calle s / n;LOCAL;DISTRITAL;PROVINCIAL;0
I-706579;130601;LA LIBERTAD;OTUZCO;OTUZCO;-7.9168152;-78.6354965;Calle s / n / Calle s / n;LOCAL;DISTRITAL;PROVINCIAL;0
I-706580;130601;LA LIBERTAD;OTUZCO;OTUZCO;-7.9107048;-78.61951;Calle s / n / Calle s / n;LOCAL;DISTRITAL;PROVINCIAL;0
I-92028;150107;LIMA;LIMA;CHACLACAYO;-11.9734721;-76.7649977;Calle s / n / Calle s / n;METROPOLITANA;PROVINCIAL;DISTRITAL;0
I-317648;150140;LIMA;LIMA;SANTIAGO DE SURCO;-12.1283559;-76.9950493;Avenida Alfredo Benavides / Calle s / n;METROPOLITANA;PROVINCIAL;DISTRITAL;1
I-706583;130601;LA LIBERTAD;OTUZCO;OTUZCO;-7.8918153;-78.5943835;Calle s / n / Calle s / n;LOCAL;DISTRITAL;PROVINCIAL;0
I-706584;130601;LA LIBERTAD;OTUZCO;OTUZCO;-7.8850328;-78.5910606;Calle s / n / Calle s / n;LOCAL;DISTRITAL;PROVINCIAL;0
I-706585;130601;LA LIBERTAD;OTUZCO;OTUZCO;-7.8852208;-78.5903286;Calle s / n / Calle s / n;LOCAL;DISTRITAL;PROVINCIAL;0
I-325038;150119;LIMA;LIMA;LURIN;-12.2640337;-76.8811439;Antigua Panamericana Sur / Calle s / n;METROPOLITANA;PROVINCIAL;DISTRITAL;1
I-539033;130809;LA LIBERTAD;PATAZ;PATAZ;-7.741557;-77.6168096;Calle s / n / Calle s / n;LOCAL;DISTRITAL;DISTRITAL;1
I-313519;130809;LA LIBERTAD;PATAZ;PATAZ;-7.7851971;-77.5935082;Calle s / n / Calle s / n;LOCAL;DISTRITAL;DISTRITAL;0
I-313518;130809;LA LIBERTAD;PATAZ;PATAZ;-7.7849689;-77.5944839;Calle s / n / Calle s / n;LOCAL;DISTRITAL;DISTRITAL;0
I-399360;130809;LA LIBERTAD;PATAZ;PATAZ;-7.8012422;-77.6468957;Calle s / n / Calle s / n;LOCAL;DISTRITAL;DISTRITAL;0
I-700905;130809;LA LIBERTAD;PATAZ;PATAZ;-7.6772861;-77.6750042;Calle s / n / Calle s / n;LOCAL;DISTRITAL;DISTRITAL;0
I-723244;130809;LA LIBERTAD;PATAZ;PATAZ;-7.771509;-77.5685446;Calle s / n / Calle s / n;LOCAL;DISTRITAL;DISTRITAL;0
I-723245;130809;LA LIBERTAD;PATAZ;PATAZ;-7.7760614;-77.5778103;Calle s / n / Calle s / n;LOCAL;DISTRITAL;DISTRITAL;0
I-351704;070106;CALLAO;CALLAO;VENTANILLA;-11.8274383;-77.1671022;Avenida Santa Rosa / Calle s / n;METROPOLITANA;PROVINCIAL;DISTRITAL;0
I-723287;130809;LA LIBERTAD;PATAZ;PATAZ;-7.7146556;-77.6399705;Calle s / n / Calle s / n;LOCAL;DISTRITAL;DISTRITAL;0
I-723288;130809;LA LIBERTAD;PATAZ;PATAZ;-7.7046032;-77.6415879;Calle s / n / Calle s / n;LOCAL;DISTRITAL;DISTRITAL;0
I-723289;130809;LA LIBERTAD;PATAZ;PATAZ;-7.7067615;-77.6427399;Calle s / n / Calle s / n;LOCAL;DISTRITAL;DISTRITAL;0
I-723290;130809;LA LIBERTAD;PATAZ;PATAZ;-7.714552;-77.6587942;Calle s / n / Calle s / n;LOCAL;DISTRITAL;DISTRITAL;0
I-723291;130809;LA LIBERTAD;PATAZ;PATAZ;-7.7117385;-77.6543619;Calle s / n / Calle s / n;LOCAL;DISTRITAL;DISTRITAL;0
I-723293;130809;LA LIBERTAD;PATAZ;PATAZ;-7.7129245;-77.6578412;Calle s / n / Calle s / n;LOCAL;DISTRITAL;DISTRITAL;0
I-355004;150130;LIMA;LIMA;SAN BORJA;-12.0883472;-77.004936;Avenida Javier Prado Este / Calle s / n;METROPOLITANA;PROVINCIAL;DISTRITAL;1
I-176655;150509;LIMA;CAÑETE;MALA;-12.6659817;-76.6224088;Calle s / n / Calle s / n;LOCAL;DISTRITAL;DISTRITAL;0
I-176646;150509;LIMA;CAÑETE;MALA;-12.6684609;-76.6199902;Calle 2 de Setiembre / Calle s / n;LOCAL;DISTRITAL;DISTRITAL;0
I-176647;150509;LIMA;CAÑETE;MALA;-12.6675046;-76.6189881;Calle 2 de Setiembre / Calle 28 de Julio;LOCAL;DISTRITAL;DISTRITAL;0
I-176649;150509;LIMA;CAÑETE;MALA;-12.6754849;-76.6427064;Calle s / n / Calle s / n;LOCAL;DISTRITAL;DISTRITAL;0
I-176638;150509;LIMA;CAÑETE;MALA;-12.6691173;-76.6193636;Calle s / n / Calle s / n;LOCAL;DISTRITAL;DISTRITAL;0
I-176652;150509;LIMA;CAÑETE;MALA;-12.6655631;-76.6221302;Calle Unión Sur / Calle s / n;LOCAL;DISTRITAL;DISTRITAL;0
I-631225;150805;LIMA;HUAURA;HUALMAY;-11.0866042;-77.6020769;Calle s / n / Calle s / n;LOCAL;DISTRITAL;DISTRITAL;0
I-382031;150109;LIMA;LIMA;CIENEGUILLA;-12.0706926;-76.7563443;Calle s / n / Calle s / n;METROPOLITANA;PROVINCIAL;DISTRITAL;0
I-687369;150109;LIMA;LIMA;CIENEGUILLA;-12.0778822;-76.8566454;Calle s / n / Calle s / n;METROPOLITANA;PROVINCIAL;DISTRITAL;0
I-430050;150109;LIMA;LIMA;CIENEGUILLA;-12.0903621;-76.8560453;Calle s / n / Calle s / n;METROPOLITANA;PROVINCIAL;DISTRITAL;0
I-57825;150805;LIMA;HUAURA;HUALMAY;-11.0995039;-77.5976043;Calle Alpamayo / Calle Juan Velasco Alvarado;LOCAL;DISTRITAL;DISTRITAL;0
I-57826;150805;LIMA;HUAURA;HUALMAY;-11.101817;-77.5984397;Avenida Cruz de Cano / Avenida Puquio Cano / Calle Juan Velasco Alvarado;LOCAL;DISTRITAL;DISTRITAL;0
I-57827;150805;LIMA;HUAURA;HUALMAY;-11.0985724;-77.5973218;Calle Independencia / Calle Juan Velasco Alvarado;LOCAL;DISTRITAL;DISTRITAL;0
I-57828;150805;LIMA;HUAURA;HUALMAY;-11.0990172;-77.5974569;Calle Amazonas / Calle Juan Velasco Alvarado;LOCAL;DISTRITAL;DISTRITAL;0
I-57829;150805;LIMA;HUAURA;HUALMAY;-11.0999793;-77.5977635;Calle Ciro Alegría / Calle Juan Velasco Alvarado;LOCAL;DISTRITAL;DISTRITAL;0
I-57830;150805;LIMA;HUAURA;HUALMAY;-11.0979505;-77.5971515;Calle Juan Velasco Alvarado / Pasaje Vencedores del Cenepa;LOCAL;DISTRITAL;DISTRITAL;0
I-57831;150805;LIMA;HUAURA;HUALMAY;-11.1002694;-77.5978962;Calle Andrés Avelino Cáceres / Calle Juan Velasco Alvarado;LOCAL;DISTRITAL;DISTRITAL;0
I-57832;150805;LIMA;HUAURA;HUALMAY;-11.1005425;-77.5980057;Calle José María Arguedas / Calle Juan Velasco Alvarado;LOCAL;DISTRITAL;DISTRITAL;0
I-57833;150805;LIMA;HUAURA;HUALMAY;-11.0966091;-77.5968545;Avenida Domingo Mandamiento / Calle Juan Velasco Alvarado;LOCAL;DISTRITAL;DISTRITAL;0
I-370834;070102;CALLAO;CALLAO;BELLAVISTA;-12.0615193;-77.0871914;Avenida República de Venezuela / Calle s / n;METROPOLITANA;PROVINCIAL;DISTRITAL;1
I-377326;150123;LIMA;LIMA;PACHACAMAC;-12.2362532;-76.8625071;Calle Los Tulipanes / Calle s / n;METROPOLITANA;PROVINCIAL;DISTRITAL;0
I-459351;200605;PIURA;SULLANA;MARCAVELICA;-4.8497077;-80.7228391;Calle s / n / Calle s / n;LOCAL;DISTRITAL;DISTRITAL;0
I-459353;200605;PIURA;SULLANA;MARCAVELICA;-4.8507393;-80.724425;Calle s / n / Calle s / n;LOCAL;DISTRITAL;DISTRITAL;0
I-459368;200605;PIURA;SULLANA;MARCAVELICA;-4.8749848;-80.7903229;Calle s / n / Calle s / n;LOCAL;DISTRITAL;DISTRITAL;0
I-459374;200605;PIURA;SULLANA;MARCAVELICA;-4.8791256;-80.7924893;Calle s / n / Calle s / n;LOCAL;DISTRITAL;DISTRITAL;0
I-459373;200605;PIURA;SULLANA;MARCAVELICA;-4.8808215;-80.7937092;Calle s / n / Calle s / n;LOCAL;DISTRITAL;DISTRITAL;0
I-459372;200605;PIURA;SULLANA;MARCAVELICA;-4.8775237;-80.779894;Calle s / n / Calle s / n;LOCAL;DISTRITAL;DISTRITAL;0
I-459367;200605;PIURA;SULLANA;MARCAVELICA;-4.8819613;-80.7943784;Calle s / n / Calle s / n;LOCAL;DISTRITAL;DISTRITAL;0
I-459354;200605;PIURA;SULLANA;MARCAVELICA;-4.8531744;-80.7245225;Calle s / n / Calle s / n;LOCAL;DISTRITAL;DISTRITAL;0
I-459366;200605;PIURA;SULLANA;MARCAVELICA;-4.8815832;-80.7932398;Calle s / n / Calle s / n;LOCAL;DISTRITAL;DISTRITAL;0
I-459365;200605;PIURA;SULLANA;MARCAVELICA;-4.8775276;-80.789773;Calle s / n / Calle s / n;LOCAL;DISTRITAL;DISTRITAL;0
I-459364;200605;PIURA;SULLANA;MARCAVELICA;-4.8804206;-80.7862929;Calle s / n / Calle s / n;LOCAL;DISTRITAL;DISTRITAL;0
I-381730;150113;LIMA;LIMA;JESUS MARIA;-12.0793029;-77.0482102;Avenida Húsares de Junín / Calle s / n;METROPOLITANA;PROVINCIAL;DISTRITAL;1
I-198090;211001;PUNO;SAN ANTONIO DE PUTINA;PUTINA;-14.8998936;-69.8619564;Calle s / n / Calle s / n;LOCAL;DISTRITAL;PROVINCIAL;0
I-198079;211001;PUNO;SAN ANTONIO DE PUTINA;PUTINA;-14.8977192;-69.8650568;Calle s / n / Calle s / n;LOCAL;DISTRITAL;PROVINCIAL;0
I-198080;211001;PUNO;SAN ANTONIO DE PUTINA;PUTINA;-14.9003754;-69.862397;Calle s / n / Calle s / n;LOCAL;DISTRITAL;PROVINCIAL;0
I-198082;211001;PUNO;SAN ANTONIO DE PUTINA;PUTINA;-14.9015577;-69.8625076;Calle s / n / Calle s / n;LOCAL;DISTRITAL;PROVINCIAL;0
I-198083;211001;PUNO;SAN ANTONIO DE PUTINA;PUTINA;-14.8957062;-69.8649176;Calle s / n / Calle s / n;LOCAL;DISTRITAL;PROVINCIAL;0
I-198084;211001;PUNO;SAN ANTONIO DE PUTINA;PUTINA;-14.8959991;-69.8630361;Calle s / n / Calle s / n;LOCAL;DISTRITAL;PROVINCIAL;0
I-382247;070106;CALLAO;CALLAO;VENTANILLA;-11.8182857;-77.1382738;Avenida Los Arquitectos / Calle s / n;METROPOLITANA;PROVINCIAL;DISTRITAL;0
I-382365;070106;CALLAO;CALLAO;VENTANILLA;-11.8337806;-77.116359;Avenida Playa Hermosa / Calle s / n;METROPOLITANA;PROVINCIAL;DISTRITAL;0
I-408214;150126;LIMA;LIMA;PUNTA HERMOSA;-12.2971048;-76.7777361;Avenida Pampa Pacta / Calle s / n;METROPOLITANA;PROVINCIAL;DISTRITAL;0
I-412221;150107;LIMA;LIMA;CHACLACAYO;-11.9831509;-76.7808835;Avenida Las Cumbres / Calle s / n;METROPOLITANA;PROVINCIAL;DISTRITAL;0
I-198065;211001;PUNO;SAN ANTONIO DE PUTINA;PUTINA;-14.8997784;-69.8641498;Calle s / n / Calle s / n;LOCAL;DISTRITAL;PROVINCIAL;0
I-198077;211001;PUNO;SAN ANTONIO DE PUTINA;PUTINA;-14.9014823;-69.8630886;Calle s / n / Calle s / n;LOCAL;DISTRITAL;PROVINCIAL;0
I-553796;211002;PUNO;SAN ANTONIO DE PUTINA;ANANEA;-14.6331945;-69.4486394;Calle s / n / Calle s / n;LOCAL;DISTRITAL;DISTRITAL;0
I-421732;150123;LIMA;LIMA;PACHACAMAC;-12.2382054;-76.8606208;Avenida Camino Real / Calle s / n;METROPOLITANA;PROVINCIAL;DISTRITAL;0
I-286740;211002;PUNO;SAN ANTONIO DE PUTINA;ANANEA;-14.6403799;-69.4479779;Calle s / n / Calle s / n;LOCAL;DISTRITAL;DISTRITAL;0
I-286741;211002;PUNO;SAN ANTONIO DE PUTINA;ANANEA;-14.6394748;-69.447542;Calle s / n / Calle s / n;LOCAL;DISTRITAL;DISTRITAL;0
I-286742;211002;PUNO;SAN ANTONIO DE PUTINA;ANANEA;-14.6356665;-69.446201;Calle s / n / Calle s / n;LOCAL;DISTRITAL;DISTRITAL;0
I-286743;211002;PUNO;SAN ANTONIO DE PUTINA;ANANEA;-14.6384396;-69.4452202;Calle s / n / Calle s / n;LOCAL;DISTRITAL;DISTRITAL;0
I-286745;211002;PUNO;SAN ANTONIO DE PUTINA;ANANEA;-14.6363274;-69.4447239;Calle s / n / Calle s / n;LOCAL;DISTRITAL;DISTRITAL;0
I-286746;211002;PUNO;SAN ANTONIO DE PUTINA;ANANEA;-14.6403016;-69.4455824;Calle s / n / Calle s / n;LOCAL;DISTRITAL;DISTRITAL;0
I-286747;211002;PUNO;SAN ANTONIO DE PUTINA;ANANEA;-14.6408442;-69.4455996;Calle s / n / Calle s / n;LOCAL;DISTRITAL;DISTRITAL;0
I-286735;211002;PUNO;SAN ANTONIO DE PUTINA;ANANEA;-14.6313435;-69.4478477;Calle s / n / Calle s / n;LOCAL;DISTRITAL;DISTRITAL;0
I-431785;150103;LIMA;LIMA;ATE;-12.0063421;-76.8302505;Avenida Los Incas / Calle s / n;METROPOLITANA;PROVINCIAL;DISTRITAL;1
I-792383;150114;LIMA;LIMA;LA MOLINA;-12.0853501;-76.8889466;Calle s / n / Calle s / n;METROPOLITANA;PROVINCIAL;DISTRITAL;0
I-271516;070104;CALLAO;CALLAO;LA PERLA;-12.0701133;-77.1046937;Calle s / n / Calle s / n;METROPOLITANA;PROVINCIAL;DISTRITAL;0
I-6117;150108;LIMA;LIMA;CHORRILLOS;-12.162338;-77.0259681;Circuito de Playas / Calle s / n;METROPOLITANA;PROVINCIAL;DISTRITAL;1
I-286813;211002;PUNO;SAN ANTONIO DE PUTINA;ANANEA;-14.6242291;-69.4485965;Calle s / n / Calle s / n;LOCAL;DISTRITAL;DISTRITAL;0
I-408166;150126;LIMA;LIMA;PUNTA HERMOSA;-12.2950109;-76.7749667;Calle s / n / Calle s / n;METROPOLITANA;PROVINCIAL;DISTRITAL;0
I-1478;070101;CALLAO;CALLAO;CALLAO;-12.0071848;-77.0985246;Avenida Los Dominicos / Calle s / n;LOCAL;DISTRITAL;PROVINCIAL;0
I-352065;070101;CALLAO;CALLAO;CALLAO;-12.0232832;-77.106778;Calle s / n / Calle s / n;LOCAL;DISTRITAL;PROVINCIAL;0
I-1484;070102;CALLAO;CALLAO;BELLAVISTA;-12.0594973;-77.1319775;Avenida Sáenz Peña / Calle Jorge Chavez;LOCAL;DISTRITAL;DISTRITAL;0
I-299905;070102;CALLAO;CALLAO;BELLAVISTA;-12.0630391;-77.1283303;Jirón Almirante Miguel Grau / Jirón Colina;LOCAL;DISTRITAL;DISTRITAL;0
I-311265;070102;CALLAO;CALLAO;BELLAVISTA;-12.0604657;-77.1321723;Avenida República de Panamá / Calle s / n;LOCAL;DISTRITAL;DISTRITAL;0
I-18514;070103;CALLAO;CALLAO;CARMEN DE LA LEGUA REYNOSO;-12.0396493;-77.08784;Avenida Manco Capac / Jirón Daniel Alcides Carrión;LOCAL;DISTRITAL;DISTRITAL;0
I-5749;070104;CALLAO;CALLAO;LA PERLA;-12.0645785;-77.114551;Avenida República de Venezuela / Calle s / n;LOCAL;DISTRITAL;DISTRITAL;0
I-251412;070104;CALLAO;CALLAO;LA PERLA;-12.0709222;-77.1302258;Avenida Costanera / Jirón Alfonso Ugarte;LOCAL;DISTRITAL;DISTRITAL;0
I-251414;070104;CALLAO;CALLAO;LA PERLA;-12.0688429;-77.1294558;Jirón Alfonso Ugarte / Calle s / n;LOCAL;DISTRITAL;DISTRITAL;0
I-251416;070104;CALLAO;CALLAO;LA PERLA;-12.0671738;-77.128827;Jirón Alfonso Ugarte / Calle s / n;LOCAL;DISTRITAL;DISTRITAL;0
I-251417;070104;CALLAO;CALLAO;LA PERLA;-12.0699769;-77.1298828;Jirón Alfonso Ugarte / Calle s / n;LOCAL;DISTRITAL;DISTRITAL;0
I-91343;070106;CALLAO;CALLAO;VENTANILLA;-11.9092592;-77.1035873;Calle Central / Calle s / n;LOCAL;DISTRITAL;DISTRITAL;0
I-164922;070106;CALLAO;CALLAO;VENTANILLA;-11.8598623;-77.1248511;Avenida Ayacucho / Avenida Cuzco / Avenida Revolución;LOCAL;DISTRITAL;DISTRITAL;0
I-164970;070106;CALLAO;CALLAO;VENTANILLA;-11.8788552;-77.124119;Calle 1 / Calle 9;LOCAL;DISTRITAL;DISTRITAL;0
I-62302;110102;ICA;ICA;LA TINGUIÑA;-14.0401647;-75.7118614;Calle Gordon Bigner / Villa Primavera;LOCAL;DISTRITAL;DISTRITAL;0
I-594389;110102;ICA;ICA;LA TINGUIÑA;-14.0518278;-75.7275325;Calle s / n / Calle s / n;LOCAL;DISTRITAL;DISTRITAL;0
I-509072;110102;ICA;ICA;LA TINGUIÑA;-14.0419068;-75.7215029;Calle s / n / Calle s / n;LOCAL;DISTRITAL;DISTRITAL;0
I-509071;110102;ICA;ICA;LA TINGUIÑA;-14.0422187;-75.7215171;Calle s / n / Calle s / n;LOCAL;DISTRITAL;DISTRITAL;0
I-509070;110102;ICA;ICA;LA TINGUIÑA;-14.0425284;-75.7215312;Calle s / n / Calle s / n;LOCAL;DISTRITAL;DISTRITAL;0
I-201563;110507;ICA;PISCO;SAN CLEMENTE;-13.6828275;-76.1504338;Calle Cusco / Calle Huánuco / Calle Las Vegas / Jirón Cusco;LOCAL;DISTRITAL;DISTRITAL;0
I-201564;110507;ICA;PISCO;SAN CLEMENTE;-13.6829033;-76.1499912;Calle s / n / Calle s / n;LOCAL;DISTRITAL;DISTRITAL;0
I-689544;110507;ICA;PISCO;SAN CLEMENTE;-13.6698731;-76.1601712;Calle s / n / Calle s / n;LOCAL;DISTRITAL;DISTRITAL;0
I-273531;120606;JUNIN;SATIPO;PANGOA;-11.4335414;-74.4851026;Calle Mariano Nahuanca / Calle s / n;LOCAL;DISTRITAL;DISTRITAL;0
I-38572;130109;LA LIBERTAD;TRUJILLO;SALAVERRY;-8.2116957;-78.976459;Calle F / Calle s / n;LOCAL;DISTRITAL;DISTRITAL;0
I-755565;130109;LA LIBERTAD;TRUJILLO;SALAVERRY;-8.2933131;-78.9363263;Calle s / n / Calle s / n;LOCAL;DISTRITAL;DISTRITAL;0
I-755573;130109;LA LIBERTAD;TRUJILLO;SALAVERRY;-8.2946969;-78.9448447;Calle s / n / Calle s / n;LOCAL;DISTRITAL;DISTRITAL;0
I-123655;130207;LA LIBERTAD;ASCOPE;SANTIAGO DE CAO;-7.891995;-79.2219767;Avenida 28 de Julio / Avenida Santa Elena;LOCAL;DISTRITAL;DISTRITAL;0
I-288961;130207;LA LIBERTAD;ASCOPE;SANTIAGO DE CAO;-7.8860566;-79.2196855;Calle s / n / Calle s / n;LOCAL;DISTRITAL;DISTRITAL;0
I-288914;130207;LA LIBERTAD;ASCOPE;SANTIAGO DE CAO;-7.9323975;-79.2014887;Calle s / n / Calle s / n;LOCAL;DISTRITAL;DISTRITAL;0
I-288916;130207;LA LIBERTAD;ASCOPE;SANTIAGO DE CAO;-7.9323199;-79.202778;Calle s / n / Calle s / n;LOCAL;DISTRITAL;DISTRITAL;0
I-288917;130207;LA LIBERTAD;ASCOPE;SANTIAGO DE CAO;-7.9331194;-79.2020326;Calle s / n / Calle s / n;LOCAL;DISTRITAL;DISTRITAL;0
I-7173;130704;LA LIBERTAD;PACASMAYO;PACASMAYO;-7.4059097;-79.5708273;Jirón Adolfo King / Jirón Pablo Federico Llontop;LOCAL;DISTRITAL;DISTRITAL;0
I-631672;130704;LA LIBERTAD;PACASMAYO;PACASMAYO;-7.4147971;-79.5612583;Calle s / n / Calle s / n;LOCAL;DISTRITAL;DISTRITAL;0
I-631680;130704;LA LIBERTAD;PACASMAYO;PACASMAYO;-7.417054;-79.5626181;Calle s / n / Calle s / n;LOCAL;DISTRITAL;DISTRITAL;0
I-631679;130704;LA LIBERTAD;PACASMAYO;PACASMAYO;-7.4176806;-79.5631747;Calle s / n / Calle s / n;LOCAL;DISTRITAL;DISTRITAL;0
I-631678;130704;LA LIBERTAD;PACASMAYO;PACASMAYO;-7.4157748;-79.5614849;Calle s / n / Calle s / n;LOCAL;DISTRITAL;DISTRITAL;0
I-408169;150126;LIMA;LIMA;PUNTA HERMOSA;-12.2945991;-76.7734677;Calle s / n / Calle s / n;METROPOLITANA;PROVINCIAL;DISTRITAL;0
I-661628;130801;LA LIBERTAD;PATAZ;TAYABAMBA;-8.3431566;-77.193406;Calle s / n / Calle s / n;LOCAL;DISTRITAL;PROVINCIAL;0
I-685528;130801;LA LIBERTAD;PATAZ;TAYABAMBA;-8.2855949;-77.266674;Calle s / n / Calle s / n;LOCAL;DISTRITAL;PROVINCIAL;0
I-685493;130801;LA LIBERTAD;PATAZ;TAYABAMBA;-8.2951977;-77.2374769;Calle s / n / Calle s / n;LOCAL;DISTRITAL;PROVINCIAL;0
I-126873;131202;LA LIBERTAD;VIRU;CHAO;-8.5390488;-78.6759839;Avenida 28 de Julio / Calle Los Ángeles;LOCAL;DISTRITAL;DISTRITAL;0
I-794972;131202;LA LIBERTAD;VIRU;CHAO;-8.5267523;-78.6275987;Calle s / n / Calle s / n;LOCAL;DISTRITAL;DISTRITAL;0
I-794969;131202;LA LIBERTAD;VIRU;CHAO;-8.5713489;-78.6574431;Calle s / n / Calle s / n;LOCAL;DISTRITAL;DISTRITAL;0
I-225087;140118;LAMBAYEQUE;CHICLAYO;POMALCA;-6.7717749;-79.7752335;Prolongación Avenida 9 de Octubre / Calle s / n;LOCAL;DISTRITAL;DISTRITAL;0
I-667254;140118;LAMBAYEQUE;CHICLAYO;POMALCA;-6.764631;-79.7898254;Calle s / n / Calle s / n;LOCAL;DISTRITAL;DISTRITAL;0
I-579104;140118;LAMBAYEQUE;CHICLAYO;POMALCA;-6.7644457;-79.7915469;Calle s / n / Calle s / n;LOCAL;DISTRITAL;DISTRITAL;0
I-579105;140118;LAMBAYEQUE;CHICLAYO;POMALCA;-6.7650079;-79.7917539;Calle s / n / Calle s / n;LOCAL;DISTRITAL;DISTRITAL;0
I-574545;150126;LIMA;LIMA;PUNTA HERMOSA;-12.3009928;-76.7916584;Calle s / n / Calle s / n;METROPOLITANA;PROVINCIAL;DISTRITAL;0
I-574584;150126;LIMA;LIMA;PUNTA HERMOSA;-12.300693;-76.7893688;Calle s / n / Calle s / n;METROPOLITANA;PROVINCIAL;DISTRITAL;0
I-374816;150101;LIMA;LIMA;LIMA;-12.040753;-77.010033;Calle s / n / Calle s / n;LOCAL;DISTRITAL;PROVINCIAL;0
I-374693;150101;LIMA;LIMA;LIMA;-12.0595743;-77.0105044;Prolongación Avenida San Pablo / Calle s / n;LOCAL;DISTRITAL;PROVINCIAL;0
I-374803;150101;LIMA;LIMA;LIMA;-12.0392702;-77.010319;Calle s / n / Calle s / n;LOCAL;DISTRITAL;PROVINCIAL;0
I-374804;150101;LIMA;LIMA;LIMA;-12.0398806;-77.0115799;Calle s / n / Calle s / n;LOCAL;DISTRITAL;PROVINCIAL;0
I-374806;150101;LIMA;LIMA;LIMA;-12.0416127;-77.0123244;Pasaje Santa Rosa / Calle s / n;LOCAL;DISTRITAL;PROVINCIAL;0
I-761437;150113;LIMA;LIMA;JESUS MARIA;-12.0687618;-77.0484618;Avenida Brasil / Calle s / n;METROPOLITANA;PROVINCIAL;DISTRITAL;1
I-2039;150103;LIMA;LIMA;ATE;-12.0237146;-76.8211445;Calle 8 / Jirón Paraíso;LOCAL;DISTRITAL;DISTRITAL;0
I-415988;150103;LIMA;LIMA;ATE;-12.0149815;-76.8168244;Calle s / n / Calle s / n;LOCAL;DISTRITAL;DISTRITAL;0
I-416001;150103;LIMA;LIMA;ATE;-12.0141095;-76.8148729;Calle s / n / Calle s / n;LOCAL;DISTRITAL;DISTRITAL;0
I-416000;150103;LIMA;LIMA;ATE;-12.0150266;-76.814404;Calle s / n / Calle s / n;LOCAL;DISTRITAL;DISTRITAL;0
I-415999;150103;LIMA;LIMA;ATE;-12.0147652;-76.8142721;Calle s / n / Calle s / n;LOCAL;DISTRITAL;DISTRITAL;0
I-415998;150103;LIMA;LIMA;ATE;-12.0150944;-76.815313;Calle s / n / Calle s / n;LOCAL;DISTRITAL;DISTRITAL;0
I-415997;150103;LIMA;LIMA;ATE;-12.0146578;-76.8156351;Calle s / n / Calle s / n;LOCAL;DISTRITAL;DISTRITAL;0
I-415996;150103;LIMA;LIMA;ATE;-12.015379;-76.8151733;Calle s / n / Calle s / n;LOCAL;DISTRITAL;DISTRITAL;0
I-415995;150103;LIMA;LIMA;ATE;-12.0155175;-76.815477;Calle s / n / Calle s / n;LOCAL;DISTRITAL;DISTRITAL;0
I-4459;150104;LIMA;LIMA;BARRANCO;-12.1325769;-77.0206061;Calle Francisco del Castillo / Calle s / n;LOCAL;DISTRITAL;DISTRITAL;0
I-317654;150104;LIMA;LIMA;BARRANCO;-12.1470564;-77.0157675;Jirón Franklin Roosevelt / Jirón Manuel de la Fuente Chavez;LOCAL;DISTRITAL;DISTRITAL;0
I-295939;150104;LIMA;LIMA;BARRANCO;-12.1484777;-77.0184077;Jirón Lima / Jirón Rodriguez Soto;LOCAL;DISTRITAL;DISTRITAL;0
I-295938;150104;LIMA;LIMA;BARRANCO;-12.1498202;-77.0190976;Jirón Lima / Calle s / n;LOCAL;DISTRITAL;DISTRITAL;0
I-99134;150109;LIMA;LIMA;CIENEGUILLA;-12.0887043;-76.8699667;Los Constructores / Calle s / n;METROPOLITANA;PROVINCIAL;DISTRITAL;0
I-197049;150105;LIMA;LIMA;BREÑA;-12.0643133;-77.0488099;Jirón Restauración / Calle s / n;LOCAL;DISTRITAL;DISTRITAL;0
I-321860;150105;LIMA;LIMA;BREÑA;-12.0504592;-77.0521647;Jirón Chamaya / Jirón Pomabamba;LOCAL;DISTRITAL;DISTRITAL;0
I-314892;150105;LIMA;LIMA;BREÑA;-12.0683115;-77.0500182;Jirón Castrovirreyna / Jirón Juan Pablo Fernandini;LOCAL;DISTRITAL;DISTRITAL;0
I-314890;150105;LIMA;LIMA;BREÑA;-12.0677282;-77.0515809;Jirón Huaraz / Pasaje Nicolini;LOCAL;DISTRITAL;DISTRITAL;0
I-314887;150105;LIMA;LIMA;BREÑA;-12.067333;-77.051237;Jirón Castrovirreyna / Jirón Huaraz;LOCAL;DISTRITAL;DISTRITAL;0
I-17595;150106;LIMA;LIMA;CARABAYLLO;-11.8943119;-77.0357657;Avenida Universitaria / Calle s / n;LOCAL;DISTRITAL;DISTRITAL;0
I-458975;150106;LIMA;LIMA;CARABAYLLO;-11.8415567;-77.025646;Calle s / n / Calle s / n;LOCAL;DISTRITAL;DISTRITAL;0
I-458969;150106;LIMA;LIMA;CARABAYLLO;-11.8412922;-77.0271624;Calle s / n / Calle s / n;LOCAL;DISTRITAL;DISTRITAL;0
I-458970;150106;LIMA;LIMA;CARABAYLLO;-11.8415367;-77.027457;Calle s / n / Calle s / n;LOCAL;DISTRITAL;DISTRITAL;0
I-458971;150106;LIMA;LIMA;CARABAYLLO;-11.8421898;-77.0282437;Calle s / n / Calle s / n;LOCAL;DISTRITAL;DISTRITAL;0
I-458972;150106;LIMA;LIMA;CARABAYLLO;-11.8435954;-77.0275047;Calle s / n / Calle s / n;LOCAL;DISTRITAL;DISTRITAL;0
I-458973;150106;LIMA;LIMA;CARABAYLLO;-11.8428675;-77.0266448;Calle s / n / Calle s / n;LOCAL;DISTRITAL;DISTRITAL;0
I-458974;150106;LIMA;LIMA;CARABAYLLO;-11.8409076;-77.0254499;Calle s / n / Calle s / n;LOCAL;DISTRITAL;DISTRITAL;0
I-583974;150109;LIMA;LIMA;CIENEGUILLA;-12.0846493;-76.8634587;Calle s / n / Calle s / n;METROPOLITANA;PROVINCIAL;DISTRITAL;0
I-1997;150113;LIMA;LIMA;JESUS MARIA;-12.0830465;-77.0457554;Jirón Belisario Flores / Jirón Pachacútec;METROPOLITANA;PROVINCIAL;DISTRITAL;0
I-175847;150107;LIMA;LIMA;CHACLACAYO;-11.9843979;-76.8133971;Pasaje Lambayeque / Calle s / n;LOCAL;DISTRITAL;DISTRITAL;0
I-175846;150107;LIMA;LIMA;CHACLACAYO;-11.9849435;-76.8147456;Pasaje Andahuaylas / Calle s / n;LOCAL;DISTRITAL;DISTRITAL;0
I-175844;150107;LIMA;LIMA;CHACLACAYO;-11.9770958;-76.7625107;Calle Los Geranios / Calle Los Pinos;LOCAL;DISTRITAL;DISTRITAL;0
I-5720;150108;LIMA;LIMA;CHORRILLOS;-12.2180372;-76.9779892;Calle s / n / Calle s / n;LOCAL;DISTRITAL;DISTRITAL;0
I-339968;150108;LIMA;LIMA;CHORRILLOS;-12.1638513;-77.0220774;Avenida Chorrillos / Calle s / n;LOCAL;DISTRITAL;DISTRITAL;0
I-339972;150108;LIMA;LIMA;CHORRILLOS;-12.1633162;-77.022672;Avenida Chorrillos / Calle s / n;LOCAL;DISTRITAL;DISTRITAL;0
I-339973;150108;LIMA;LIMA;CHORRILLOS;-12.1579368;-77.0230543;Avenida Chorrillos / Avenida Elena Fray de Pastor;LOCAL;DISTRITAL;DISTRITAL;0
I-339974;150108;LIMA;LIMA;CHORRILLOS;-12.1611861;-77.0234539;Avenida Chorrillos / Calle s / n;LOCAL;DISTRITAL;DISTRITAL;0
I-91711;150109;LIMA;LIMA;CIENEGUILLA;-12.0992567;-76.7842214;Calle Casa Vieja / Calle Wallallo;LOCAL;DISTRITAL;DISTRITAL;0
I-629309;150109;LIMA;LIMA;CIENEGUILLA;-12.0638675;-76.8066323;Calle s / n / Calle s / n;LOCAL;DISTRITAL;DISTRITAL;0
I-583958;150109;LIMA;LIMA;CIENEGUILLA;-12.0909252;-76.8412078;Calle s / n / Calle s / n;LOCAL;DISTRITAL;DISTRITAL;0
I-583957;150109;LIMA;LIMA;CIENEGUILLA;-12.0910649;-76.8421752;Calle s / n / Calle s / n;LOCAL;DISTRITAL;DISTRITAL;0
I-583956;150109;LIMA;LIMA;CIENEGUILLA;-12.0906401;-76.8420804;Calle s / n / Calle s / n;LOCAL;DISTRITAL;DISTRITAL;0
I-583955;150109;LIMA;LIMA;CIENEGUILLA;-12.0867942;-76.8366733;Calle s / n / Calle s / n;LOCAL;DISTRITAL;DISTRITAL;0
I-4210;150113;LIMA;LIMA;JESUS MARIA;-12.0795977;-77.0457149;Avenida Húsares de Junín / Jirón Pachacútec;METROPOLITANA;PROVINCIAL;DISTRITAL;0
I-121819;150110;LIMA;LIMA;COMAS;-11.9178185;-77.028003;Calle La Oroya / Jirón Santa Clara;LOCAL;DISTRITAL;DISTRITAL;0
I-121825;150110;LIMA;LIMA;COMAS;-11.9139875;-77.0338931;Jirón Daniel Alcides Carrion / Jirón Jose Galvez;LOCAL;DISTRITAL;DISTRITAL;0
I-121824;150110;LIMA;LIMA;COMAS;-11.9135423;-77.0338829;Andres Avelino Caceres / Jirón Daniel Alcides Carrion;LOCAL;DISTRITAL;DISTRITAL;0
I-121823;150110;LIMA;LIMA;COMAS;-11.9163;-77.0295907;Avenida La Libertad / Pasaje Simon Bolivar;LOCAL;DISTRITAL;DISTRITAL;0
I-121822;150110;LIMA;LIMA;COMAS;-11.9167679;-77.0303603;Jirón Ancasch / Pasaje Simon Bolivar;LOCAL;DISTRITAL;DISTRITAL;0
I-121821;150110;LIMA;LIMA;COMAS;-11.9195626;-77.0283939;Jirón San Juan / Jirón Santa Rosa de Lima;LOCAL;DISTRITAL;DISTRITAL;0
I-121820;150110;LIMA;LIMA;COMAS;-11.9199942;-77.028039;Jirón San Juan / Santa Isabel;LOCAL;DISTRITAL;DISTRITAL;0
I-121818;150110;LIMA;LIMA;COMAS;-11.9172211;-77.0285698;Calle La Oroya / San Jose;LOCAL;DISTRITAL;DISTRITAL;0
I-121808;150110;LIMA;LIMA;COMAS;-11.9140816;-77.0344582;Avenida Luis Sanchez Cerro / Jirón Mariscal Caceres;LOCAL;DISTRITAL;DISTRITAL;0
I-2004;150111;LIMA;LIMA;EL AGUSTINO;-12.030667;-76.9638949;Calle Las Dunas / La Costanera;LOCAL;DISTRITAL;DISTRITAL;0
I-135764;150111;LIMA;LIMA;EL AGUSTINO;-12.0585621;-76.9962876;Avenida 7 de Octubre / Avenida Santa Rosa;LOCAL;DISTRITAL;DISTRITAL;0
I-1405;150112;LIMA;LIMA;INDEPENDENCIA;-12.0037879;-77.0576867;Avenida Francisco Bolognesi / Avenida Industrial;LOCAL;DISTRITAL;DISTRITAL;0
I-116820;150112;LIMA;LIMA;INDEPENDENCIA;-12.0000202;-77.0495169;Florilandia / Las Violetas;LOCAL;DISTRITAL;DISTRITAL;0
I-116833;150112;LIMA;LIMA;INDEPENDENCIA;-11.9995159;-77.0474926;Cerezas / Las Castañas;LOCAL;DISTRITAL;DISTRITAL;0
I-116832;150112;LIMA;LIMA;INDEPENDENCIA;-11.9996881;-77.0409643;Jose Santos Chocano / Lima;LOCAL;DISTRITAL;DISTRITAL;0
I-3770;150113;LIMA;LIMA;JESUS MARIA;-12.0805914;-77.0417728;Jirón Cápac Yupanqui / Jirón Domingo Cueto;LOCAL;DISTRITAL;DISTRITAL;0
I-393418;150113;LIMA;LIMA;JESUS MARIA;-12.0793053;-77.0387799;Calle s / n / Calle s / n;LOCAL;DISTRITAL;DISTRITAL;0
I-393415;150113;LIMA;LIMA;JESUS MARIA;-12.0788579;-77.037818;Calle s / n / Calle s / n;LOCAL;DISTRITAL;DISTRITAL;0
I-393303;150113;LIMA;LIMA;JESUS MARIA;-12.0738578;-77.0407674;Avenida 6 de Agosto / Calle s / n;LOCAL;DISTRITAL;DISTRITAL;0
I-393281;150113;LIMA;LIMA;JESUS MARIA;-12.0716566;-77.0387495;Jirón Ramón Dagnino / Calle s / n;LOCAL;DISTRITAL;DISTRITAL;0
I-393279;150113;LIMA;LIMA;JESUS MARIA;-12.0709088;-77.042047;Calle s / n / Calle s / n;LOCAL;DISTRITAL;DISTRITAL;0
I-393274;150113;LIMA;LIMA;JESUS MARIA;-12.0830183;-77.0592519;Parque Almagro / Calle s / n;LOCAL;DISTRITAL;DISTRITAL;0
I-4212;150113;LIMA;LIMA;JESUS MARIA;-12.0754842;-77.0439545;Jirón Huayna Cápac / Calle s / n;METROPOLITANA;PROVINCIAL;DISTRITAL;0
I-352534;150114;LIMA;LIMA;LA MOLINA;-12.0745169;-76.926991;Calle Monte Blanco / Calle s / n;LOCAL;DISTRITAL;DISTRITAL;0
I-553657;150120;LIMA;LIMA;MAGDALENA DEL MAR;-12.0970493;-77.0715608;Calle s / n / Calle s / n;METROPOLITANA;PROVINCIAL;DISTRITAL;0
I-301249;150115;LIMA;LIMA;LA VICTORIA;-12.0647765;-77.020286;Jirón Humboldt / Prolongación Huamanga;LOCAL;DISTRITAL;DISTRITAL;0
I-306808;150115;LIMA;LIMA;LA VICTORIA;-12.0765402;-77.0227495;Avenida Palermo / Parque Unión Panamericana;LOCAL;DISTRITAL;DISTRITAL;0
I-306807;150115;LIMA;LIMA;LA VICTORIA;-12.0770226;-77.0213786;Avenida de Las Américas / Parque Unión Panamericana;LOCAL;DISTRITAL;DISTRITAL;0
I-306806;150115;LIMA;LIMA;LA VICTORIA;-12.078251;-77.0217239;Parque Unión Panamericana / Santiago Cárdenas;LOCAL;DISTRITAL;DISTRITAL;0
I-306805;150115;LIMA;LIMA;LA VICTORIA;-12.0764598;-77.022102;Lopez de la / Parque Unión Panamericana;LOCAL;DISTRITAL;DISTRITAL;0
I-1999;150116;LIMA;LIMA;LINCE;-12.0815628;-77.0284621;Avenida Prolongación Iquitos / Jirón Manuel Candamo;LOCAL;DISTRITAL;DISTRITAL;0
I-316829;150116;LIMA;LIMA;LINCE;-12.0866473;-77.0321461;Avenida Ignacio Merino / Jirón Tomás Guido;LOCAL;DISTRITAL;DISTRITAL;0
I-4750;150117;LIMA;LIMA;LOS OLIVOS;-11.9540892;-77.0738785;Avenida Holanda / Avenida Santa Elvira;LOCAL;DISTRITAL;DISTRITAL;0
I-123793;150117;LIMA;LIMA;LOS OLIVOS;-11.9482333;-77.0757436;Calle s / n / Calle s / n;LOCAL;DISTRITAL;DISTRITAL;0
I-123786;150117;LIMA;LIMA;LOS OLIVOS;-11.9498417;-77.0735912;Avenida Santa Elvira / Calle s / n;LOCAL;DISTRITAL;DISTRITAL;0
I-123787;150117;LIMA;LIMA;LOS OLIVOS;-11.9532697;-77.0793592;Calle 68 / Golondrinas;LOCAL;DISTRITAL;DISTRITAL;0
I-123788;150117;LIMA;LIMA;LOS OLIVOS;-11.9488914;-77.0756259;Calle s / n / Calle s / n;LOCAL;DISTRITAL;DISTRITAL;0
I-123789;150117;LIMA;LIMA;LOS OLIVOS;-11.9515407;-77.0807307;Ciruelos / Mandarinas;LOCAL;DISTRITAL;DISTRITAL;0
I-123790;150117;LIMA;LIMA;LOS OLIVOS;-11.9485624;-77.0715205;Calle 10 / Calle 3;LOCAL;DISTRITAL;DISTRITAL;0
I-123791;150117;LIMA;LIMA;LOS OLIVOS;-11.9541326;-77.0779682;Calle 3 / Cisnes;LOCAL;DISTRITAL;DISTRITAL;0
I-123792;150117;LIMA;LIMA;LOS OLIVOS;-11.9545953;-77.0778929;Avenida Holanda / Calle 3;LOCAL;DISTRITAL;DISTRITAL;0
I-16823;150118;LIMA;LIMA;LURIGANCHO;-11.9472292;-76.7098422;Calle s / n / Calle s / n;LOCAL;DISTRITAL;DISTRITAL;0
I-433543;150118;LIMA;LIMA;LURIGANCHO;-11.9727229;-76.9524016;Calle s / n / Calle s / n;LOCAL;DISTRITAL;DISTRITAL;0
I-433552;150118;LIMA;LIMA;LURIGANCHO;-11.9746711;-76.9352075;Calle s / n / Calle s / n;LOCAL;DISTRITAL;DISTRITAL;0
I-4748;150119;LIMA;LIMA;LURIN;-12.2545103;-76.9203365;Calle s / n / Calle s / n;LOCAL;DISTRITAL;DISTRITAL;0
I-431340;150119;LIMA;LIMA;LURIN;-12.2314267;-76.8789956;Calle s / n / Calle s / n;LOCAL;DISTRITAL;DISTRITAL;0
I-431328;150119;LIMA;LIMA;LURIN;-12.227366;-76.8832691;Calle s / n / Calle s / n;LOCAL;DISTRITAL;DISTRITAL;0
I-431329;150119;LIMA;LIMA;LURIN;-12.2232947;-76.8872508;Calle s / n / Calle s / n;LOCAL;DISTRITAL;DISTRITAL;0
I-2094;150120;LIMA;LIMA;MAGDALENA DEL MAR;-12.0982068;-77.0706032;Jirón Saenz Peña / Malecon Miguel Grau;LOCAL;DISTRITAL;DISTRITAL;0
I-257384;150120;LIMA;LIMA;MAGDALENA DEL MAR;-12.0973241;-77.0642956;Calle s / n / Calle s / n;LOCAL;DISTRITAL;DISTRITAL;0
I-257372;150120;LIMA;LIMA;MAGDALENA DEL MAR;-12.0978658;-77.0647876;Calle s / n / Calle s / n;LOCAL;DISTRITAL;DISTRITAL;0
I-257373;150120;LIMA;LIMA;MAGDALENA DEL MAR;-12.0966924;-77.0638092;Calle s / n / Calle s / n;LOCAL;DISTRITAL;DISTRITAL;0
I-257375;150120;LIMA;LIMA;MAGDALENA DEL MAR;-12.0983528;-77.0651995;Calle s / n / Calle s / n;LOCAL;DISTRITAL;DISTRITAL;0
I-257377;150120;LIMA;LIMA;MAGDALENA DEL MAR;-12.0976204;-77.0645747;Calle s / n / Calle s / n;LOCAL;DISTRITAL;DISTRITAL;0
I-257378;150120;LIMA;LIMA;MAGDALENA DEL MAR;-12.0968946;-77.0657996;Calle s / n / Calle s / n;LOCAL;DISTRITAL;DISTRITAL;0
I-257379;150120;LIMA;LIMA;MAGDALENA DEL MAR;-12.0958348;-77.0650222;Calle s / n / Calle s / n;LOCAL;DISTRITAL;DISTRITAL;0
I-257380;150120;LIMA;LIMA;MAGDALENA DEL MAR;-12.0952831;-77.0656663;Calle s / n / Calle s / n;LOCAL;DISTRITAL;DISTRITAL;0
I-3894;150120;LIMA;LIMA;MAGDALENA DEL MAR;-12.0934762;-77.059773;Avenida Javier Prado Oeste / Jirón Faustino Sanchez Carrión;METROPOLITANA;PROVINCIAL;DISTRITAL;0
I-30729;150121;LIMA;LIMA;PUEBLO LIBRE;-12.0736238;-77.0568306;Jose Santiago Wagner / Parque Ayacucho;LOCAL;DISTRITAL;DISTRITAL;0
I-98608;150121;LIMA;LIMA;PUEBLO LIBRE;-12.068655;-77.0581597;Calle Parque Grau / Calle s / n;LOCAL;DISTRITAL;DISTRITAL;0
I-98609;150121;LIMA;LIMA;PUEBLO LIBRE;-12.0685874;-77.0578727;Calle Parque Grau / Calle s / n;LOCAL;DISTRITAL;DISTRITAL;0
I-98656;150121;LIMA;LIMA;PUEBLO LIBRE;-12.067618;-77.0550343;Avenida Rio Grande / Calle s / n;LOCAL;DISTRITAL;DISTRITAL;0
I-16294;150123;LIMA;LIMA;PACHACAMAC;-12.215175;-76.8701849;Calle 2 / Calle 3;LOCAL;DISTRITAL;DISTRITAL;0
I-431912;150123;LIMA;LIMA;PACHACAMAC;-12.1908006;-76.8294861;Calle s / n / Calle s / n;LOCAL;DISTRITAL;DISTRITAL;0
I-431631;150123;LIMA;LIMA;PACHACAMAC;-12.2183281;-76.8450061;Calle s / n / Calle s / n;LOCAL;DISTRITAL;DISTRITAL;0
I-431632;150123;LIMA;LIMA;PACHACAMAC;-12.2187972;-76.8449201;Calle s / n / Calle s / n;LOCAL;DISTRITAL;DISTRITAL;0
I-431633;150123;LIMA;LIMA;PACHACAMAC;-12.2183568;-76.8456006;Calle s / n / Calle s / n;LOCAL;DISTRITAL;DISTRITAL;0
I-411703;150126;LIMA;LIMA;PUNTA HERMOSA;-12.3050753;-76.8211833;Calle s / n / Calle s / n;METROPOLITANA;PROVINCIAL;DISTRITAL;0
I-318313;150125;LIMA;LIMA;PUENTE PIEDRA;-11.8570191;-77.0634268;Calle s / n / Calle s / n;LOCAL;DISTRITAL;DISTRITAL;0
I-321291;150125;LIMA;LIMA;PUENTE PIEDRA;-11.8296642;-77.1077413;Avenida San Martín / Calle Las Amazonas;LOCAL;DISTRITAL;DISTRITAL;0
I-321290;150125;LIMA;LIMA;PUENTE PIEDRA;-11.8298002;-77.1065079;Calle Las Amazonas / Calle s / n;LOCAL;DISTRITAL;DISTRITAL;0
I-318475;150125;LIMA;LIMA;PUENTE PIEDRA;-11.8520501;-77.0662555;Calle s / n / Calle s / n;LOCAL;DISTRITAL;DISTRITAL;0
I-318473;150125;LIMA;LIMA;PUENTE PIEDRA;-11.8524859;-77.065702;Avenida Los Álamos / Calle s / n;LOCAL;DISTRITAL;DISTRITAL;0
I-5694;150126;LIMA;LIMA;PUNTA HERMOSA;-12.3247186;-76.8268363;Antigua Panamericana Sur / Calle s / n;LOCAL;DISTRITAL;DISTRITAL;0
I-574494;150126;LIMA;LIMA;PUNTA HERMOSA;-12.3058897;-76.801445;Calle s / n / Calle s / n;LOCAL;DISTRITAL;DISTRITAL;0
I-574472;150126;LIMA;LIMA;PUNTA HERMOSA;-12.3104643;-76.8062049;Calle s / n / Calle s / n;LOCAL;DISTRITAL;DISTRITAL;0
I-574471;150126;LIMA;LIMA;PUNTA HERMOSA;-12.310726;-76.8065954;Calle s / n / Calle s / n;LOCAL;DISTRITAL;DISTRITAL;0
I-574470;150126;LIMA;LIMA;PUNTA HERMOSA;-12.3102418;-76.8058728;Calle s / n / Calle s / n;LOCAL;DISTRITAL;DISTRITAL;0
I-1335;150101;LIMA;LIMA;LIMA;-12.0437571;-77.0433255;Avenida Alfonso Ugarte / Plaza Ramón Castilla;METROPOLITANA;PROVINCIAL;PROVINCIAL;0
I-115693;150128;LIMA;LIMA;RIMAC;-12.0154014;-77.0353398;Calle 7 / Calle 9;LOCAL;DISTRITAL;DISTRITAL;0
I-311303;150128;LIMA;LIMA;RIMAC;-12.0360524;-77.0262052;Jirón 22 de Agosto / Jirón Atahualpa;LOCAL;DISTRITAL;DISTRITAL;0
I-306889;150128;LIMA;LIMA;RIMAC;-12.0266964;-77.0281063;Avenida Cajatambo / Calle s / n;LOCAL;DISTRITAL;DISTRITAL;0
I-306888;150128;LIMA;LIMA;RIMAC;-12.0260824;-77.0286561;Avenida Cajatambo / Jose Santos Chocano;LOCAL;DISTRITAL;DISTRITAL;0
I-6350;150130;LIMA;LIMA;SAN BORJA;-12.0842806;-76.9841918;Avenida Circunvalación / Calle s / n;LOCAL;DISTRITAL;DISTRITAL;1
I-329894;150130;LIMA;LIMA;SAN BORJA;-12.0955336;-76.9870579;Calle 32 / Calle Leonard Bernstein;LOCAL;DISTRITAL;DISTRITAL;0
I-324424;150130;LIMA;LIMA;SAN BORJA;-12.1082355;-76.9919275;Calle Melissa / Paseo del Bosque;LOCAL;DISTRITAL;DISTRITAL;0
I-324422;150130;LIMA;LIMA;SAN BORJA;-12.1098775;-76.9927814;Jirón Trinidad / Paseo del Bosque;LOCAL;DISTRITAL;DISTRITAL;0
I-322493;150130;LIMA;LIMA;SAN BORJA;-12.0946751;-76.9993919;Esquivel / Jirón Pedro López de Ayala;LOCAL;DISTRITAL;DISTRITAL;0
I-374809;150101;LIMA;LIMA;LIMA;-12.0381385;-77.0122402;Calle s / n / Calle s / n;METROPOLITANA;PROVINCIAL;PROVINCIAL;0
I-288260;150132;LIMA;LIMA;SAN JUAN DE LURIGANCHO;-11.8952055;-76.9432555;Calle s / n / Calle s / n;LOCAL;DISTRITAL;DISTRITAL;0
I-288238;150132;LIMA;LIMA;SAN JUAN DE LURIGANCHO;-11.9007758;-76.9339145;Calle s / n / Calle s / n;LOCAL;DISTRITAL;DISTRITAL;0
I-288239;150132;LIMA;LIMA;SAN JUAN DE LURIGANCHO;-11.9009787;-76.9278171;Calle s / n / Calle s / n;LOCAL;DISTRITAL;DISTRITAL;0
I-288240;150132;LIMA;LIMA;SAN JUAN DE LURIGANCHO;-11.9009703;-76.9263112;Calle s / n / Calle s / n;LOCAL;DISTRITAL;DISTRITAL;0
I-288241;150132;LIMA;LIMA;SAN JUAN DE LURIGANCHO;-11.9004842;-76.9249754;Calle s / n / Calle s / n;LOCAL;DISTRITAL;DISTRITAL;0
I-288242;150132;LIMA;LIMA;SAN JUAN DE LURIGANCHO;-11.901548;-76.9484004;Calle s / n / Calle s / n;LOCAL;DISTRITAL;DISTRITAL;0
I-288243;150132;LIMA;LIMA;SAN JUAN DE LURIGANCHO;-11.8903967;-76.9595488;Calle s / n / Calle s / n;LOCAL;DISTRITAL;DISTRITAL;0
I-6943;150133;LIMA;LIMA;SAN JUAN DE MIRAFLORES;-12.1801432;-76.9656412;Avenida César Canevaro / Calle Las Torres / Calle Santa Rosa;LOCAL;DISTRITAL;DISTRITAL;0
I-153662;150133;LIMA;LIMA;SAN JUAN DE MIRAFLORES;-12.1409193;-76.9699854;Calle s / n / Calle s / n;LOCAL;DISTRITAL;DISTRITAL;0
I-153648;150133;LIMA;LIMA;SAN JUAN DE MIRAFLORES;-12.1269876;-76.9483633;Avenida Santa Rosa / Calle s / n;LOCAL;DISTRITAL;DISTRITAL;0
I-153650;150133;LIMA;LIMA;SAN JUAN DE MIRAFLORES;-12.1299586;-76.9498151;Calle s / n / Calle s / n;LOCAL;DISTRITAL;DISTRITAL;0
I-153651;150133;LIMA;LIMA;SAN JUAN DE MIRAFLORES;-12.135564;-76.9686612;Pasaje M4 / Calle s / n;LOCAL;DISTRITAL;DISTRITAL;0
I-6809;150105;LIMA;LIMA;BREÑA;-12.0663389;-77.0542325;Jirón Pedro Ruiz Gallo / Ovalo Breña;METROPOLITANA;PROVINCIAL;DISTRITAL;0
I-1524;150110;LIMA;LIMA;COMAS;-11.9754451;-77.0596483;Avenida Metropolitana / Santa Ligia;METROPOLITANA;PROVINCIAL;DISTRITAL;0
I-324425;150134;LIMA;LIMA;SAN LUIS;-12.075969;-77.0030275;Avenida Río Piura / Avenida San Juan;LOCAL;DISTRITAL;DISTRITAL;0
I-323445;150134;LIMA;LIMA;SAN LUIS;-12.0665963;-76.9885328;Avenida Mariscal Agustin Gamarra / José Olaya;LOCAL;DISTRITAL;DISTRITAL;0
I-323444;150134;LIMA;LIMA;SAN LUIS;-12.0697388;-76.9886763;Avenida De Las Torres / Calle s / n;LOCAL;DISTRITAL;DISTRITAL;0
I-1377;150135;LIMA;LIMA;SAN MARTIN DE PORRES;-12.0298306;-77.0656154;Jirón Maracaibo / Calle s / n;LOCAL;DISTRITAL;DISTRITAL;0
I-126068;150135;LIMA;LIMA;SAN MARTIN DE PORRES;-11.9775545;-77.1063118;Calle s / n / Calle s / n;LOCAL;DISTRITAL;DISTRITAL;0
I-126066;150135;LIMA;LIMA;SAN MARTIN DE PORRES;-11.9781143;-77.1040255;Calle s / n / Calle s / n;LOCAL;DISTRITAL;DISTRITAL;0
I-126065;150135;LIMA;LIMA;SAN MARTIN DE PORRES;-11.9790931;-77.1028683;Calle s / n / Calle s / n;LOCAL;DISTRITAL;DISTRITAL;0
I-126064;150135;LIMA;LIMA;SAN MARTIN DE PORRES;-11.9749252;-77.1014998;Calle Alfonso Ugarte / Calle Miguel Grau;LOCAL;DISTRITAL;DISTRITAL;0
I-126063;150135;LIMA;LIMA;SAN MARTIN DE PORRES;-11.9666935;-77.1040356;Calle s / n / Calle s / n;LOCAL;DISTRITAL;DISTRITAL;0
I-126062;150135;LIMA;LIMA;SAN MARTIN DE PORRES;-11.9790858;-77.1052298;Calle Los Geraneos / Calle s / n;LOCAL;DISTRITAL;DISTRITAL;0
I-14938;150137;LIMA;LIMA;SANTA ANITA;-12.0570892;-76.9724967;Avenida Los Cipreses / Calle s / n;LOCAL;DISTRITAL;DISTRITAL;0
I-161041;150137;LIMA;LIMA;SANTA ANITA;-12.0452327;-76.9616048;Avenida Los Rosales / Calle s / n;LOCAL;DISTRITAL;DISTRITAL;0
I-205175;150137;LIMA;LIMA;SANTA ANITA;-12.0425705;-76.9776864;Avenida José Carlos Mariátegui / Los Incas;LOCAL;DISTRITAL;DISTRITAL;0
I-205173;150137;LIMA;LIMA;SANTA ANITA;-12.0431145;-76.9798594;Calle Cesar Vallejo / Jirón Luis de la Puente Uceda;LOCAL;DISTRITAL;DISTRITAL;0
I-205171;150137;LIMA;LIMA;SANTA ANITA;-12.0424442;-76.9796551;1 de Mayo / Calle Ciro Alegria;LOCAL;DISTRITAL;DISTRITAL;0
I-6245;150140;LIMA;LIMA;SANTIAGO DE SURCO;-12.1718693;-77.0055494;Avenida El Sol / Jirón Los Pumas;LOCAL;DISTRITAL;DISTRITAL;0
I-302839;150140;LIMA;LIMA;SANTIAGO DE SURCO;-12.0942593;-76.9768005;Calle s / n / Calle s / n;LOCAL;DISTRITAL;DISTRITAL;0
I-305717;150140;LIMA;LIMA;SANTIAGO DE SURCO;-12.1233202;-76.9874989;Alameda del Arco Iris / Avenida Los Celajes;LOCAL;DISTRITAL;DISTRITAL;0
I-305720;150140;LIMA;LIMA;SANTIAGO DE SURCO;-12.1228935;-76.9863469;Avenida Del Crepúsculo / Calle s / n;LOCAL;DISTRITAL;DISTRITAL;0
I-305723;150140;LIMA;LIMA;SANTIAGO DE SURCO;-12.122966;-76.9871837;Alameda del Arco Iris / Calle Aurora Boreal;LOCAL;DISTRITAL;DISTRITAL;0
I-305727;150140;LIMA;LIMA;SANTIAGO DE SURCO;-12.1215494;-76.9841771;Avenida Coronel Reynaldo Vivanco / Calle Los Virreyes;LOCAL;DISTRITAL;DISTRITAL;0
I-3551;150114;LIMA;LIMA;LA MOLINA;-12.0831956;-76.9704507;Avenida Javier Prado Este / Monitor Huáscar;METROPOLITANA;PROVINCIAL;DISTRITAL;0
I-14671;150141;LIMA;LIMA;SURQUILLO;-12.1095742;-77.0116879;Calle J / Villa Victoria;LOCAL;DISTRITAL;DISTRITAL;1
I-14673;150141;LIMA;LIMA;SURQUILLO;-12.1107025;-77.0127829;Pasaje Zola / Wide;LOCAL;DISTRITAL;DISTRITAL;0
I-14674;150141;LIMA;LIMA;SURQUILLO;-12.1098216;-77.0105256;Cardich / Pasaje Goethe;LOCAL;DISTRITAL;DISTRITAL;0
I-14675;150141;LIMA;LIMA;SURQUILLO;-12.1098643;-77.0110185;Cardich / Shakespeare;LOCAL;DISTRITAL;DISTRITAL;0
I-14676;150141;LIMA;LIMA;SURQUILLO;-12.109908;-77.0116632;Calle J / Cardich;LOCAL;DISTRITAL;DISTRITAL;1
I-32353;150142;LIMA;LIMA;VILLA EL SALVADOR;-12.2234081;-76.9597511;Avenida César Vallejo / Avenida Jorge Chávez;LOCAL;DISTRITAL;DISTRITAL;0
I-224433;150142;LIMA;LIMA;VILLA EL SALVADOR;-12.2381848;-76.9565869;Calle s / n / Calle s / n;LOCAL;DISTRITAL;DISTRITAL;0
I-224469;150142;LIMA;LIMA;VILLA EL SALVADOR;-12.2356174;-76.9336599;Calle s / n / Calle s / n;LOCAL;DISTRITAL;DISTRITAL;0
I-224468;150142;LIMA;LIMA;VILLA EL SALVADOR;-12.2364017;-76.9325502;Calle s / n / Calle s / n;LOCAL;DISTRITAL;DISTRITAL;0
I-224467;150142;LIMA;LIMA;VILLA EL SALVADOR;-12.2358523;-76.9338214;Calle s / n / Calle s / n;LOCAL;DISTRITAL;DISTRITAL;0
I-224466;150142;LIMA;LIMA;VILLA EL SALVADOR;-12.2366315;-76.9327163;Calle s / n / Calle s / n;LOCAL;DISTRITAL;DISTRITAL;0
I-224438;150142;LIMA;LIMA;VILLA EL SALVADOR;-12.2374487;-76.9579773;Calle s / n / Calle s / n;LOCAL;DISTRITAL;DISTRITAL;0
I-224437;150142;LIMA;LIMA;VILLA EL SALVADOR;-12.2378787;-76.9571574;Calle s / n / Calle s / n;LOCAL;DISTRITAL;DISTRITAL;0
I-224436;150142;LIMA;LIMA;VILLA EL SALVADOR;-12.238469;-76.9560481;Calle s / n / Calle s / n;LOCAL;DISTRITAL;DISTRITAL;0
I-224435;150142;LIMA;LIMA;VILLA EL SALVADOR;-12.237622;-76.957636;Calle s / n / Calle s / n;LOCAL;DISTRITAL;DISTRITAL;0
I-224434;150142;LIMA;LIMA;VILLA EL SALVADOR;-12.2371613;-76.9585433;Calle s / n / Calle s / n;LOCAL;DISTRITAL;DISTRITAL;0
I-6637;150115;LIMA;LIMA;LA VICTORIA;-12.0781154;-77.0107659;Avenida Aviación / Óvalo de Arriola;METROPOLITANA;PROVINCIAL;DISTRITAL;0
I-338515;150143;LIMA;LIMA;VILLA MARIA DEL TRIUNFO;-12.1504865;-76.9070259;Calle s / n / Calle s / n;LOCAL;DISTRITAL;DISTRITAL;0
I-338513;150143;LIMA;LIMA;VILLA MARIA DEL TRIUNFO;-12.1421071;-76.9052535;Calle s / n / Calle s / n;LOCAL;DISTRITAL;DISTRITAL;0
I-338512;150143;LIMA;LIMA;VILLA MARIA DEL TRIUNFO;-12.1429577;-76.9052778;Calle s / n / Calle s / n;LOCAL;DISTRITAL;DISTRITAL;0
I-338511;150143;LIMA;LIMA;VILLA MARIA DEL TRIUNFO;-12.1459771;-76.9055024;Calle s / n / Calle s / n;LOCAL;DISTRITAL;DISTRITAL;0
I-55125;150204;LIMA;BARRANCA;SUPE;-10.8544156;-77.6903888;Calle s / n / Calle s / n;LOCAL;DISTRITAL;DISTRITAL;0
I-6758;150121;LIMA;LIMA;PUEBLO LIBRE;-12.0678335;-77.0605732;Avenida Paso de los Andes / Plaza de la Bandera;METROPOLITANA;PROVINCIAL;DISTRITAL;0
I-695575;150204;LIMA;BARRANCA;SUPE;-10.8504209;-77.6894819;Calle s / n / Calle s / n;LOCAL;DISTRITAL;DISTRITAL;0
I-1363;150128;LIMA;LIMA;RIMAC;-12.0376999;-77.0429004;Circunvalación / Calle s / n;METROPOLITANA;PROVINCIAL;DISTRITAL;0
I-551231;150811;LIMA;HUAURA;SAYAN;-11.1073979;-77.3497788;Calle s / n / Calle s / n;LOCAL;DISTRITAL;DISTRITAL;0
I-551212;150811;LIMA;HUAURA;SAYAN;-11.1084218;-77.3296032;Calle s / n / Calle s / n;LOCAL;DISTRITAL;DISTRITAL;0
I-228158;200109;PIURA;PIURA;LA ARENA;-5.3423664;-80.7076495;Calle s / n / Calle s / n;LOCAL;DISTRITAL;DISTRITAL;0
I-2016;150132;LIMA;LIMA;SAN JUAN DE LURIGANCHO;-11.9515877;-76.988289;Avenida José Carlos Mariátegui / Calle s / n;METROPOLITANA;PROVINCIAL;DISTRITAL;0
I-8770;150134;LIMA;LIMA;SAN LUIS;-12.075317;-76.9912288;Auxiliar Avenida Circunvalación / Jirón Trinidad;METROPOLITANA;PROVINCIAL;DISTRITAL;0
I-324427;150134;LIMA;LIMA;SAN LUIS;-12.0752235;-77.0014203;Avenida San Juan / Calle s / n;METROPOLITANA;PROVINCIAL;DISTRITAL;0
I-2737;150141;LIMA;LIMA;SURQUILLO;-12.1131961;-77.0255271;Avenida General Recavarren / Avenida Paseo de la República;METROPOLITANA;PROVINCIAL;DISTRITAL;0
I-15204;150143;LIMA;LIMA;VILLA MARIA DEL TRIUNFO;-12.1805641;-76.9436296;Avenida Pachacútec / Óvalo 26 de Noviembre;METROPOLITANA;PROVINCIAL;DISTRITAL;0
I-18751;220803;SAN MARTIN;RIOJA;ELIAS SOPLIN VARGAS;-5.9925502;-77.273752;Jirón Las Palmeras / Calle s / n;LOCAL;DISTRITAL;DISTRITAL;0
I-652892;220803;SAN MARTIN;RIOJA;ELIAS SOPLIN VARGAS;-5.9837856;-77.2830194;Avenida San Andrés / Pasaje Los Reyes Magos;LOCAL;DISTRITAL;DISTRITAL;0
I-652917;220803;SAN MARTIN;RIOJA;ELIAS SOPLIN VARGAS;-5.9834535;-77.28036;Avenida Tomás Pachamora / Pasaje Nuevo Amanecer;LOCAL;DISTRITAL;DISTRITAL;0
I-652916;220803;SAN MARTIN;RIOJA;ELIAS SOPLIN VARGAS;-5.983991;-77.2814195;Avenida Tomás Pachamora / Pasaje Estrella del Oriente;LOCAL;DISTRITAL;DISTRITAL;0
I-652915;220803;SAN MARTIN;RIOJA;ELIAS SOPLIN VARGAS;-5.9851554;-77.2837785;Avenida Tomás Pachamora / Pasaje Los Ángeles;LOCAL;DISTRITAL;DISTRITAL;0
I-52633;220909;SAN MARTIN;SAN MARTIN;LA BANDA DE SHILCAYO;-6.4970055;-76.3560503;Jirón Molinera / Jirón Santa Rosa;LOCAL;DISTRITAL;DISTRITAL;0
I-571838;220909;SAN MARTIN;SAN MARTIN;LA BANDA DE SHILCAYO;-6.4825637;-76.3438765;Calle s / n / Calle s / n;LOCAL;DISTRITAL;DISTRITAL;0
I-571814;220909;SAN MARTIN;SAN MARTIN;LA BANDA DE SHILCAYO;-6.4838515;-76.3379003;Calle s / n / Calle s / n;LOCAL;DISTRITAL;DISTRITAL;0
I-85289;230102;TACNA;TACNA;ALTO DE LA ALIANZA;-17.9924137;-70.2420179;Avenida El Sol / Pasaje 5 de Agosto;LOCAL;DISTRITAL;DISTRITAL;0
I-471726;230102;TACNA;TACNA;ALTO DE LA ALIANZA;-17.9839488;-70.2431649;Calle 2 de Mayo / Los Heroes;LOCAL;DISTRITAL;DISTRITAL;0
I-471773;230102;TACNA;TACNA;ALTO DE LA ALIANZA;-17.9889987;-70.2382434;Avenida Aviación / Avenida Manuel Cuadros;LOCAL;DISTRITAL;DISTRITAL;0
I-38739;130112;LA LIBERTAD;TRUJILLO;ALTO TRUJILLO;-8.0597673;-79.0125549;Calle 15 / Calle 7;LOCAL;DISTRITAL;DISTRITAL;0
I-504773;130112;LA LIBERTAD;TRUJILLO;ALTO TRUJILLO;-8.0698289;-79.0246023;Calle s / n / Calle s / n;LOCAL;DISTRITAL;DISTRITAL;0
I-504771;130112;LA LIBERTAD;TRUJILLO;ALTO TRUJILLO;-8.0654787;-79.0244722;Calle 30 / Calle s / n;LOCAL;DISTRITAL;DISTRITAL;0
I-504770;130112;LA LIBERTAD;TRUJILLO;ALTO TRUJILLO;-8.0696449;-79.0236705;Calle 30 / Calle s / n;LOCAL;DISTRITAL;DISTRITAL;0
I-504769;130112;LA LIBERTAD;TRUJILLO;ALTO TRUJILLO;-8.0682833;-79.023925;Calle 30 / Calle 7;LOCAL;DISTRITAL;DISTRITAL;0
I-504768;130112;LA LIBERTAD;TRUJILLO;ALTO TRUJILLO;-8.0672103;-79.0232084;Calle 33 / Calle s / n;LOCAL;DISTRITAL;DISTRITAL;0
I-504767;130112;LA LIBERTAD;TRUJILLO;ALTO TRUJILLO;-8.0670649;-79.0224469;Calle s / n / Calle s / n;LOCAL;DISTRITAL;DISTRITAL;0
I-504766;130112;LA LIBERTAD;TRUJILLO;ALTO TRUJILLO;-8.0693166;-79.022012;Calle s / n / Calle s / n;LOCAL;DISTRITAL;DISTRITAL;0
I-504765;130112;LA LIBERTAD;TRUJILLO;ALTO TRUJILLO;-8.0689532;-79.0201579;Calle s / n / Calle s / n;LOCAL;DISTRITAL;DISTRITAL;0
I-501716;130112;LA LIBERTAD;TRUJILLO;ALTO TRUJILLO;-8.0651471;-79.0071521;Calle s / n / Calle s / n;LOCAL;DISTRITAL;DISTRITAL;0
I-501375;130112;LA LIBERTAD;TRUJILLO;ALTO TRUJILLO;-8.0637567;-79.0074123;Calle s / n / Calle s / n;LOCAL;DISTRITAL;DISTRITAL;0
I-501374;130112;LA LIBERTAD;TRUJILLO;ALTO TRUJILLO;-8.0636761;-79.0069435;Calle s / n / Calle s / n;LOCAL;DISTRITAL;DISTRITAL;0
I-501373;130112;LA LIBERTAD;TRUJILLO;ALTO TRUJILLO;-8.0660049;-79.014364;Calle 5 / Calle s / n;LOCAL;DISTRITAL;DISTRITAL;0
I-501372;130112;LA LIBERTAD;TRUJILLO;ALTO TRUJILLO;-8.0669167;-79.0141728;Calle 9 / Calle s / n;LOCAL;DISTRITAL;DISTRITAL;0
I-501371;130112;LA LIBERTAD;TRUJILLO;ALTO TRUJILLO;-8.0663843;-79.0138128;Calle 57 / Calle s / n;LOCAL;DISTRITAL;DISTRITAL;0
I-501370;130112;LA LIBERTAD;TRUJILLO;ALTO TRUJILLO;-8.066181;-79.0126891;Calle 59 / Calle s / n;LOCAL;DISTRITAL;DISTRITAL;0
I-501369;130112;LA LIBERTAD;TRUJILLO;ALTO TRUJILLO;-8.065809;-79.0132991;Calle 5 / Calle s / n;LOCAL;DISTRITAL;DISTRITAL;0
I-501368;130112;LA LIBERTAD;TRUJILLO;ALTO TRUJILLO;-8.0651926;-79.014968;Calle 55 / Calle s / n;LOCAL;DISTRITAL;DISTRITAL;0
I-501367;130112;LA LIBERTAD;TRUJILLO;ALTO TRUJILLO;-8.0650054;-79.0140795;Calle 57 / Calle s / n;LOCAL;DISTRITAL;DISTRITAL;0
I-501366;130112;LA LIBERTAD;TRUJILLO;ALTO TRUJILLO;-8.0648886;-79.0134938;Calle s / n / Calle s / n;LOCAL;DISTRITAL;DISTRITAL;0
I-71656;140206;LAMBAYEQUE;FERREÑAFE;PUEBLO NUEVO;-6.6439591;-79.7949886;Avenida Tacna / Calle Miraflores;VECINAL;PROVINCIAL;DISTRITAL;0
I-766923;140206;LAMBAYEQUE;FERREÑAFE;PUEBLO NUEVO;-6.6309338;-79.8021254;Calle s / n / Calle s / n;LOCAL;DISTRITAL;DISTRITAL;0
I-766921;140206;LAMBAYEQUE;FERREÑAFE;PUEBLO NUEVO;-6.6310374;-79.8025134;Calle s / n / Calle s / n;LOCAL;DISTRITAL;DISTRITAL;0
I-755465;140206;LAMBAYEQUE;FERREÑAFE;PUEBLO NUEVO;-6.639104;-79.7940089;Calle Arica / Calle Miguel Pasco;LOCAL;DISTRITAL;DISTRITAL;0
I-755464;140206;LAMBAYEQUE;FERREÑAFE;PUEBLO NUEVO;-6.6392945;-79.7932663;Calle Miguel Pasco / Prolongación Avenida Tacna;VECINAL;PROVINCIAL;DISTRITAL;0
I-755461;140206;LAMBAYEQUE;FERREÑAFE;PUEBLO NUEVO;-6.6406395;-79.7955222;Calle Augusto Bernardino Leguía / Calle Juan Manuel Arenas;LOCAL;DISTRITAL;DISTRITAL;0
I-755460;140206;LAMBAYEQUE;FERREÑAFE;PUEBLO NUEVO;-6.641037;-79.7939595;Calle Augusto Bernardino Leguía / Prolongación Avenida Tacna;VECINAL;PROVINCIAL;DISTRITAL;0
I-755458;140206;LAMBAYEQUE;FERREÑAFE;PUEBLO NUEVO;-6.641251;-79.7935921;Avenida Tacna / Calle Augusto Bernardino Leguía;LOCAL;DISTRITAL;DISTRITAL;0
I-741337;140206;LAMBAYEQUE;FERREÑAFE;PUEBLO NUEVO;-6.6397159;-79.8006955;Calle s / n / Calle s / n;LOCAL;DISTRITAL;DISTRITAL;0
I-691672;140206;LAMBAYEQUE;FERREÑAFE;PUEBLO NUEVO;-6.6371025;-79.8114113;Calle s / n / Calle s / n;LOCAL;DISTRITAL;DISTRITAL;0
I-783999;140206;LAMBAYEQUE;FERREÑAFE;PUEBLO NUEVO;-6.642041;-79.8073972;Calle s / n / Calle s / n;LOCAL;DISTRITAL;DISTRITAL;0
I-691669;140206;LAMBAYEQUE;FERREÑAFE;PUEBLO NUEVO;-6.6366152;-79.816504;Calle s / n / Calle s / n;LOCAL;DISTRITAL;DISTRITAL;0
I-22341;020606;ANCASH;CARHUAZ;MARCARA;-9.3216365;-77.6034097;Jirón Amargura / Jirón Ramon Castilla;LOCAL;DISTRITAL;DISTRITAL;0
I-339155;020606;ANCASH;CARHUAZ;MARCARA;-9.3258239;-77.6408921;Calle s / n / Calle s / n;VECINAL;PROVINCIAL;DISTRITAL;0
I-384191;020606;ANCASH;CARHUAZ;MARCARA;-9.3385988;-77.5792165;Calle s / n / Calle s / n;VECINAL;PROVINCIAL;DISTRITAL;0
I-384188;020606;ANCASH;CARHUAZ;MARCARA;-9.3350557;-77.5899719;Calle s / n / Calle s / n;VECINAL;PROVINCIAL;DISTRITAL;0
I-384187;020606;ANCASH;CARHUAZ;MARCARA;-9.3369784;-77.5877776;Calle s / n / Calle s / n;VECINAL;PROVINCIAL;DISTRITAL;0
I-44850;021803;ANCASH;SANTA;COISHCO;-9.0291184;-78.6177268;Calle Coishco / Pasaje Cerro Rocoso;LOCAL;DISTRITAL;DISTRITAL;0
I-299393;021803;ANCASH;SANTA;COISHCO;-9.0224445;-78.6133025;Antigua Panamericana Norte / Calle Alfonso Ugarte;VECINAL;PROVINCIAL;DISTRITAL;0
I-642284;021803;ANCASH;SANTA;COISHCO;-9.0203031;-78.608014;Calle s / n / Calle s / n;LOCAL;DISTRITAL;DISTRITAL;0
I-642283;021803;ANCASH;SANTA;COISHCO;-9.0202216;-78.6075713;Calle s / n / Calle s / n;LOCAL;DISTRITAL;DISTRITAL;0
I-642281;021803;ANCASH;SANTA;COISHCO;-9.0208879;-78.6075929;Calle s / n / Calle s / n;LOCAL;DISTRITAL;DISTRITAL;0
I-140823;030213;APURIMAC;ANDAHUAYLAS;SAN JERONIMO;-13.6515737;-73.3702751;Avenida Bolognesi / Calle s / n;LOCAL;DISTRITAL;DISTRITAL;0
I-541380;030213;APURIMAC;ANDAHUAYLAS;SAN JERONIMO;-13.6823811;-73.2716713;Calle s / n / Calle s / n;LOCAL;DISTRITAL;DISTRITAL;0
I-541382;030213;APURIMAC;ANDAHUAYLAS;SAN JERONIMO;-13.6834865;-73.2677647;Calle s / n / Calle s / n;LOCAL;DISTRITAL;DISTRITAL;0
I-541391;030213;APURIMAC;ANDAHUAYLAS;SAN JERONIMO;-13.6897002;-73.2943064;Calle s / n / Calle s / n;LOCAL;DISTRITAL;DISTRITAL;0
I-541395;030213;APURIMAC;ANDAHUAYLAS;SAN JERONIMO;-13.6776191;-73.2874683;Calle s / n / Calle s / n;LOCAL;DISTRITAL;DISTRITAL;0
I-222143;030602;APURIMAC;CHINCHEROS;ANCO_HUALLO;-13.5328357;-73.676746;Avenida Ramón Castilla / Jirón Tupac Amaru;LOCAL;DISTRITAL;DISTRITAL;0
I-250316;030602;APURIMAC;CHINCHEROS;ANCO_HUALLO;-13.5355736;-73.6776013;Avenida 28 de Julio / Jirón Cahuide;LOCAL;DISTRITAL;DISTRITAL;0
I-250318;030602;APURIMAC;CHINCHEROS;ANCO_HUALLO;-13.5318732;-73.679408;Avenida José María Arguedas / Avenida Simón Bolívar;LOCAL;DISTRITAL;DISTRITAL;0
I-250319;030602;APURIMAC;CHINCHEROS;ANCO_HUALLO;-13.5339512;-73.6869008;Avenida Los Claveles / Avenida los Rosales;LOCAL;DISTRITAL;DISTRITAL;0
I-250320;030602;APURIMAC;CHINCHEROS;ANCO_HUALLO;-13.5299647;-73.674009;Avenida Andrés Avelino Cáceres / Avenida La Cultura / Avenida Ricardo Palma;VECINAL;PROVINCIAL;DISTRITAL;1
I-75595;040105;AREQUIPA;AREQUIPA;CHARACATO;-16.4848399;-71.5029131;Calle s / n / Calle s / n;LOCAL;DISTRITAL;DISTRITAL;0
I-472960;040105;AREQUIPA;AREQUIPA;CHARACATO;-16.4724584;-71.503728;Calle s / n / Calle s / n;LOCAL;DISTRITAL;DISTRITAL;0
I-462770;040105;AREQUIPA;AREQUIPA;CHARACATO;-16.4701342;-71.4899775;Calle s / n / Calle s / n;LOCAL;DISTRITAL;DISTRITAL;0
I-462771;040105;AREQUIPA;AREQUIPA;CHARACATO;-16.4677537;-71.4930148;Calle s / n / Calle s / n;LOCAL;DISTRITAL;DISTRITAL;0
I-462772;040105;AREQUIPA;AREQUIPA;CHARACATO;-16.4678128;-71.4940407;Calle s / n / Calle s / n;LOCAL;DISTRITAL;DISTRITAL;0
I-74968;040117;AREQUIPA;AREQUIPA;SACHACA;-16.4052146;-71.5700214;Calle s / n / Calle s / n;LOCAL;DISTRITAL;DISTRITAL;0
I-478106;040117;AREQUIPA;AREQUIPA;SACHACA;-16.4149631;-71.5832627;Calle La Florida / Calle s / n;LOCAL;DISTRITAL;DISTRITAL;0
I-476754;040117;AREQUIPA;AREQUIPA;SACHACA;-16.4405351;-71.5830866;Calle s / n / Calle s / n;LOCAL;DISTRITAL;DISTRITAL;0
I-476865;040117;AREQUIPA;AREQUIPA;SACHACA;-16.4355772;-71.5809496;Calle s / n / Calle s / n;LOCAL;DISTRITAL;DISTRITAL;0
I-476868;040117;AREQUIPA;AREQUIPA;SACHACA;-16.4344541;-71.5822778;Calle s / n / Calle s / n;LOCAL;DISTRITAL;DISTRITAL;0
I-186375;040208;AREQUIPA;CAMANA;SAMUEL PASTOR;-16.6136775;-72.7057091;Avenida 3 de Noviembre / Calle s / n;VECINAL;PROVINCIAL;DISTRITAL;0
I-547762;040208;AREQUIPA;CAMANA;SAMUEL PASTOR;-16.6555871;-72.6576212;Calle s / n / Calle s / n;LOCAL;DISTRITAL;DISTRITAL;0
I-558634;040208;AREQUIPA;CAMANA;SAMUEL PASTOR;-16.611044;-72.7054529;Calle s / n / Calle s / n;LOCAL;DISTRITAL;DISTRITAL;0
I-547783;040208;AREQUIPA;CAMANA;SAMUEL PASTOR;-16.651367;-72.6854723;Calle Atlanta / Calle s / n;LOCAL;DISTRITAL;DISTRITAL;0
I-547782;040208;AREQUIPA;CAMANA;SAMUEL PASTOR;-16.6505415;-72.6856006;Calle Atlanta / Calle s / n;LOCAL;DISTRITAL;DISTRITAL;0
I-196142;040701;AREQUIPA;ISLAY;MOLLENDO;-17.017372;-72.0041553;Calle Francisco Pizarro / Vía de Evitamiento;VECINAL;PROVINCIAL;PROVINCIAL;0
I-529991;040701;AREQUIPA;ISLAY;MOLLENDO;-16.6989783;-71.9069659;Calle s / n / Calle s / n;LOCAL;DISTRITAL;PROVINCIAL;0
I-558816;040701;AREQUIPA;ISLAY;MOLLENDO;-17.0050594;-72.0311741;Calle s / n / Calle s / n;LOCAL;DISTRITAL;PROVINCIAL;0
I-558814;040701;AREQUIPA;ISLAY;MOLLENDO;-17.0039245;-72.0302733;Carretera Matarani - Mollendo / Calle s / n;LOCAL;DISTRITAL;PROVINCIAL;0
I-558813;040701;AREQUIPA;ISLAY;MOLLENDO;-17.0102632;-72.02343;Calle s / n / Calle s / n;VECINAL;PROVINCIAL;PROVINCIAL;0
I-32271;040702;AREQUIPA;ISLAY;COCACHACRA;-16.9445199;-71.7855937;camino a Naradavan / Calle s / n;LOCAL;DISTRITAL;DISTRITAL;0
I-368174;040702;AREQUIPA;ISLAY;COCACHACRA;-16.9866615;-71.6258115;Calle s / n / Calle s / n;LOCAL;DISTRITAL;DISTRITAL;0
I-368156;040702;AREQUIPA;ISLAY;COCACHACRA;-17.0056447;-71.6384021;Calle s / n / Calle s / n;LOCAL;DISTRITAL;DISTRITAL;0
I-368159;040702;AREQUIPA;ISLAY;COCACHACRA;-17.0669477;-71.7163192;Calle s / n / Calle s / n;VECINAL;PROVINCIAL;DISTRITAL;0
I-368160;040702;AREQUIPA;ISLAY;COCACHACRA;-17.0664276;-71.7164195;Calle s / n / Calle s / n;VECINAL;PROVINCIAL;DISTRITAL;0
I-131097;050116;AYACUCHO;HUAMANGA;ANDRES AVELINO CACERES DORREGARAY;-13.1653019;-74.2133251;Avenida Aviación / Jirón Tupac Amaru;LOCAL;DISTRITAL;DISTRITAL;0
I-284867;050116;AYACUCHO;HUAMANGA;ANDRES AVELINO CACERES DORREGARAY;-13.1451235;-74.1948388;Calle s / n / Calle s / n;LOCAL;DISTRITAL;DISTRITAL;0
I-283903;050116;AYACUCHO;HUAMANGA;ANDRES AVELINO CACERES DORREGARAY;-13.1418276;-74.190996;Calle s / n / Calle s / n;VECINAL;PROVINCIAL;DISTRITAL;0
I-283904;050116;AYACUCHO;HUAMANGA;ANDRES AVELINO CACERES DORREGARAY;-13.1448897;-74.1923288;Calle s / n / Calle s / n;VECINAL;PROVINCIAL;DISTRITAL;0
I-283906;050116;AYACUCHO;HUAMANGA;ANDRES AVELINO CACERES DORREGARAY;-13.1489812;-74.1935572;Calle s / n / Calle s / n;VECINAL;PROVINCIAL;DISTRITAL;0
I-293872;050507;AYACUCHO;LA MAR;SANTA ROSA;-12.6873214;-73.7376556;Jirón 2 De Mayo / Jirón Ayacucho;LOCAL;DISTRITAL;DISTRITAL;0
I-293873;050507;AYACUCHO;LA MAR;SANTA ROSA;-12.685068;-73.7401799;Jirón Ayacucho / Jirón Las Palmas;LOCAL;DISTRITAL;DISTRITAL;0
I-325832;050507;AYACUCHO;LA MAR;SANTA ROSA;-12.6705011;-73.8010749;Calle s / n / Calle s / n;VECINAL;PROVINCIAL;DISTRITAL;0
I-325829;050507;AYACUCHO;LA MAR;SANTA ROSA;-12.6588857;-73.7203096;Calle s / n / Calle s / n;LOCAL;DISTRITAL;DISTRITAL;0
I-325824;050507;AYACUCHO;LA MAR;SANTA ROSA;-12.655621;-73.7389858;Calle s / n / Calle s / n;LOCAL;DISTRITAL;DISTRITAL;0
I-235744;060417;CAJAMARCA;CHOTA;TACABAMBA;-6.391814;-78.6087365;Jirón Porvenir / Calle s / n;VECINAL;PROVINCIAL;DISTRITAL;0
I-242263;060417;CAJAMARCA;CHOTA;TACABAMBA;-6.4289134;-78.4836074;Calle s / n / Calle s / n;VECINAL;PROVINCIAL;DISTRITAL;0
I-242258;060417;CAJAMARCA;CHOTA;TACABAMBA;-6.4279999;-78.4813056;Calle s / n / Calle s / n;LOCAL;DISTRITAL;DISTRITAL;0
I-242257;060417;CAJAMARCA;CHOTA;TACABAMBA;-6.4271674;-78.4837674;Calle s / n / Calle s / n;LOCAL;DISTRITAL;DISTRITAL;0
I-242256;060417;CAJAMARCA;CHOTA;TACABAMBA;-6.428852;-78.4820541;Calle s / n / Calle s / n;LOCAL;DISTRITAL;DISTRITAL;0
I-168356;060701;CAJAMARCA;HUALGAYOC;BAMBAMARCA;-6.6874808;-78.5247039;Jirón 28 de Julio / Jirón Pencaspampa;VECINAL;PROVINCIAL;PROVINCIAL;0
I-664690;060701;CAJAMARCA;HUALGAYOC;BAMBAMARCA;-6.6274695;-78.5366712;Calle s / n / Calle s / n;LOCAL;DISTRITAL;PROVINCIAL;0
I-664987;060701;CAJAMARCA;HUALGAYOC;BAMBAMARCA;-6.6416546;-78.5524855;Calle s / n / Calle s / n;LOCAL;DISTRITAL;PROVINCIAL;0
I-664988;060701;CAJAMARCA;HUALGAYOC;BAMBAMARCA;-6.6435732;-78.5519426;Calle s / n / Calle s / n;LOCAL;DISTRITAL;PROVINCIAL;0
I-664989;060701;CAJAMARCA;HUALGAYOC;BAMBAMARCA;-6.6426568;-78.5501847;Calle s / n / Calle s / n;LOCAL;DISTRITAL;PROVINCIAL;0
I-289440;060802;CAJAMARCA;JAEN;BELLAVISTA;-5.5822146;-78.7790387;Calle s / n / Calle s / n;LOCAL;DISTRITAL;DISTRITAL;0
I-617001;060802;CAJAMARCA;JAEN;BELLAVISTA;-5.6860857;-78.7628397;Calle s / n / Calle s / n;LOCAL;DISTRITAL;DISTRITAL;0
I-624573;060802;CAJAMARCA;JAEN;BELLAVISTA;-5.5104802;-78.6247403;Calle s / n / Calle s / n;LOCAL;DISTRITAL;DISTRITAL;0
I-624574;060802;CAJAMARCA;JAEN;BELLAVISTA;-5.5098535;-78.6244996;Calle s / n / Calle s / n;LOCAL;DISTRITAL;DISTRITAL;0
I-624576;060802;CAJAMARCA;JAEN;BELLAVISTA;-5.5093562;-78.6257721;Calle s / n / Calle s / n;LOCAL;DISTRITAL;DISTRITAL;0
I-221578;060807;CAJAMARCA;JAEN;POMAHUACA;-5.9105496;-79.3305097;Calle s / n / Calle s / n;LOCAL;DISTRITAL;DISTRITAL;0
I-757077;060807;CAJAMARCA;JAEN;POMAHUACA;-5.9193687;-79.3189609;Calle s / n / Calle s / n;LOCAL;DISTRITAL;DISTRITAL;0
I-682423;060807;CAJAMARCA;JAEN;POMAHUACA;-5.8755106;-79.1619337;Calle s / n / Calle s / n;LOCAL;DISTRITAL;DISTRITAL;0
I-734521;060807;CAJAMARCA;JAEN;POMAHUACA;-5.7266592;-79.045051;Calle s / n / Calle s / n;LOCAL;DISTRITAL;DISTRITAL;0
I-748694;060807;CAJAMARCA;JAEN;POMAHUACA;-5.7253702;-79.0524288;Calle s / n / Calle s / n;VECINAL;PROVINCIAL;DISTRITAL;0
I-6202;070104;CALLAO;CALLAO;LA PERLA;-12.077664;-77.1136493;Avenida Costanera / Avenida Víctor Raúl Haya de la Torre;LOCAL;DISTRITAL;DISTRITAL;0
I-301349;070104;CALLAO;CALLAO;LA PERLA;-12.075876;-77.1143102;Avenida La Paz / Calle s / n;LOCAL;DISTRITAL;DISTRITAL;0
I-18667;070104;CALLAO;CALLAO;LA PERLA;-12.0684247;-77.1320316;Jirón Huascar / Calle s / n;LOCAL;DISTRITAL;DISTRITAL;0
I-18669;070104;CALLAO;CALLAO;LA PERLA;-12.0695142;-77.1317221;Avenida La Paz / Jirón Francisco Bolognesi;LOCAL;DISTRITAL;DISTRITAL;0
I-18670;070104;CALLAO;CALLAO;LA PERLA;-12.069187;-77.1326322;Avenida La Paz / Jirón Víctor Fajardo;LOCAL;DISTRITAL;DISTRITAL;0
I-14929;080701;CUSCO;CHUMBIVILCAS;SANTO TOMAS;-14.6069793;-72.3025216;Calle s / n / Calle s / n;LOCAL;DISTRITAL;PROVINCIAL;0
I-602096;080701;CUSCO;CHUMBIVILCAS;SANTO TOMAS;-14.5940268;-72.0422814;Calle s / n / Calle s / n;LOCAL;DISTRITAL;PROVINCIAL;0
I-602088;080701;CUSCO;CHUMBIVILCAS;SANTO TOMAS;-14.5953828;-72.0483782;Calle s / n / Calle s / n;LOCAL;DISTRITAL;PROVINCIAL;0
I-602087;080701;CUSCO;CHUMBIVILCAS;SANTO TOMAS;-14.5948665;-72.0468753;Calle s / n / Calle s / n;LOCAL;DISTRITAL;PROVINCIAL;0
I-602072;080701;CUSCO;CHUMBIVILCAS;SANTO TOMAS;-14.6260555;-72.2912754;Calle s / n / Calle s / n;LOCAL;DISTRITAL;PROVINCIAL;0
I-197188;080902;CUSCO;LA CONVENCION;ECHARATE;-12.9840853;-72.9743861;Calle s / n / Calle s / n;LOCAL;DISTRITAL;DISTRITAL;0
I-617485;080902;CUSCO;LA CONVENCION;ECHARATE;-12.4762859;-72.9493122;Calle s / n / Calle s / n;LOCAL;DISTRITAL;DISTRITAL;0
I-617508;080902;CUSCO;LA CONVENCION;ECHARATE;-12.3761178;-72.8951888;Calle s / n / Calle s / n;LOCAL;DISTRITAL;DISTRITAL;0
I-617506;080902;CUSCO;LA CONVENCION;ECHARATE;-12.4797148;-72.879457;Calle s / n / Calle s / n;LOCAL;DISTRITAL;DISTRITAL;0
I-617505;080902;CUSCO;LA CONVENCION;ECHARATE;-12.3712048;-72.8961266;Calle s / n / Calle s / n;LOCAL;DISTRITAL;DISTRITAL;0
I-211142;080906;CUSCO;LA CONVENCION;QUELLOUNO;-12.6407985;-72.6434852;Calle s / n / Calle s / n;VECINAL;PROVINCIAL;DISTRITAL;0
I-352949;080906;CUSCO;LA CONVENCION;QUELLOUNO;-12.5085234;-72.2644984;Calle s / n / Calle s / n;LOCAL;DISTRITAL;DISTRITAL;0
I-352941;080906;CUSCO;LA CONVENCION;QUELLOUNO;-12.4356298;-72.3970239;Calle s / n / Calle s / n;VECINAL;PROVINCIAL;DISTRITAL;0
I-352942;080906;CUSCO;LA CONVENCION;QUELLOUNO;-12.4282943;-72.3907828;Calle s / n / Calle s / n;VECINAL;PROVINCIAL;DISTRITAL;0
I-352943;080906;CUSCO;LA CONVENCION;QUELLOUNO;-12.4770807;-72.3106231;Calle s / n / Calle s / n;LOCAL;DISTRITAL;DISTRITAL;0
I-207977;081103;CUSCO;PAUCARTAMBO;CHALLABAMBA;-13.0054698;-71.8286697;Calle s / n / Calle s / n;VECINAL;PROVINCIAL;DISTRITAL;0
I-610580;081103;CUSCO;PAUCARTAMBO;CHALLABAMBA;-13.3055537;-71.7272064;Calle s / n / Calle s / n;LOCAL;DISTRITAL;DISTRITAL;0
I-610583;081103;CUSCO;PAUCARTAMBO;CHALLABAMBA;-13.3056714;-71.7264778;Calle s / n / Calle s / n;LOCAL;DISTRITAL;DISTRITAL;0
I-610586;081103;CUSCO;PAUCARTAMBO;CHALLABAMBA;-13.3078736;-71.7193951;Calle s / n / Calle s / n;LOCAL;DISTRITAL;DISTRITAL;0
I-610589;081103;CUSCO;PAUCARTAMBO;CHALLABAMBA;-13.3110645;-71.7210464;Calle s / n / Calle s / n;LOCAL;DISTRITAL;DISTRITAL;0
I-1711;081301;CUSCO;URUBAMBA;URUBAMBA;-13.3085104;-72.1144992;Avenida La Convención / Avenida Mariscal Castilla;VECINAL;PROVINCIAL;PROVINCIAL;0
I-205893;081301;CUSCO;URUBAMBA;URUBAMBA;-13.2697971;-72.1837484;Calle Túpac Amaru / Calle s / n;LOCAL;DISTRITAL;PROVINCIAL;0
I-205885;081301;CUSCO;URUBAMBA;URUBAMBA;-13.3060729;-72.1118828;Calle Santa Clara / Calle s / n;LOCAL;DISTRITAL;PROVINCIAL;0
I-205886;081301;CUSCO;URUBAMBA;URUBAMBA;-13.3064986;-72.1093469;Calle Pacacalle / Calle s / n;VECINAL;PROVINCIAL;PROVINCIAL;0
I-205887;081301;CUSCO;URUBAMBA;URUBAMBA;-13.3069668;-72.1108465;Calle s / n / Calle s / n;LOCAL;DISTRITAL;PROVINCIAL;0
I-2407;081306;CUSCO;URUBAMBA;OLLANTAYTAMBO;-13.2567209;-72.2625538;Calle Q'oya Rumiyoq / Calle del Costado;LOCAL;DISTRITAL;DISTRITAL;0
I-333628;081306;CUSCO;URUBAMBA;OLLANTAYTAMBO;-13.2085689;-72.3830445;Calle s / n / Calle s / n;VECINAL;PROVINCIAL;DISTRITAL;0
I-315937;081306;CUSCO;URUBAMBA;OLLANTAYTAMBO;-13.2252345;-72.3131669;Calle s / n / Calle s / n;LOCAL;DISTRITAL;DISTRITAL;0
I-315938;081306;CUSCO;URUBAMBA;OLLANTAYTAMBO;-13.2250987;-72.3134566;Calle s / n / Calle s / n;LOCAL;DISTRITAL;DISTRITAL;0
I-324748;081306;CUSCO;URUBAMBA;OLLANTAYTAMBO;-13.2486851;-72.2615047;Calle s / n / Calle s / n;LOCAL;DISTRITAL;DISTRITAL;0
I-222827;100102;HUANUCO;HUANUCO;AMARILIS;-9.9405329;-76.2478973;Avenida Los Laureles / Jirón Las Cucardas;LOCAL;DISTRITAL;DISTRITAL;0
I-577738;100102;HUANUCO;HUANUCO;AMARILIS;-9.9131681;-76.2262306;Avenida Los Sauces / Calle s / n;LOCAL;DISTRITAL;DISTRITAL;0
I-540161;100102;HUANUCO;HUANUCO;AMARILIS;-9.9390613;-76.2455846;Avenida Los Laureles / Jirón Los Claveles;LOCAL;DISTRITAL;DISTRITAL;0
I-540160;100102;HUANUCO;HUANUCO;AMARILIS;-9.9395114;-76.2464558;Avenida Los Laureles / Jirón Las Gardenias;LOCAL;DISTRITAL;DISTRITAL;0
I-540158;100102;HUANUCO;HUANUCO;AMARILIS;-9.9400484;-76.2472593;Avenida Los Laureles / Jirón Los Mirlos;LOCAL;DISTRITAL;DISTRITAL;0
I-62400;110110;ICA;ICA;SAN JUAN BAUTISTA;-14.0300809;-75.7368251;Calle s / n / Calle s / n;VECINAL;PROVINCIAL;DISTRITAL;0
I-595264;110110;ICA;ICA;SAN JUAN BAUTISTA;-13.998645;-75.7330906;Calle s / n / Calle s / n;LOCAL;DISTRITAL;DISTRITAL;0
I-595262;110110;ICA;ICA;SAN JUAN BAUTISTA;-13.9999109;-75.7307835;Calle s / n / Calle s / n;LOCAL;DISTRITAL;DISTRITAL;0
I-595261;110110;ICA;ICA;SAN JUAN BAUTISTA;-13.9987143;-75.7327338;Calle s / n / Calle s / n;LOCAL;DISTRITAL;DISTRITAL;0
I-595259;110110;ICA;ICA;SAN JUAN BAUTISTA;-13.9952389;-75.7338805;Calle s / n / Calle s / n;LOCAL;DISTRITAL;DISTRITAL;0
I-62242;110112;ICA;ICA;SUBTANJALLA;-14.0197259;-75.7558221;Avenida San Martín / Calle Ica;LOCAL;DISTRITAL;DISTRITAL;0
I-591694;110112;ICA;ICA;SUBTANJALLA;-14.0298012;-75.7728316;Calle s / n / Calle s / n;LOCAL;DISTRITAL;DISTRITAL;0
I-591666;110112;ICA;ICA;SUBTANJALLA;-14.0406874;-75.770109;Calle s / n / Calle s / n;LOCAL;DISTRITAL;DISTRITAL;0
I-591667;110112;ICA;ICA;SUBTANJALLA;-14.0398247;-75.7716817;Calle s / n / Calle s / n;LOCAL;DISTRITAL;DISTRITAL;0
I-591668;110112;ICA;ICA;SUBTANJALLA;-14.0393479;-75.7711945;Calle s / n / Calle s / n;LOCAL;DISTRITAL;DISTRITAL;0
I-60082;110201;ICA;CHINCHA;CHINCHA ALTA;-13.4254469;-76.1261469;Jirón Los Sauces / Calle s / n;LOCAL;DISTRITAL;PROVINCIAL;0
I-511524;110201;ICA;CHINCHA;CHINCHA ALTA;-13.4000289;-76.0998421;Calle s / n / Calle s / n;LOCAL;DISTRITAL;PROVINCIAL;0
I-511522;110201;ICA;CHINCHA;CHINCHA ALTA;-13.3972132;-76.101162;Calle s / n / Calle s / n;LOCAL;DISTRITAL;PROVINCIAL;0
I-511521;110201;ICA;CHINCHA;CHINCHA ALTA;-13.3981309;-76.1007929;Calle s / n / Calle s / n;LOCAL;DISTRITAL;PROVINCIAL;0
I-511520;110201;ICA;CHINCHA;CHINCHA ALTA;-13.3992682;-76.1008064;Calle s / n / Calle s / n;LOCAL;DISTRITAL;PROVINCIAL;0
I-2603;110301;ICA;NASCA;NASCA;-14.8278578;-74.937415;Jirón Arica / Jirón Bolognesi;LOCAL;DISTRITAL;PROVINCIAL;0
I-358644;110301;ICA;NASCA;NASCA;-14.8271781;-74.9384307;Jirón Callao / Miguel Grau;LOCAL;DISTRITAL;PROVINCIAL;0
I-305740;110301;ICA;NASCA;NASCA;-14.8159535;-75.1044904;Calle s / n / Calle s / n;VECINAL;PROVINCIAL;PROVINCIAL;0
I-305741;110301;ICA;NASCA;NASCA;-14.8163743;-75.1046847;Calle s / n / Calle s / n;VECINAL;PROVINCIAL;PROVINCIAL;0
I-305743;110301;ICA;NASCA;NASCA;-14.8157616;-75.105181;Calle s / n / Calle s / n;VECINAL;PROVINCIAL;PROVINCIAL;0
I-36847;120119;JUNIN;HUANCAYO;HUANCAN;-12.1102579;-75.2051221;Avenida General Cordova / Calle s / n;VECINAL;PROVINCIAL;DISTRITAL;0
I-429866;120119;JUNIN;HUANCAYO;HUANCAN;-12.1135784;-75.2038358;Calle s / n / Calle s / n;LOCAL;DISTRITAL;DISTRITAL;0
I-429868;120119;JUNIN;HUANCAYO;HUANCAN;-12.11077;-75.2050383;Calle s / n / Calle s / n;VECINAL;PROVINCIAL;DISTRITAL;0
I-429879;120119;JUNIN;HUANCAYO;HUANCAN;-12.1061766;-75.202619;Calle s / n / Calle s / n;LOCAL;DISTRITAL;DISTRITAL;0
I-429880;120119;JUNIN;HUANCAYO;HUANCAN;-12.1060888;-75.201868;Calle s / n / Calle s / n;LOCAL;DISTRITAL;DISTRITAL;0
I-207740;120302;JUNIN;CHANCHAMAYO;PERENE;-10.9499854;-75.2255441;Calle s / n / Calle s / n;VECINAL;PROVINCIAL;DISTRITAL;0
I-609186;120302;JUNIN;CHANCHAMAYO;PERENE;-10.9940852;-75.0670172;Calle s / n / Calle s / n;LOCAL;DISTRITAL;DISTRITAL;0
I-609184;120302;JUNIN;CHANCHAMAYO;PERENE;-10.996318;-75.0659356;Calle s / n / Calle s / n;LOCAL;DISTRITAL;DISTRITAL;0
I-609183;120302;JUNIN;CHANCHAMAYO;PERENE;-11.0033025;-75.0685072;Calle s / n / Calle s / n;LOCAL;DISTRITAL;DISTRITAL;0
I-609182;120302;JUNIN;CHANCHAMAYO;PERENE;-10.9962807;-75.0520952;Calle s / n / Calle s / n;VECINAL;PROVINCIAL;DISTRITAL;0
I-5570;120303;JUNIN;CHANCHAMAYO;PICHANAQUI;-10.9244291;-74.8697744;Calle Circunvalación / Jirón Junín;LOCAL;DISTRITAL;DISTRITAL;0
I-615541;120303;JUNIN;CHANCHAMAYO;PICHANAQUI;-10.9212072;-74.7307326;Calle s / n / Calle s / n;VECINAL;PROVINCIAL;DISTRITAL;0
I-615544;120303;JUNIN;CHANCHAMAYO;PICHANAQUI;-10.9173554;-74.7261903;Calle s / n / Calle s / n;VECINAL;PROVINCIAL;DISTRITAL;0
I-615536;120303;JUNIN;CHANCHAMAYO;PICHANAQUI;-10.9364737;-74.7037911;Calle s / n / Calle s / n;VECINAL;PROVINCIAL;DISTRITAL;0
I-615521;120303;JUNIN;CHANCHAMAYO;PICHANAQUI;-11.0085934;-74.6743619;Calle s / n / Calle s / n;LOCAL;DISTRITAL;DISTRITAL;0
I-87712;120905;JUNIN;CHUPACA;HUAMANCACA CHICO;-12.088395;-75.2624846;Calle s / n / Calle s / n;VECINAL;PROVINCIAL;DISTRITAL;0
I-571261;120905;JUNIN;CHUPACA;HUAMANCACA CHICO;-12.0787961;-75.2572931;Calle s / n / Calle s / n;LOCAL;DISTRITAL;DISTRITAL;0
I-571277;120905;JUNIN;CHUPACA;HUAMANCACA CHICO;-12.0781351;-75.2563764;Calle s / n / Calle s / n;LOCAL;DISTRITAL;DISTRITAL;0
I-571276;120905;JUNIN;CHUPACA;HUAMANCACA CHICO;-12.0766637;-75.2566217;Calle s / n / Calle s / n;LOCAL;DISTRITAL;DISTRITAL;0
I-571269;120905;JUNIN;CHUPACA;HUAMANCACA CHICO;-12.0793316;-75.2572001;Calle s / n / Calle s / n;LOCAL;DISTRITAL;DISTRITAL;0
I-6610;130104;LA LIBERTAD;TRUJILLO;HUANCHACO;-8.0896773;-79.0893202;Avenida Ramón Castilla / Calle César Vallejo;VECINAL;PROVINCIAL;DISTRITAL;0
I-585440;130104;LA LIBERTAD;TRUJILLO;HUANCHACO;-8.0742923;-79.1115188;Calle s / n / Calle s / n;LOCAL;DISTRITAL;DISTRITAL;0
I-585444;130104;LA LIBERTAD;TRUJILLO;HUANCHACO;-8.0693916;-79.1182727;Calle s / n / Calle s / n;LOCAL;DISTRITAL;DISTRITAL;0
I-585446;130104;LA LIBERTAD;TRUJILLO;HUANCHACO;-8.0654986;-79.1172432;Avenida Ejército / Calle s / n;LOCAL;DISTRITAL;DISTRITAL;0
I-585447;130104;LA LIBERTAD;TRUJILLO;HUANCHACO;-8.0639923;-79.1149477;Calle s / n / Calle s / n;LOCAL;DISTRITAL;DISTRITAL;0
I-38741;130112;LA LIBERTAD;TRUJILLO;ALTO TRUJILLO;-8.0601206;-79.0113394;Calle 7 / Calle s / n;LOCAL;DISTRITAL;DISTRITAL;0
I-504779;130112;LA LIBERTAD;TRUJILLO;ALTO TRUJILLO;-8.0698671;-79.0297523;Calle 9 / Prolongación Calle Tupac Amaru;LOCAL;DISTRITAL;DISTRITAL;0
I-504832;130112;LA LIBERTAD;TRUJILLO;ALTO TRUJILLO;-8.0633752;-79.0327719;Calle s / n / Calle s / n;LOCAL;DISTRITAL;DISTRITAL;0
I-504831;130112;LA LIBERTAD;TRUJILLO;ALTO TRUJILLO;-8.0622518;-79.0320182;Calle s / n / Calle s / n;LOCAL;DISTRITAL;DISTRITAL;0
I-504828;130112;LA LIBERTAD;TRUJILLO;ALTO TRUJILLO;-8.0649793;-79.0318694;Avenida Dinamarca / Calle s / n;LOCAL;DISTRITAL;DISTRITAL;0
I-201231;130206;LA LIBERTAD;ASCOPE;RAZURI;-7.700389;-79.4379511;Calle s / n / Calle s / n;VECINAL;PROVINCIAL;DISTRITAL;0
I-732535;130206;LA LIBERTAD;ASCOPE;RAZURI;-7.7057374;-79.4310547;Calle s / n / Calle s / n;LOCAL;DISTRITAL;DISTRITAL;0
I-730348;130206;LA LIBERTAD;ASCOPE;RAZURI;-7.7461145;-79.3276811;Calle s / n / Calle s / n;VECINAL;PROVINCIAL;DISTRITAL;0
I-730349;130206;LA LIBERTAD;ASCOPE;RAZURI;-7.7462772;-79.3285418;Calle s / n / Calle s / n;VECINAL;PROVINCIAL;DISTRITAL;0
I-730350;130206;LA LIBERTAD;ASCOPE;RAZURI;-7.7463729;-79.3290406;Calle s / n / Calle s / n;VECINAL;PROVINCIAL;DISTRITAL;0
I-167788;130403;LA LIBERTAD;CHEPEN;PUEBLO NUEVO;-7.2160209;-79.4685638;Carretera Semán / Calle s / n;VECINAL;PROVINCIAL;DISTRITAL;0
I-647345;130403;LA LIBERTAD;CHEPEN;PUEBLO NUEVO;-7.2014816;-79.5153458;Calle s / n / Calle s / n;VECINAL;PROVINCIAL;DISTRITAL;0
I-647347;130403;LA LIBERTAD;CHEPEN;PUEBLO NUEVO;-7.1955477;-79.5121143;Calle s / n / Calle s / n;LOCAL;DISTRITAL;DISTRITAL;0
I-647405;130403;LA LIBERTAD;CHEPEN;PUEBLO NUEVO;-7.2015453;-79.5142407;Calle s / n / Calle s / n;LOCAL;DISTRITAL;DISTRITAL;0
I-669436;130403;LA LIBERTAD;CHEPEN;PUEBLO NUEVO;-7.1655512;-79.5509036;Calle s / n / Calle s / n;LOCAL;DISTRITAL;DISTRITAL;0
I-123511;130701;LA LIBERTAD;PACASMAYO;SAN PEDRO DE LLOC;-7.4369713;-79.5045681;Calle s / n / Calle s / n;VECINAL;PROVINCIAL;PROVINCIAL;0
I-737339;130701;LA LIBERTAD;PACASMAYO;SAN PEDRO DE LLOC;-7.5800696;-79.4143554;Calle s / n / Calle s / n;LOCAL;DISTRITAL;PROVINCIAL;0
I-721205;130701;LA LIBERTAD;PACASMAYO;SAN PEDRO DE LLOC;-7.39325;-79.5082372;Calle s / n / Calle s / n;LOCAL;DISTRITAL;PROVINCIAL;0
I-721206;130701;LA LIBERTAD;PACASMAYO;SAN PEDRO DE LLOC;-7.3931389;-79.5085214;Calle s / n / Calle s / n;LOCAL;DISTRITAL;PROVINCIAL;0
I-721207;130701;LA LIBERTAD;PACASMAYO;SAN PEDRO DE LLOC;-7.3929329;-79.5090484;Calle s / n / Calle s / n;LOCAL;DISTRITAL;PROVINCIAL;0
I-537877;130803;LA LIBERTAD;PATAZ;CHILLIA;-8.1037117;-77.5250901;Calle s / n / Calle s / n;LOCAL;DISTRITAL;DISTRITAL;0
I-649090;130803;LA LIBERTAD;PATAZ;CHILLIA;-8.1069726;-77.6018952;Calle s / n / Calle s / n;LOCAL;DISTRITAL;DISTRITAL;0
I-656497;130803;LA LIBERTAD;PATAZ;CHILLIA;-8.1725465;-77.5239408;Calle s / n / Calle s / n;LOCAL;DISTRITAL;DISTRITAL;0
I-656495;130803;LA LIBERTAD;PATAZ;CHILLIA;-8.1711732;-77.5272263;Calle s / n / Calle s / n;LOCAL;DISTRITAL;DISTRITAL;0
I-649145;130803;LA LIBERTAD;PATAZ;CHILLIA;-8.107306;-77.6019489;Calle s / n / Calle s / n;LOCAL;DISTRITAL;DISTRITAL;0
I-36516;140108;LAMBAYEQUE;CHICLAYO;MONSEFU;-6.8810225;-79.8594709;Calle s / n / Calle s / n;VECINAL;PROVINCIAL;DISTRITAL;0
I-645441;140108;LAMBAYEQUE;CHICLAYO;MONSEFU;-6.8776162;-79.8658325;Calle s / n / Calle s / n;LOCAL;DISTRITAL;DISTRITAL;0
I-645602;140108;LAMBAYEQUE;CHICLAYO;MONSEFU;-6.8670564;-79.8900134;Calle s / n / Calle s / n;VECINAL;PROVINCIAL;DISTRITAL;0
I-645604;140108;LAMBAYEQUE;CHICLAYO;MONSEFU;-6.8664225;-79.8848045;Calle s / n / Calle s / n;VECINAL;PROVINCIAL;DISTRITAL;0
I-645605;140108;LAMBAYEQUE;CHICLAYO;MONSEFU;-6.85918;-79.8868474;Calle s / n / Calle s / n;VECINAL;PROVINCIAL;DISTRITAL;0
I-17424;140112;LAMBAYEQUE;CHICLAYO;PIMENTEL;-6.7596791;-79.857065;Avenida Los Tréboles / Los Mochicas;LOCAL;DISTRITAL;DISTRITAL;0
I-724649;140112;LAMBAYEQUE;CHICLAYO;PIMENTEL;-6.8197773;-79.8947424;Calle s / n / Calle s / n;VECINAL;PROVINCIAL;DISTRITAL;0
I-724656;140112;LAMBAYEQUE;CHICLAYO;PIMENTEL;-6.8208492;-79.8985667;Calle s / n / Calle s / n;LOCAL;DISTRITAL;DISTRITAL;0
I-724655;140112;LAMBAYEQUE;CHICLAYO;PIMENTEL;-6.821318;-79.8985759;Calle s / n / Calle s / n;LOCAL;DISTRITAL;DISTRITAL;0
I-724653;140112;LAMBAYEQUE;CHICLAYO;PIMENTEL;-6.820349;-79.898538;Calle s / n / Calle s / n;LOCAL;DISTRITAL;DISTRITAL;0
I-36583;140113;LAMBAYEQUE;CHICLAYO;REQUE;-6.8648102;-79.8190259;Calle Elías Aguirre / Calle José Balta;LOCAL;DISTRITAL;DISTRITAL;0
I-694799;140113;LAMBAYEQUE;CHICLAYO;REQUE;-6.8897659;-79.7933804;Calle s / n / Calle s / n;LOCAL;DISTRITAL;DISTRITAL;0
I-740583;140113;LAMBAYEQUE;CHICLAYO;REQUE;-6.8684962;-79.8028926;Calle s / n / Calle s / n;LOCAL;DISTRITAL;DISTRITAL;0
I-740584;140113;LAMBAYEQUE;CHICLAYO;REQUE;-6.868404;-79.8031746;Calle s / n / Calle s / n;LOCAL;DISTRITAL;DISTRITAL;0
I-740585;140113;LAMBAYEQUE;CHICLAYO;REQUE;-6.8687644;-79.8020722;Calle s / n / Calle s / n;LOCAL;DISTRITAL;DISTRITAL;0
I-36629;140114;LAMBAYEQUE;CHICLAYO;SANTA ROSA;-6.877911;-79.9220935;Calle Humberto Diaz Arroyo / Jirón Tacna;LOCAL;DISTRITAL;DISTRITAL;0
I-577992;140114;LAMBAYEQUE;CHICLAYO;SANTA ROSA;-6.8831346;-79.9144415;Calle Santa Rosa / Calle s / n;LOCAL;DISTRITAL;DISTRITAL;0
I-578023;140114;LAMBAYEQUE;CHICLAYO;SANTA ROSA;-6.8851574;-79.9130175;Calle s / n / Calle s / n;LOCAL;DISTRITAL;DISTRITAL;0
I-578015;140114;LAMBAYEQUE;CHICLAYO;SANTA ROSA;-6.8860978;-79.9129313;Calle s / n / Calle s / n;LOCAL;DISTRITAL;DISTRITAL;0
I-578012;140114;LAMBAYEQUE;CHICLAYO;SANTA ROSA;-6.8864914;-79.9162122;Calle s / n / Calle s / n;LOCAL;DISTRITAL;DISTRITAL;0
I-7049;140120;LAMBAYEQUE;CHICLAYO;TUMAN;-6.7946816;-79.6875053;Calle s / n / Calle s / n;VECINAL;PROVINCIAL;DISTRITAL;0
I-223619;140120;LAMBAYEQUE;CHICLAYO;TUMAN;-6.7769286;-79.6795671;Calle s / n / Calle s / n;LOCAL;DISTRITAL;DISTRITAL;0
I-223616;140120;LAMBAYEQUE;CHICLAYO;TUMAN;-6.7780531;-79.6796408;Calle s / n / Calle s / n;LOCAL;DISTRITAL;DISTRITAL;0
I-223613;140120;LAMBAYEQUE;CHICLAYO;TUMAN;-6.7941514;-79.6870967;Calle s / n / Calle s / n;LOCAL;DISTRITAL;DISTRITAL;0
I-223612;140120;LAMBAYEQUE;CHICLAYO;TUMAN;-6.7775623;-79.680115;Calle s / n / Calle s / n;LOCAL;DISTRITAL;DISTRITAL;0
I-71916;140206;LAMBAYEQUE;FERREÑAFE;PUEBLO NUEVO;-6.6374051;-79.7935676;Calle Arica / Calle Demetrio Plaza;LOCAL;DISTRITAL;DISTRITAL;0
I-644946;140206;LAMBAYEQUE;FERREÑAFE;PUEBLO NUEVO;-6.6437847;-79.8056236;Calle s / n / Calle s / n;VECINAL;PROVINCIAL;DISTRITAL;0
I-691643;140206;LAMBAYEQUE;FERREÑAFE;PUEBLO NUEVO;-6.6321029;-79.8020551;Calle s / n / Calle s / n;LOCAL;DISTRITAL;DISTRITAL;0
I-691642;140206;LAMBAYEQUE;FERREÑAFE;PUEBLO NUEVO;-6.632006;-79.8024023;Calle s / n / Calle s / n;LOCAL;DISTRITAL;DISTRITAL;0
I-691641;140206;LAMBAYEQUE;FERREÑAFE;PUEBLO NUEVO;-6.6319155;-79.802739;Calle s / n / Calle s / n;LOCAL;DISTRITAL;DISTRITAL;0
I-221814;140307;LAMBAYEQUE;LAMBAYEQUE;MOTUPE;-6.1582337;-79.7202921;Calle Julio Navarrete / Prolongación Progreso;VECINAL;PROVINCIAL;DISTRITAL;0
I-684545;140307;LAMBAYEQUE;LAMBAYEQUE;MOTUPE;-6.3116007;-79.7611808;Calle s / n / Calle s / n;LOCAL;DISTRITAL;DISTRITAL;0
I-645877;140307;LAMBAYEQUE;LAMBAYEQUE;MOTUPE;-6.1149914;-79.7126924;Calle s / n / Calle s / n;LOCAL;DISTRITAL;DISTRITAL;0
I-645878;140307;LAMBAYEQUE;LAMBAYEQUE;MOTUPE;-6.1154034;-79.7141965;Calle s / n / Calle s / n;LOCAL;DISTRITAL;DISTRITAL;0
I-645921;140307;LAMBAYEQUE;LAMBAYEQUE;MOTUPE;-6.2310323;-79.7126502;Calle s / n / Calle s / n;LOCAL;DISTRITAL;DISTRITAL;0
I-91712;150109;LIMA;LIMA;CIENEGUILLA;-12.1003485;-76.7838689;Avenida Malecón Lurín / Calle Wallallo;LOCAL;DISTRITAL;DISTRITAL;0
I-583934;150109;LIMA;LIMA;CIENEGUILLA;-12.0876092;-76.8433122;Calle s / n / Calle s / n;LOCAL;DISTRITAL;DISTRITAL;0
I-583953;150109;LIMA;LIMA;CIENEGUILLA;-12.0863274;-76.84151;Calle s / n / Calle s / n;LOCAL;DISTRITAL;DISTRITAL;0
I-583951;150109;LIMA;LIMA;CIENEGUILLA;-12.0861789;-76.8401168;Calle s / n / Calle s / n;LOCAL;DISTRITAL;DISTRITAL;0
I-583950;150109;LIMA;LIMA;CIENEGUILLA;-12.0862887;-76.8404505;Calle s / n / Calle s / n;LOCAL;DISTRITAL;DISTRITAL;0
I-170484;180101;MOQUEGUA;MARISCAL NIETO;MOQUEGUA;-17.1911811;-70.934362;Avenida Balta / Calle Callao;VECINAL;PROVINCIAL;PROVINCIAL;0
I-444117;180101;MOQUEGUA;MARISCAL NIETO;MOQUEGUA;-17.2088847;-70.9330134;Calle s / n / Calle s / n;LOCAL;DISTRITAL;PROVINCIAL;0
I-444107;180101;MOQUEGUA;MARISCAL NIETO;MOQUEGUA;-17.2095729;-70.9256203;Calle s / n / Calle s / n;LOCAL;DISTRITAL;PROVINCIAL;0
I-444108;180101;MOQUEGUA;MARISCAL NIETO;MOQUEGUA;-17.2092392;-70.925333;Calle s / n / Calle s / n;LOCAL;DISTRITAL;PROVINCIAL;0
I-444109;180101;MOQUEGUA;MARISCAL NIETO;MOQUEGUA;-17.2081944;-70.9243928;Calle s / n / Calle s / n;LOCAL;DISTRITAL;PROVINCIAL;0
I-71023;190101;PASCO;PASCO;CHAUPIMARCA;-10.6864512;-76.2495795;Calle s / n / Calle s / n;LOCAL;DISTRITAL;PROVINCIAL;0
I-144815;190101;PASCO;PASCO;CHAUPIMARCA;-10.6844483;-76.2574508;Jirón Lima / Calle s / n;LOCAL;DISTRITAL;PROVINCIAL;0
I-144805;190101;PASCO;PASCO;CHAUPIMARCA;-10.6884856;-76.2647768;Calle s / n / Calle s / n;LOCAL;DISTRITAL;PROVINCIAL;0
I-144804;190101;PASCO;PASCO;CHAUPIMARCA;-10.6870222;-76.2624065;Avenida Fuerza Minera / Calle s / n;LOCAL;DISTRITAL;PROVINCIAL;0
I-144803;190101;PASCO;PASCO;CHAUPIMARCA;-10.6881848;-76.2637526;Calle s / n / Calle s / n;LOCAL;DISTRITAL;PROVINCIAL;0
I-18233;200105;PIURA;PIURA;CATACAOS;-5.2948695;-80.6818631;Calle s / n / Calle s / n;LOCAL;DISTRITAL;DISTRITAL;0
I-634070;200105;PIURA;PIURA;CATACAOS;-5.2170432;-80.658592;Calle s / n / Calle s / n;LOCAL;DISTRITAL;DISTRITAL;0
I-634013;200105;PIURA;PIURA;CATACAOS;-5.2345373;-80.6643479;Calle s / n / Calle s / n;LOCAL;DISTRITAL;DISTRITAL;0
I-634014;200105;PIURA;PIURA;CATACAOS;-5.2337485;-80.6647221;Calle s / n / Calle s / n;LOCAL;DISTRITAL;DISTRITAL;0
I-634015;200105;PIURA;PIURA;CATACAOS;-5.2375756;-80.6621683;Calle s / n / Calle s / n;LOCAL;DISTRITAL;DISTRITAL;0
I-262959;200202;PIURA;AYABACA;FRIAS;-4.9292403;-79.949783;Calle s / n / Calle s / n;VECINAL;PROVINCIAL;DISTRITAL;0
I-678598;200202;PIURA;AYABACA;FRIAS;-4.9915359;-79.9685222;Calle s / n / Calle s / n;VECINAL;PROVINCIAL;DISTRITAL;0
I-519906;200202;PIURA;AYABACA;FRIAS;-4.9032958;-79.972841;Calle s / n / Calle s / n;VECINAL;PROVINCIAL;DISTRITAL;0
I-519907;200202;PIURA;AYABACA;FRIAS;-4.9301828;-79.8940337;Calle s / n / Calle s / n;VECINAL;PROVINCIAL;DISTRITAL;0
I-657679;200202;PIURA;AYABACA;FRIAS;-4.9313469;-79.9454847;Calle s / n / Calle s / n;LOCAL;DISTRITAL;DISTRITAL;0
I-9266;200701;PIURA;TALARA;PARIÑAS;-4.5649311;-81.2183989;Calle s / n / Calle s / n;VECINAL;PROVINCIAL;PROVINCIAL;0
I-412409;200701;PIURA;TALARA;PARIÑAS;-4.5891018;-81.2598459;Calle s / n / Calle s / n;LOCAL;DISTRITAL;PROVINCIAL;0
I-412425;200701;PIURA;TALARA;PARIÑAS;-4.6005644;-81.2587416;Calle s / n / Calle s / n;LOCAL;DISTRITAL;PROVINCIAL;0
I-412424;200701;PIURA;TALARA;PARIÑAS;-4.600615;-81.2583834;Calle s / n / Calle s / n;LOCAL;DISTRITAL;PROVINCIAL;0
I-412423;200701;PIURA;TALARA;PARIÑAS;-4.5919955;-81.2573772;Avenida Z / Calle 2;LOCAL;DISTRITAL;PROVINCIAL;0
I-18456;200706;PIURA;TALARA;MANCORA;-4.1145653;-81.0786769;Calle s / n / Calle s / n;VECINAL;PROVINCIAL;DISTRITAL;0
I-230161;200706;PIURA;TALARA;MANCORA;-4.1085656;-81.0499975;Calle John F. Kennedy / Calle Micaela Bastidas;LOCAL;DISTRITAL;DISTRITAL;0
I-230131;200706;PIURA;TALARA;MANCORA;-4.1010707;-81.0433699;Calle s / n / Calle s / n;LOCAL;DISTRITAL;DISTRITAL;0
I-230133;200706;PIURA;TALARA;MANCORA;-4.1098209;-81.0487201;Calle Jorge Chávez / Calle San Martín;LOCAL;DISTRITAL;DISTRITAL;0
I-230135;200706;PIURA;TALARA;MANCORA;-4.1067899;-81.0392042;Calle s / n / Calle s / n;LOCAL;DISTRITAL;DISTRITAL;0
I-178381;210102;PUNO;PUNO;ACORA;-16.1610695;-69.7215772;Calle s / n / Calle s / n;VECINAL;PROVINCIAL;DISTRITAL;0
I-547249;210102;PUNO;PUNO;ACORA;-16.0375951;-69.6990617;Calle s / n / Calle s / n;LOCAL;DISTRITAL;DISTRITAL;0
I-547212;210102;PUNO;PUNO;ACORA;-16.1742262;-69.7266893;Calle s / n / Calle s / n;LOCAL;DISTRITAL;DISTRITAL;0
I-547213;210102;PUNO;PUNO;ACORA;-16.1739154;-69.7273117;Calle s / n / Calle s / n;LOCAL;DISTRITAL;DISTRITAL;0
I-547235;210102;PUNO;PUNO;ACORA;-16.122332;-69.7126212;Calle s / n / Calle s / n;LOCAL;DISTRITAL;DISTRITAL;0
I-188397;210301;PUNO;CARABAYA;MACUSANI;-14.0693633;-70.4322359;Jirón Alfonso Ugarte / Jirón Inambari;LOCAL;DISTRITAL;PROVINCIAL;0
I-224197;210301;PUNO;CARABAYA;MACUSANI;-13.9920277;-70.4592319;Calle s / n / Calle s / n;VECINAL;PROVINCIAL;PROVINCIAL;0
I-265097;210301;PUNO;CARABAYA;MACUSANI;-13.9410329;-70.5028401;Calle s / n / Calle s / n;LOCAL;DISTRITAL;PROVINCIAL;0
I-265096;210301;PUNO;CARABAYA;MACUSANI;-13.9268294;-70.5126784;Calle s / n / Calle s / n;LOCAL;DISTRITAL;PROVINCIAL;0
I-265086;210301;PUNO;CARABAYA;MACUSANI;-13.9226133;-70.5140101;Calle s / n / Calle s / n;LOCAL;DISTRITAL;PROVINCIAL;0
I-198548;210607;PUNO;HUANCANE;TARACO;-15.2957724;-69.9967575;Calle s / n / Calle s / n;VECINAL;PROVINCIAL;DISTRITAL;0
I-556566;210607;PUNO;HUANCANE;TARACO;-15.3235273;-69.9583648;Calle s / n / Calle s / n;VECINAL;PROVINCIAL;DISTRITAL;0
I-556561;210607;PUNO;HUANCANE;TARACO;-15.3253359;-69.9571738;Calle s / n / Calle s / n;VECINAL;PROVINCIAL;DISTRITAL;0
I-556562;210607;PUNO;HUANCANE;TARACO;-15.3175393;-69.9639019;Calle s / n / Calle s / n;VECINAL;PROVINCIAL;DISTRITAL;0
I-556563;210607;PUNO;HUANCANE;TARACO;-15.3158637;-69.965287;Calle s / n / Calle s / n;VECINAL;PROVINCIAL;DISTRITAL;0
I-198482;210806;PUNO;MELGAR;NUÑOA;-14.6488634;-70.6412311;Calle s / n / Calle s / n;VECINAL;PROVINCIAL;DISTRITAL;0
I-198824;210806;PUNO;MELGAR;NUÑOA;-14.4434494;-70.664887;Calle s / n / Calle s / n;VECINAL;PROVINCIAL;DISTRITAL;0
I-648887;210806;PUNO;MELGAR;NUÑOA;-14.481517;-70.6336787;Calle s / n / Calle s / n;LOCAL;DISTRITAL;DISTRITAL;0
I-648882;210806;PUNO;MELGAR;NUÑOA;-14.482982;-70.6317934;Calle s / n / Calle s / n;LOCAL;DISTRITAL;DISTRITAL;0
I-648881;210806;PUNO;MELGAR;NUÑOA;-14.4824788;-70.632441;Calle s / n / Calle s / n;LOCAL;DISTRITAL;DISTRITAL;0
I-17000;220801;SAN MARTIN;RIOJA;RIOJA;-5.9891951;-77.2142357;Calle s / n / Calle s / n;VECINAL;PROVINCIAL;PROVINCIAL;0
I-556312;220801;SAN MARTIN;RIOJA;RIOJA;-6.0681221;-77.1832333;Calle s / n / Calle s / n;LOCAL;DISTRITAL;PROVINCIAL;0
I-556299;220801;SAN MARTIN;RIOJA;RIOJA;-6.0754575;-77.1688168;Calle s / n / Calle s / n;LOCAL;DISTRITAL;PROVINCIAL;0
I-556300;220801;SAN MARTIN;RIOJA;RIOJA;-6.0759711;-77.1650458;Calle s / n / Calle s / n;LOCAL;DISTRITAL;PROVINCIAL;0
I-556301;220801;SAN MARTIN;RIOJA;RIOJA;-6.0746005;-77.1685216;Calle s / n / Calle s / n;LOCAL;DISTRITAL;PROVINCIAL;0
I-18782;220804;SAN MARTIN;RIOJA;NUEVA CAJAMARCA;-5.9310941;-77.3105079;Carretera San Fernando / Jirón Francisco;VECINAL;PROVINCIAL;DISTRITAL;0
I-652687;220804;SAN MARTIN;RIOJA;NUEVA CAJAMARCA;-5.9346143;-77.3024916;Calle s / n / Calle s / n;LOCAL;DISTRITAL;DISTRITAL;0
I-652693;220804;SAN MARTIN;RIOJA;NUEVA CAJAMARCA;-5.9355809;-77.3019801;Calle s / n / Calle s / n;LOCAL;DISTRITAL;DISTRITAL;0
I-652692;220804;SAN MARTIN;RIOJA;NUEVA CAJAMARCA;-5.9359367;-77.3011938;Calle s / n / Calle s / n;LOCAL;DISTRITAL;DISTRITAL;0
I-652691;220804;SAN MARTIN;RIOJA;NUEVA CAJAMARCA;-5.935356;-77.3014924;Calle s / n / Calle s / n;LOCAL;DISTRITAL;DISTRITAL;0
I-85297;230104;TACNA;TACNA;CIUDAD NUEVA;-17.9846673;-70.2311935;Avenida El Sol / Avenida los Proceres;LOCAL;DISTRITAL;DISTRITAL;0
I-472602;230104;TACNA;TACNA;CIUDAD NUEVA;-17.9801341;-70.2374182;Calle Daniel Alcides Carrion / Calle Toribio Luzuriaga;LOCAL;DISTRITAL;DISTRITAL;0
I-472598;230104;TACNA;TACNA;CIUDAD NUEVA;-17.9798135;-70.2376469;Calle Daniel Alcides Carrion / Calle Manuel de Avalos;LOCAL;DISTRITAL;DISTRITAL;0
I-472597;230104;TACNA;TACNA;CIUDAD NUEVA;-17.9804653;-70.2385773;Calle Hipolito Unanue / Calle Manuel de Avalos;LOCAL;DISTRITAL;DISTRITAL;0
I-472596;230104;TACNA;TACNA;CIUDAD NUEVA;-17.9784708;-70.2357295;Avenida los Proceres / Calle Manuel de Avalos;LOCAL;DISTRITAL;DISTRITAL;0
I-18329;240302;TUMBES;ZARUMILLA;AGUAS VERDES;-3.4862685;-80.2404553;19 de Octubre / Chile;LOCAL;DISTRITAL;DISTRITAL;0
I-347139;240302;TUMBES;ZARUMILLA;AGUAS VERDES;-3.5040021;-80.250535;Calle s / n / Calle s / n;LOCAL;DISTRITAL;DISTRITAL;0
I-351150;240302;TUMBES;ZARUMILLA;AGUAS VERDES;-3.452585;-80.2489055;Calle s / n / Calle s / n;LOCAL;DISTRITAL;DISTRITAL;0
I-351151;240302;TUMBES;ZARUMILLA;AGUAS VERDES;-3.4515309;-80.2490014;Calle s / n / Calle s / n;LOCAL;DISTRITAL;DISTRITAL;0
I-351152;240302;TUMBES;ZARUMILLA;AGUAS VERDES;-3.4519465;-80.249461;Calle s / n / Calle s / n;LOCAL;DISTRITAL;DISTRITAL;0
I-8353;250107;UCAYALI;CORONEL PORTILLO;MANANTAY;-8.3970341;-74.5490772;Avenida Colonización / Calle s / n;LOCAL;DISTRITAL;DISTRITAL;0
I-255365;250107;UCAYALI;CORONEL PORTILLO;MANANTAY;-8.425688;-74.5746229;Calle s / n / Calle s / n;LOCAL;DISTRITAL;DISTRITAL;0
I-255331;250107;UCAYALI;CORONEL PORTILLO;MANANTAY;-8.4126675;-74.5397995;Calle s / n / Calle s / n;LOCAL;DISTRITAL;DISTRITAL;0
I-255332;250107;UCAYALI;CORONEL PORTILLO;MANANTAY;-8.4151389;-74.5553027;Calle s / n / Calle s / n;LOCAL;DISTRITAL;DISTRITAL;0
I-255334;250107;UCAYALI;CORONEL PORTILLO;MANANTAY;-8.4203493;-74.5468338;Calle s / n / Calle s / n;LOCAL;DISTRITAL;DISTRITAL;0
