Codigo_Unico;UBIGEO;DEPARTAMENTO;PROVINCIA;DISTRITO;LATITUD;LONGITUD;nombre_establecimiento;Direccion;Categoria;Competencia_Via;Competencia Administrativa;Siniestros_fatales
3568;50105;AYACUCHO;HUAMANGA;CHIARA;-13.46444427;-74.10025174;PUESTO DE SALUD SACHABAMBA;PLAZA PLAZA PRINCIPAL S/N NUMERO S/N DISTRITO CHIARA PROVINCIA HUAMANGA DEPARTAMENTO AYACUCHO;I-1;PROVINCIAL;DISTRITAL;0
3595;50108;AYACUCHO;HUAMANGA;QUINUA;-13.04955333;-74.140475;CENTRO DE SALUD QUINUA;JR. BOLIVAR S/N NUMERO S/N DISTRITO QUINUA PROVINCIA HUAMANGA DEPARTAMENTO AYACUCHO;I-3;PROVINCIAL;DISTRITAL;0
3596;50108;AYACUCHO;HUAMANGA;QUINUA;-13.05389879;-74.16858016;PUESTO DE SALUD LLAMAHUILLCA;OTROS COMUNIDAD DE LLAMAHUILLCA DISTRITO QUINUA PROVINCIA HUAMANGA DEPARTAMENTO AYACUCHO;I-1;PROVINCIAL;DISTRITAL;0
2922;230101;TACNA;TACNA;TACNA;-18.06886603;-70.29363645;PUESTO DE SALUD HABITAT;CALLE CIUDAD DE DIOS  CALLE LOS PALTOS S/N  OU S/N CIUDAD DE DIOS  CALLE LOS PALTOS S/N  OU TACNA TACNA TACNA;I-2;DISTRITAL;PROVINCIAL;0
3604;50113;AYACUCHO;HUAMANGA;TAMBILLO;-13.16080108;-74.17011962;PUESTO DE SALUD HUAYHUACONDO;OTROS COMUNIDAD GUAYACONDO DISTRITO TAMBILLO PROVINCIA HUAMANGA DEPARTAMENTO AYACUCHO;I-1;PROVINCIAL;DISTRITAL;0
2819;180301;MOQUEGUA;ILO;ILO;-17.65185454;-71.34179435;C.S. ALTO ILO;OTROS CHALACA S/N ALTO ILO NUMERO S/N DISTRITO ILO PROVINCIA ILO DEPARTAMENTO MOQUEGUA;I-3;DISTRITAL;PROVINCIAL;0
11421;100101;HUANUCO;HUANUCO;HUANUCO;-9.9202368;-76.2395784;POLICLINICO POLICIAL HUAÄNUCO;JR. LEONCIO PRADO NRO 1840 DISTRITO HUANUCO PROVINCIA HUANUCO DEPARTAMENTO HUANUCO;I-3;DISTRITAL;PROVINCIAL;0
1321;40119;AREQUIPA;AREQUIPA;SAN JUAN DE TARUCANI;-16.32152491;-71.15115141;PUESTO DE SALUD SALINAS HUITO;PLAZA PLAZA PRINCIPAL S/N SALINAS HUITO S/N PLAZA PRINCIPAL S/N SALINAS HUITO SAN JUAN DE TARUCANI AREQUIPA AREQUIPA;I-1;PROVINCIAL;DISTRITAL;0
1328;40108;AREQUIPA;AREQUIPA;LA JOYA;-16.48952679;-71.81430494;PUESTO DE SALUD LOS MEDANOS;OTROS PPJJ LOS MEDANOS FRENTE A LA CANCHA DISTRITO LA JOYA PROVINCIA AREQUIPA DEPARTAMENTO AREQUIPA;I-1;PROVINCIAL;DISTRITAL;0
3776;50408;AYACUCHO;HUANTA;LLOCHEGUA;-12.40054333;-73.91158833;PUESTO DE SALUD PUERTO AMARGURA;CALLE CALLE PRINCIPAL PUERTO AMARGURA DISTRITO LLOCHEGUA PROVINCIA HUANTA DEPARTAMENTO AYACUCHO;I-1;PROVINCIAL;DISTRITAL;0
4377;140312;LAMBAYEQUE;LAMBAYEQUE;TUCUME;-6.47903;-79.87862667;PUESTO DE SALUD CHIRIMOYO;OTROS SECTOR CHIRIMOYO BAJO S/N NUMERO S/N DISTRITO ILLIMO PROVINCIA LAMBAYEQUE DEPARTAMENTO LAMBAYEQUE;I-2;PROVINCIAL;DISTRITAL;0
5990;150108;LIMA;LIMA;CHORRILLOS;-12.1692159;-77.0240399;CENTRO DE SALUD GUSTAVO LANATTA LUJAN;AVENIDA AV. DEFENSORES DEL MORRO (EX HUAYLAS) N∫556 AV. DEFENSORES DEL MORRO (EX HUAYLAS) N∫556 CHORRILLOS LIMA LIMA;I-3;PROVINCIAL;DISTRITAL;1
6251;70104;CALLAO;CALLAO;LA PERLA;-12.06920504;-77.12476464;PUESTO DE SALUD  LA PERLA;OTROS ALFONSO UGARTE N∫ 1150 ALFONSO UGARTE N∫ 1150 LA PERLA CALLAO CALLAO;I-2;PROVINCIAL;DISTRITAL;0
6233;70101;CALLAO;CALLAO;CALLAO;-12.0265051;-77.12919833;PUESTO DE SALUD JUAN PABLO II;AVENIDA AA.HH.JUAN PABLO II  (ALT.AV.GAMBETTA KM 2.5) DISTRITO CALLAO PROVINCIA CALLAO DEPARTAMENTO CALLAO;I-2;PROVINCIAL;PROVINCIAL;0
5808;150135;LIMA;LIMA;SAN MARTIN DE PORRES;-11.972234;-77.106448;PUESTO DE SALUD  CERRO CANDELA;AVENIDA AV FELIPE DE LAS CASAS MZ B1 LT 9 - AAHH CERRO CANDELA DISTRITO SAN MARTIN DE PORRES PROVINCIA LIMA DEPARTAMENTO LIMA;I-2;PROVINCIAL;DISTRITAL;0
6239;70101;CALLAO;CALLAO;CALLAO;-12.00969499;-77.09673001;CENTRO DE SALUD SESQUICENTENARIO;CALLE 7 Y 14 NUMERO S/N URBANIZACION sesquicentenario DISTRITO CALLAO PROVINCIA CALLAO DEPARTAMENTO CALLAO;I-3;PROVINCIAL;PROVINCIAL;0
5688;150201;LIMA;BARRANCA;BARRANCA;-10.7585733;-77.7532659;PUESTO DE SALUD CHAQUILA;CALLE CALLE FERROCARRIL N∫ 617 - CHAQUILA CALLE FERROCARRIL N∫ 617 - CHAQUILA BARRANCA BARRANCA LIMA;I-2;DISTRITAL;PROVINCIAL;0
7304;50407;AYACUCHO;HUANTA;SIVIA;-12.539309;-73.940432;PUESTO DE SALUD ROSARIO ACON;PLAZA PLAZA PRINCIPAL DE ROSARIO ACON DISTRITO SIVIA PROVINCIA HUANTA DEPARTAMENTO AYACUCHO;I-1;PROVINCIAL;DISTRITAL;0
6908;50408;AYACUCHO;HUANTA;LLOCHEGUA;-12.43457;-73.96054167;PUESTO DE SALUD CHIHUILLO ALTO SAN ANTONIO;CALLE CALLE PRINCIPAL CHIHUILLO SAN ANTONIO DISTRITO LLOCHEGUA PROVINCIA HUANTA DEPARTAMENTO AYACUCHO;I-1;PROVINCIAL;DISTRITAL;0
10394;150202;LIMA;BARRANCA;PARAMONGA;-10.6745663;-77.8160806;CENTRO DE ATENCION PRIMARIA II PARAMONGA;AVENIDA AV. MIGUEL GRAU S/N - PARAMONGA NUMERO S/N DISTRITO PARAMONGA PROVINCIA BARRANCA DEPARTAMENTO LIMA;I-3;PROVINCIAL;DISTRITAL;0
1276;40107;AREQUIPA;AREQUIPA;JACOBO HUNTER;-16.43449;-71.56375167;PUESTO DE SALUD CAMINOS DEL INCA;AVENIDA AV. PAISAJISTA S/N NUMERO S/N DISTRITO JACOBO HUNTER PROVINCIA AREQUIPA DEPARTAMENTO AREQUIPA;I-2;PROVINCIAL;DISTRITAL;0
1290;40124;AREQUIPA;AREQUIPA;UCHUMAYO;-16.430706;-71.672756;PUESTO DE SALUD UCHUMAYO;CALLE CALLE BOLIVAR S/N  LOCALIDAD UCHUMAYO NUMERO S/N DISTRITO UCHUMAYO PROVINCIA AREQUIPA DEPARTAMENTO AREQUIPA;I-2;PROVINCIAL;DISTRITAL;0
1254;40128;AREQUIPA;AREQUIPA;YURA;-16.25090344;-71.68181062;PUESTO DE SALUD YURA;OTROS LA ESTACION DE YURA MZ. G LTE. 2 ZONA A DISTRITO YURA PROVINCIA AREQUIPA DEPARTAMENTO AREQUIPA;I-2;PROVINCIAL;DISTRITAL;0
1304;40102;AREQUIPA;AREQUIPA;ALTO SELVA ALEGRE;-16.37633305;-71.52628302;PUESTO DE SALUD HEROES DEL CENEPA;OTROS LOS EUCALIPTOS S/N PAMPAS DE POLANCO NUMERO S/N DISTRITO ALTO SELVA ALEGRE PROVINCIA AREQUIPA DEPARTAMENTO AREQUIPA;I-2;PROVINCIAL;DISTRITAL;0
6153;150143;LIMA;LIMA;VILLA MARIA DEL TRIUNFO;-12.1776988;-76.94539;CENTRO MATERNO INFANTIL DANIEL ALCIDES CARRION;AVENIDA AV. PACHACUTEC N∫ 3470 DISTRITO VILLA MARIA DEL TRIUNFO PROVINCIA LIMA DEPARTAMENTO LIMA;I-4;PROVINCIAL;DISTRITAL;0
1264;40129;AREQUIPA;AREQUIPA;JOSE LUIS BUSTAMANTE Y RIVERO;-16.45004288;-71.51231813;CENTRO DE SALUD LAS ESMERALDAS;AVENIDA AV. LAS ESMERALDAS MZ. F LTE. 5 APIS DISTRITO JOSE LUIS BUSTAMANTE Y RIVERO PROVINCIA AREQUIPA DEPARTAMENTO AREQUIPA;I-3;PROVINCIAL;DISTRITAL;0
6736;50112;AYACUCHO;HUAMANGA;SOCOS;-13.18234374;-74.31081081;PUESTO DE SALUD SAN RAFAEL;PLAZA PLAZA PRINCIPAL DISTRITO SOCOS PROVINCIA HUAMANGA DEPARTAMENTO AYACUCHO;I-1;PROVINCIAL;DISTRITAL;0
10190;230101;TACNA;TACNA;TACNA;-18.01367;-70.25099833;CENTRO  DE    ATENCION PRIMARIA  III  METROPOLITANO DE TACNA;AVENIDA AV. SAN MARTIN N∫  282 DISTRITO TACNA PROVINCIA TACNA DEPARTAMENTO TACNA;I-3;DISTRITAL;PROVINCIAL;0
10710;120101;JUNIN;HUANCAYO;HUANCAYO;-12.06489314;-75.20756589;POLICLINICO POLICIAL HUANCAYO;JR CUZCO N∫ 120 DISTRITO HUANCAYO PROVINCIA HUANCAYO DEPARTAMENTO JUNIN;I-3;DISTRITAL;PROVINCIAL;0
25066;40112;AREQUIPA;AREQUIPA;PAUCARPATA;-16.4176097;-71.4908727;CENTRO DE SALUD MENTAL COMUNITARIO AYELEN;CALLE MICAELA BASTIDAS NUMERO S/N DISTRITO PAUCARPATA PROVINCIA AREQUIPA DEPARTAMENTO AREQUIPA;I-3;PROVINCIAL;DISTRITAL;0
1259;40107;AREQUIPA;AREQUIPA;JACOBO HUNTER;-16.445535;-71.5545;CENTRO DE SALUD JAVIER LLOSA GARCIA -  HUNTER;CALLE CALLE CORDOVA 125 ESQUINA CON COSTA RICA DISTRITO JACOBO HUNTER PROVINCIA AREQUIPA DEPARTAMENTO AREQUIPA;I-4;PROVINCIAL;DISTRITAL;0
23488;40129;AREQUIPA;AREQUIPA;JOSE LUIS BUSTAMANTE Y RIVERO;-16.44374056;-71.51570533;CENTRO DE SALUD MENTAL COMUNITARIO SIMON BOLIVAR;AVENIDA CARACAS 807 SIMAìN BOLAçVAR A DOS CUADRAS DE LA COMISARIA DE SIMAìN BOLAçVAR JOSE LUIS BUSTAMANTE Y RIVERO AREQUIPA AREQUIPA;I-3;PROVINCIAL;DISTRITAL;0
2923;230101;TACNA;TACNA;TACNA;-18.0196822;-70.23827298;PUESTO DE SALUD JESUS MARIA;CALLE URB. VILLA MARIA DEL TRIUNFO CALLE 2 DISTRITO TACNA PROVINCIA TACNA DEPARTAMENTO TACNA;I-2;DISTRITAL;PROVINCIAL;0
3411;110104;ICA;ICA;OCUCAJE;-14.49973;-75.633095;PUESTO DE SALUD CALLANGO;OTROS CASERIO CALLANGO S/N NUMERO S/N DISTRITO OCUCAJE PROVINCIA ICA DEPARTAMENTO ICA;I-1;PROVINCIAL;DISTRITAL;0
1378;40120;AREQUIPA;AREQUIPA;SANTA ISABEL DE SIGUAS;-16.27925769;-72.07759969;PUESTO DE SALUD SONDOR;PLAZA PLAZA PRINCIPAL S/N SONDOR NUMERO S/N DISTRITO SANTA ISABEL DE SIGUAS PROVINCIA AREQUIPA DEPARTAMENTO AREQUIPA;I-2;PROVINCIAL;DISTRITAL;0
1302;40102;AREQUIPA;AREQUIPA;ALTO SELVA ALEGRE;-16.3666543;-71.5249147;CENTRO DE SALUD INDEPENDENCIA;AVENIDA AVENIDA FRANCISCO MOSTAJO 601 DISTRITO ALTO SELVA ALEGRE PROVINCIA AREQUIPA DEPARTAMENTO AREQUIPA;I-3;PROVINCIAL;DISTRITAL;0
1279;40107;AREQUIPA;AREQUIPA;JACOBO HUNTER;-16.46142333;-71.555325;CENTRO DE SALUD UPIS PAISAJISTA;OTROS PUEBLO JOVEN UPIS PAISAJISTA E-17 PUEBLO JOVEN UPIS PAISAJISTA E-17 JACOBO HUNTER AREQUIPA AREQUIPA;I-3;PROVINCIAL;DISTRITAL;0
1295;40109;AREQUIPA;AREQUIPA;MARIANO MELGAR;-16.40465083;-71.49744255;CENTRO DE SALUD GENERALISIMO SAN MARTIN;AVENIDA AVENIDA ARGENTINA 1207 ALTO SAN MARTIN DISTRITO MARIANO MELGAR PROVINCIA AREQUIPA DEPARTAMENTO AREQUIPA;I-3;PROVINCIAL;DISTRITAL;0
23338;40122;AREQUIPA;AREQUIPA;SOCABAYA;-16.4569563;-71.5197017;PUESTO DE SALUD HORACIO ZEBALLOS GAÅMEZ;OTROS ASENTAMIENTO URBANO MUNICIPAL HORACIO ZEBALLOS GAMEZ SECTOR D ZONA X 0 17 1 CALLE LOS ROSALES CON AVENIDA CHARACATO SOCABAYA AREQUIPA AREQUIPA;I-2;PROVINCIAL;DISTRITAL;0
29132;70103;CALLAO;CALLAO;CARMEN DE LA LEGUA REYNOSO;-12.04012691;-77.09662399;CENTRO DE SALUD MENTAL COMUNITARIO CARMEN DE LA LEGUA REYNOSO;AVENIDA 1ro de mayo 898 P.J. Reynoso Avenida Lopez Pazos con Jr.Independencia CARMEN DE LA LEGUA-REYNOSO CALLAO CALLAO;I-2;PROVINCIAL;DISTRITAL;0
5825;150139;LIMA;LIMA;SANTA ROSA;-11.7848464;-77.15687595;PUESTO DE SALUD VIRGEN DE LAS MERCEDES;OTROS ASOC. VIV. SANTA ROSA MZ. B LT. 09 DISTRITO SANTA ROSA PROVINCIA LIMA DEPARTAMENTO LIMA;I-2;PROVINCIAL;DISTRITAL;0
27727;220901;SAN MARTIN;SAN MARTIN;TARAPOTO;-6.48721408;-76.35972864;CENTRO DE ATENCIAìN PRIMARIA METROPOLITANO - ESSALUD;PLAZA PLAZA MAYOR TARAPOTO - ESQUINA CON RAMIREZ HURTADO C-2 DISTRITO TARAPOTO PROVINCIA SAN MARTIN DEPARTAMENTO SAN MARTIN;I-2;DISTRITAL;PROVINCIAL;0
28380;150115;LIMA;LIMA;LA VICTORIA;-12.0734497;-77.0162899;POLICLINICO MUNICIPAL;AVENIDA MARISCAL JOSE LA MAR NUMERO 641 DISTRITO LA VICTORIA PROVINCIA LIMA DEPARTAMENTO LIMA;I-2;PROVINCIAL;DISTRITAL;1
10366;50410;AYACUCHO;HUANTA;UCHURACCAY;-12.83232922;-74.05929679;PUESTO DE SALUD IQUICHA;PLAZA PLAZA PRINCIPAL DE IQUICHA NUMERO S/N DISTRITO UCHURACCAY PROVINCIA HUANTA DEPARTAMENTO AYACUCHO;I-1;PROVINCIAL;DISTRITAL;0
6203;150101;LIMA;LIMA;LIMA;-12.0531204;-77.0231298;CENTRO ESPECIALIZADO DE REFERENCIA DE ITSS Y VIH/SIDA RAUL PATRUCCO PUIG;JR. HUANTA 927 JR. HUANTA 927 LIMA LIMA LIMA;I-3;DISTRITAL;PROVINCIAL;0
5639;150128;LIMA;LIMA;RIMAC;-12.0168446;-77.0294195;CENTRO DE SALUD SAN JUAN DE AMANCAES;OTROS AAHH SAN JUAN DE AMANCAES 2DA ZONA DISTRITO RIMAC PROVINCIA LIMA DEPARTAMENTO LIMA;I-3;PROVINCIAL;DISTRITAL;0
1318;40112;AREQUIPA;AREQUIPA;PAUCARPATA;-16.40793389;-71.48030181;PUESTO DE SALUD MIGUEL GRAU  MODULO C-D;AVENIDA AV.MIGUEL GRAU MZ.11 LTE.6 SECTOR D-PJ MIGUEL GRAU DISTRITO PAUCARPATA PROVINCIA AREQUIPA DEPARTAMENTO AREQUIPA;I-2;PROVINCIAL;DISTRITAL;0
3556;50101;AYACUCHO;HUAMANGA;AYACUCHO;-13.16742936;-74.24855161;PUESTO DE SALUD HUASCAHURA;OTROS COMUNIDAD DE HUASCAHURA DISTRITO AYACUCHO PROVINCIA HUAMANGA DEPARTAMENTO AYACUCHO;I-1;PROVINCIAL;PROVINCIAL;0
6253;70103;CALLAO;CALLAO;CARMEN DE LA LEGUA REYNOSO;-12.04196315;-77.08542386;PUESTO DE SALUD VILLA SEAëOR. DE LOS MILAGROS;OTROS PJE VILLA SR DE LOS MILAGROS DISTRITO CARMEN DE LA LEGUA-REYNOSO PROVINCIA CALLAO DEPARTAMENTO CALLAO;I-2;PROVINCIAL;DISTRITAL;0
7314;70106;CALLAO;CALLAO;VENTANILLA;-11.83265968;-77.1419038;C.S. MATERNO INFANTIL PACHACUTEC  PERU-COREA;OTROS MZ. X LTE. 1 AA.HH HIROSHIMA MZ. X LTE. 1 AA.HH HIROSHIMA VENTANILLA CALLAO CALLAO;I-4;PROVINCIAL;DISTRITAL;0
7722;40109;AREQUIPA;AREQUIPA;MARIANO MELGAR;-16.39311429;-71.49319898;PUESTO DE SALUD EL MIRADOR;OTROS AAHH P-1 DISTRITO MARIANO MELGAR PROVINCIA AREQUIPA DEPARTAMENTO AREQUIPA;I-2;PROVINCIAL;DISTRITAL;0
9296;60101;CAJAMARCA;CAJAMARCA;CAJAMARCA;-7.15044333;-78.51540667;POLICLINICO PNP CAJAMARCA;JR. TAYABAMBA N¬∞ 598 URB. EL INGENIO JR. TAYABAMBA N¬∞ 598 URB. EL INGENIO CAJAMARCA CAJAMARCA CAJAMARCA;I-3;PROVINCIAL;PROVINCIAL;0
31020;50101;AYACUCHO;HUAMANGA;AYACUCHO;-13.1638737;-74.2235641;PUESTO  DE SALUD  ACHUANI;CALLE LOS ANGELES NUMERO S/N DISTRITO UPAHUACHO PROVINCIA PARINACOCHAS DEPARTAMENTO AYACUCHO;I-1;PROVINCIAL;PROVINCIAL;0
31791;200101;PIURA;PIURA;PIURA;-5.19765181;-80.62568686;POLICLINICO SOCIAL SOCIEDAD DE BENEFICENCIA DE PIURA;CALLE AYACUCHO NUMERO 200 DISTRITO PIURA PROVINCIA PIURA DEPARTAMENTO PIURA;I-3;DISTRITAL;PROVINCIAL;0
32439;60101;CAJAMARCA;CAJAMARCA;CAJAMARCA;-7.0656229;-78.5556265;PUESTO DE SALUD TUAL;OTROS CARRETERA DESVIO AL C.P. LA RAMADA CAJAMARCA CAJAMARCA CAJAMARCA;I-1;PROVINCIAL;PROVINCIAL;0
34011;60101;CAJAMARCA;CAJAMARCA;CAJAMARCA;-7.1798477;-78.4917133;"CENTRO DE SALUD MENTAL COMUNITARIO  ""CAMINANDO JUNTOS""";OTROS BAAëOS DEL INCA S/N CRUCE A LLACANORA LOS BAAëOS DEL INCA CAJAMARCA CAJAMARCA;I-3;PROVINCIAL;PROVINCIAL;0
35003;150113;LIMA;LIMA;JESUS MARIA;-12.0796889;-77.03692643;CENTRO NACIONAL DE TELEMEDICINA- CENATE;DOMINGO CUETO 120 3 POR CALLE MILLER JESUS MARIA LIMA LIMA;I-2;PROVINCIAL;DISTRITAL;0
35044;30201;APURIMAC;ANDAHUAYLAS;ANDAHUAYLAS;-13.6616546;-73.3767679;POSTA MEDICA POLICIAL ANDAHUAYLAS;AVENIDA AVENIDA LOS CHANKAS NUMERO 460 PISO 1 DEPARTAMENTO 1 DISTRITO ANDAHUAYLAS PROVINCIA ANDAHUAYLAS DEPARTAMENTO APURIMAC;I-2;PROVINCIAL;PROVINCIAL;0
3570;50114;AYACUCHO;HUAMANGA;VINCHOS;-13.34272847;-74.53828948;PUESTO DE SALUD OCCOLLO;OTROS COMUNIDAD DE OCCOLLO CHACAPAMPA DISTRITO VINCHOS PROVINCIA HUAMANGA DEPARTAMENTO AYACUCHO;I-2;PROVINCIAL;DISTRITAL;0
3577;50106;AYACUCHO;HUAMANGA;OCROS;-13.39248277;-73.9163231;CENTRO DE SALUD OCROS;OTROS CENTRO POBLADO OCROS MZ-Q L-10 DISTRITO OCROS PROVINCIA HUAMANGA DEPARTAMENTO AYACUCHO;I-3;PROVINCIAL;DISTRITAL;0
3547;50102;AYACUCHO;HUAMANGA;ACOCRO;-13.24564241;-74.03203647;PUESTO DE SALUD PAMPAMARCA;PLAZA PLAZA PRINCIPAL DE PAMPAMARCA DISTRITO ACOCRO PROVINCIA HUAMANGA DEPARTAMENTO AYACUCHO;I-1;PROVINCIAL;DISTRITAL;0
10261;70106;CALLAO;CALLAO;VENTANILLA;-11.88545383;-77.12759948;POSTA NAVAL DE VENTANILLA;OTROS ESQ. ESCORPION CON CISNE S/N MZA. VI LOTE 17 URB. ALMIRANTE GRAU NUMERO S/N DISTRITO VENTANILLA PROVINCIA CALLAO DEPARTAMENTO CALLAO;I-2;PROVINCIAL;DISTRITAL;0
23034;180301;MOQUEGUA;ILO;ILO;-17.65268394;-71.33634812;Centro Salud Mental Comunitario Ilo;AVENIDA 1 NUMERO 1 MANZANA C LOTE 01 URBANIZACION URB. Luis E. Valcarcel DISTRITO ILO PROVINCIA ILO DEPARTAMENTO MOQUEGUA;I-3;DISTRITAL;PROVINCIAL;0
2906;230111;TACNA;TACNA;LA YARADA LOS PALOS;-18.20842309;-70.51386387;PUESTO DE SALUD LOS OLIVOS;OTROS COOPERATIVA AGRARIA LOS OLIVOS NUMERO S/N DISTRITO LA YARADA LOS PALOS PROVINCIA TACNA DEPARTAMENTO TACNA;I-2;PROVINCIAL;DISTRITAL;0
2917;230101;TACNA;TACNA;TACNA;-18.00060548;-70.23523973;CENTRO DE SALUD BOLOGNESI;AVENIDA BASADRE Y FORERO NUMERO 2119 DISTRITO TACNA PROVINCIA TACNA DEPARTAMENTO TACNA;I-3;DISTRITAL;PROVINCIAL;0
1317;40112;AREQUIPA;AREQUIPA;PAUCARPATA;-16.40950532;-71.48503702;CENTRO DE SALUD MIGUEL GRAU  B;CALLE CALLE 200 MILLAS MZ. 6 LTE. 4 DISTRITO PAUCARPATA PROVINCIA AREQUIPA DEPARTAMENTO AREQUIPA;I-3;PROVINCIAL;DISTRITAL;0
3648;50411;AYACUCHO;HUANTA;PUCACOLPA;-12.34923667;-74.55829167;PUESTO DE SALUD PALOMA ALEGRE;PLAZA PLAZA PRINCIPAL DE PALOMA ALEGRE DISTRITO PUCACOLPA PROVINCIA HUANTA DEPARTAMENTO AYACUCHO;I-1;PROVINCIAL;DISTRITAL;0
3658;50401;AYACUCHO;HUANTA;HUANTA;-12.93698;-74.22884;PUESTO DE SALUD HUANCAYOCC;PLAZA PLAZA PRINCIPAL DE HUANCAYOCC DISTRITO HUANTA PROVINCIA HUANTA DEPARTAMENTO AYACUCHO;I-2;PROVINCIAL;PROVINCIAL;0
3660;50401;AYACUCHO;HUANTA;HUANTA;-12.94185667;-74.26875167;PUESTO DE SALUD QUINRAPA;PLAZA PLAZA PRINCIPAL DE QUINRAPA DISTRITO HUANTA PROVINCIA HUANTA DEPARTAMENTO AYACUCHO;I-1;PROVINCIAL;PROVINCIAL;0
3662;50404;AYACUCHO;HUANTA;IGUAIN;-12.981775;-74.26951333;PUESTO DE SALUD CHIHUA;PLAZA PLAZA PRINCIPAL DE CHIHUA DISTRITO IGUAIN PROVINCIA HUANTA DEPARTAMENTO AYACUCHO;I-1;PROVINCIAL;DISTRITAL;0
3667;50406;AYACUCHO;HUANTA;SANTILLANA;-12.76943;-74.25808167;CENTRO DE SALUD SAN JOSE DE SECCE;PLAZA DE SAN JOSE DE SECCE NUMERO S/N DISTRITO SANTILLANA PROVINCIA HUANTA DEPARTAMENTO AYACUCHO;I-4;PROVINCIAL;DISTRITAL;0
5996;150140;LIMA;LIMA;SANTIAGO DE SURCO;-12.162636;-76.9903538;PUESTO DE SALUD LOS VIAëEDOS DE SURCO;OTROS MZ F LOTE 12 AAHH VIAëEDOS DE SURCO DISTRITO SANTIAGO DE SURCO PROVINCIA LIMA DEPARTAMENTO LIMA;I-2;PROVINCIAL;DISTRITAL;0
5623;150132;LIMA;LIMA;SAN JUAN DE LURIGANCHO;-11.9558652;-76.9924377;PUESTO DE SALUD PROYECTOS ESPECIALES;AVENIDA CRUCE DE AV. JOSE CARLOS MARIAÅTEGUI S/N CON AV. BAYOVAR NUMERO S/N DISTRITO SAN JUAN DE LURIGANCHO PROVINCIA LIMA DEPARTAMENTO LIMA;I-2;PROVINCIAL;DISTRITAL;2
6113;150133;LIMA;LIMA;SAN JUAN DE MIRAFLORES;-12.1480219;-76.9691391;PUESTO DE SALUD EL BRILLANTE;PROLONGACION PROLONGACION AV. SAN JUAN CON AVDA DEFENSORES DE LIMA S/N PAMPLONA ALTA S/N PROLONGACION AV. SAN JUAN CON AVDA DEFENSORES DE LIMA S/N PAMPLONA ALTA SAN JUAN DE MIRAFLORES LIMA LIMA;I-2;PROVINCIAL;DISTRITAL;0
6193;150101;LIMA;LIMA;LIMA;-12.0512449;-77.0821925;CENTRO DE SALUD UNIDAD VECINAL N¬∫ 3;OTROS BLOCK N∫ 1 UNIDAD VECINAL N∫ 3 DISTRITO LIMA PROVINCIA LIMA DEPARTAMENTO LIMA;I-3;DISTRITAL;PROVINCIAL;0
5694;150201;LIMA;BARRANCA;BARRANCA;-10.733333;-77.733333;PUESTO DE SALUD SANTA ELENA;OTROS CENTRO POBLADO SANTA ELENA MZ. B. LOTE 20 INT.3 CENTRO POBLADO SANTA ELENA MZ. B. LOTE 20 INT.3 BARRANCA BARRANCA LIMA;I-2;DISTRITAL;PROVINCIAL;0
8836;140101;LAMBAYEQUE;CHICLAYO;CHICLAYO;-6.771262;-79.862752;POLICLINICO CHICLAYO OESTE;CARRETERA JUAN TOMIS STACK # 180 URB. SANTA ELENA CARRETERA A PIMENTEL DISTRITO CHICLAYO PROVINCIA CHICLAYO DEPARTAMENTO LAMBAYEQUE;I-3;DISTRITAL;PROVINCIAL;0
13306;40125;AREQUIPA;AREQUIPA;VITOR;-16.4678697;-71.9379111;POSTA MEDICA VITOR;CALLE CALLE JUAN VELAZCO ALVARADO 401 DISTRITO VITOR PROVINCIA AREQUIPA DEPARTAMENTO AREQUIPA;I-2;PROVINCIAL;DISTRITAL;0
1291;40102;AREQUIPA;AREQUIPA;ALTO SELVA ALEGRE;-16.38123178;-71.5188428;CENTRO DE SALUD ALTO SELVA ALEGRE;AVENIDA AVENIDA ESPAAëA 301 DISTRITO ALTO SELVA ALEGRE PROVINCIA AREQUIPA DEPARTAMENTO AREQUIPA;I-3;PROVINCIAL;DISTRITAL;0
1294;40109;AREQUIPA;AREQUIPA;MARIANO MELGAR;-16.401929;-71.511537;CENTRO DE SALUD MARIANO MELGAR;CALLE CALLE ICA 303 URB. SAN LORENZO DISTRITO MARIANO MELGAR PROVINCIA AREQUIPA DEPARTAMENTO AREQUIPA;I-4;PROVINCIAL;DISTRITAL;0
1298;40112;AREQUIPA;AREQUIPA;PAUCARPATA;-16.4130014;-71.50016643;CENTRO DE SALUD 15 DE AGOSTO;AVENIDA AVENIDA SALAVERRY 703 DISTRITO PAUCARPATA PROVINCIA AREQUIPA DEPARTAMENTO AREQUIPA;I-3;PROVINCIAL;DISTRITAL;0
1323;40125;AREQUIPA;AREQUIPA;VITOR;-16.58611246;-71.92800737;CENTRO DE SALUD SAN ISIDRO;OTROS CENTRO DE SERV. SAN ISIDRO 1¬∫ ASENTAMIENTO DISTRITO LA JOYA PROVINCIA AREQUIPA DEPARTAMENTO AREQUIPA;I-3;PROVINCIAL;DISTRITAL;0
6102;150123;LIMA;LIMA;PACHACAMAC;-12.1167928;-76.8701936;PUESTO DE SALUD HUERTOS DE MANCHAY;OTROS MZ T LOTE S/N SECTOR RINCONADA ALTA S/N MZ T LOTE S/N SECTOR RINCONADA ALTA PACHACAMAC LIMA LIMA;I-2;PROVINCIAL;DISTRITAL;0
6262;70106;CALLAO;CALLAO;VENTANILLA;-11.88563281;-77.13208529;PUESTO DE SALUD HIJOS DEL ALMIRANTE GRAU;CALLE CALLE 10 MZA Y S/N AAHH HIJOS DE GRAU S/N CALLE 10 MZA Y S/N AAHH HIJOS DE GRAU VENTANILLA CALLAO CALLAO;I-2;PROVINCIAL;DISTRITAL;0
9901;211101;PUNO;SAN ROMAN;JULIACA;-15.4955005;-70.1316031;POLICLINICO JULIACA - ESSALUD - RED ASISTENCIAL JULIACA;JR. MARIANO NAöAëEZ 135 - JULIACA DISTRITO JULIACA PROVINCIA SAN ROMAN DEPARTAMENTO PUNO;I-3;DISTRITAL;PROVINCIAL;0
29753;50110;AYACUCHO;HUAMANGA;SAN JUAN BAUTISTA;-13.16690818;-74.2218666;PUESTO DE SALUD 24 DE JUNIO;AVENIDA 24 DE JUNIO NUMERO 278 PISO 1 DISTRITO SAN JUAN BAUTISTA PROVINCIA HUAMANGA DEPARTAMENTO AYACUCHO;I-1;PROVINCIAL;DISTRITAL;0
29380;70106;CALLAO;CALLAO;VENTANILLA;-11.87726528;-77.12920484;POLICLINICO MUNICIPAL QURA - VIRGEN DE GUADALUPE;OTROS SECTOR G BARRIO XV GRUPO RESIDENCIAL 03 MANZANA J LOTE 01 URBANIZACION PROYECTO ESPECIAL CIUDAD DE PACHACUTEC DISTRITO VENTANILLA PROVINCIA CALLAO DEPARTAMENTO CALLAO;I-3;PROVINCIAL;DISTRITAL;0
6243;70101;CALLAO;CALLAO;CALLAO;-11.99616332;-77.12085548;PUESTO DE SALUD FAUCETT;CALLE CALLE  3 S/N  - URB. FAUCETT NUMERO S/N DISTRITO CALLAO PROVINCIA CALLAO DEPARTAMENTO CALLAO;I-2;PROVINCIAL;PROVINCIAL;0
1273;40107;AREQUIPA;AREQUIPA;JACOBO HUNTER;-16.44873667;-71.55064167;PUESTO DE SALUD DANIEL ALCIDES CARRION;AVENIDA AV. UNION 126 DISTRITO JACOBO HUNTER PROVINCIA AREQUIPA DEPARTAMENTO AREQUIPA;I-2;PROVINCIAL;DISTRITAL;0
1329;40108;AREQUIPA;AREQUIPA;LA JOYA;-16.42200395;-71.85719181;PUESTO DE SALUD BENITO LAZO;OTROS PP.JJ. BENITO LAZO SECTOR 1 R-2 DISTRITO LA JOYA PROVINCIA AREQUIPA DEPARTAMENTO AREQUIPA;I-1;PROVINCIAL;DISTRITAL;0
6256;70106;CALLAO;CALLAO;VENTANILLA;-11.82855773;-77.12271214;CENTRO DE SALUD VILLA LOS REYES;OTROS MZA. N1  S/N SECTOR 1 AA.HH. VILLA LOS REYES S/N MZA. N1  S/N SECTOR 1 AA.HH. VILLA LOS REYES VENTANILLA CALLAO CALLAO;I-4;PROVINCIAL;DISTRITAL;0
3656;50410;AYACUCHO;HUANTA;UCHURACCAY;-12.73218442;-74.12686077;PUESTO DE SALUD CARHUAHURAN;PLAZA PLAZA PRINCIPAL DE CARHUAHURAN DISTRITO UCHURACCAY PROVINCIA HUANTA DEPARTAMENTO AYACUCHO;I-2;PROVINCIAL;DISTRITAL;0
6235;70101;CALLAO;CALLAO;CALLAO;-12.04578311;-77.10425695;PUESTO DE SALUD MIGUEL GRAU;AVENIDA ALT. CDRA.10 AV.TUPAC AMARU - PP.JJ. MIGUEL GRAU DISTRITO CALLAO PROVINCIA CALLAO DEPARTAMENTO CALLAO;I-2;PROVINCIAL;PROVINCIAL;0
10605;160101;LORETO;MAYNAS;IQUITOS;-3.7436735;-73.2516326;HOSPITAL REGIONAL DEL ORIENTE - FAP;PASAJE PSJE. SAN JOSE S/N MORONA COCHA GRP 42 FAP NUMERO S/N DISTRITO IQUITOS PROVINCIA MAYNAS DEPARTAMENTO LORETO;I-4;DISTRITAL;PROVINCIAL;0
3591;50114;AYACUCHO;HUAMANGA;VINCHOS;-13.35397842;-74.33356501;PUESTO DE SALUD ROSASPATA;PLAZA PLAZA PRINCIPAL DE ROSASPATA DISTRITO VINCHOS PROVINCIA HUAMANGA DEPARTAMENTO AYACUCHO;I-1;PROVINCIAL;DISTRITAL;0
1249;40104;AREQUIPA;AREQUIPA;CERRO COLORADO;-16.39405746;-71.57307258;CENTRO DE SALUD SEMI RURAL PACHACUTEC;AVENIDA AV. REPUBLICA DEL PERU, ZONA C, MZ 12, LT 03 DISTRITO CERRO COLORADO PROVINCIA AREQUIPA DEPARTAMENTO AREQUIPA;I-3;PROVINCIAL;DISTRITAL;0
968;100101;HUANUCO;HUANUCO;HUANUCO;-9.9298454;-76.2432653;PUESTO DE SALUD CASHAPAMPA;OTROS CENTRO POBLADO DE CASHAPAMPA S/N NUMERO S/N DISTRITO MONZON PROVINCIA HUAMALIES DEPARTAMENTO HUANUCO;I-1;DISTRITAL;PROVINCIAL;1
8083;140101;LAMBAYEQUE;CHICLAYO;CHICLAYO;-6.77078206;-79.82084709;Establecimiento de Salud FAP Hospital Regional del Norte Chiclayo;CARRETERA CARRETERA POMALCA S/N NUMERO S/N DISTRITO CHICLAYO PROVINCIA CHICLAYO DEPARTAMENTO LAMBAYEQUE;I-3;DISTRITAL;PROVINCIAL;0
10236;211101;PUNO;SAN ROMAN;JULIACA;-15.4996879;-70.129653;POLICLINICO DE SALUD PNP - JULIACA;Jr.NUEVA ZELANDA S/N CUADRA SEIS - LA CAPILLA NUMERO S/N DISTRITO JULIACA PROVINCIA SAN ROMAN DEPARTAMENTO PUNO;I-3;DISTRITAL;PROVINCIAL;0
7948;70101;CALLAO;CALLAO;CALLAO;-12.0150475;-77.097146;CENTRO DE ATENCION PRIMARIA CAP III LUIS NEGREIROS VEGA;AVENIDA AVENIDA TOMAS VALLE CDRA 34 S/N NUMERO S/N DISTRITO CALLAO PROVINCIA CALLAO DEPARTAMENTO CALLAO;I-2;PROVINCIAL;PROVINCIAL;0
25643;50104;AYACUCHO;HUAMANGA;CARMEN ALTO;-13.1847105;-74.22242592;"PUESTO DE SALUD MILITAR ""FUERTE LOS POCKRAS""";AVENIDA LIBERTADORES NUMERO S/N DISTRITO CARMEN ALTO PROVINCIA HUAMANGA DEPARTAMENTO AYACUCHO;I-2;PROVINCIAL;DISTRITAL;0
26671;170101;MADRE DE DIOS;TAMBOPATA;TAMBOPATA;-12.59125168;-69.20016332;CENTRO DE SALUD MENTAL COMUNITARIO PUERTO MALDONADO;IGNACIO MERINO S/N POR EL COLISEO CERRADO POR LA LOZA DEPORTIVA DE AAHH MIRAFLORES TAMBOPATA TAMBOPATA MADRE DE DIOS;I-3;DISTRITAL;PROVINCIAL;0
6244;70101;CALLAO;CALLAO;CALLAO;-11.99509597;-77.12492365;PUESTO DE SALUD 200 MILLAS;AVENIDA MZ L  LOTE 3-4  I  ETAP. URB.200 MILLAS  (KM.5.5 AV.GAMBETTA) DISTRITO CALLAO PROVINCIA CALLAO DEPARTAMENTO CALLAO;I-2;PROVINCIAL;PROVINCIAL;0
3748;50408;AYACUCHO;HUANTA;LLOCHEGUA;-12.45005667;-73.965545;PUESTO DE SALUD VILLA MEJORADA;PLAZA PLAZA PRINCIPAL VILLA MEJORADA DISTRITO LLOCHEGUA PROVINCIA HUANTA DEPARTAMENTO AYACUCHO;I-1;PROVINCIAL;DISTRITAL;0
3561;50104;AYACUCHO;HUAMANGA;CARMEN ALTO;-13.17762185;-74.21914362;PUESTO DE SALUD POKRAS;AVENIDA AV POKRAS S/N NUMERO S/N DISTRITO CARMEN ALTO PROVINCIA HUAMANGA DEPARTAMENTO AYACUCHO;I-1;PROVINCIAL;DISTRITAL;0
3651;50403;AYACUCHO;HUANTA;HUAMANGUILLA;-13.02510167;-74.15692167;PUESTO DE SALUD QUITURARA;PLAZA PLAZA PRINCIPAL DE QUITURARA DISTRITO HUAMANGUILLA PROVINCIA HUANTA DEPARTAMENTO AYACUCHO;I-1;PROVINCIAL;DISTRITAL;0
1288;40113;AREQUIPA;AREQUIPA;POCSI;-16.5179115;-71.38953157;PUESTO DE SALUD POCSI;OTROS MZ 0 LT 2 DISTRITO POCSI PROVINCIA AREQUIPA DEPARTAMENTO AREQUIPA;I-1;PROVINCIAL;DISTRITAL;0
5847;150132;LIMA;LIMA;SAN JUAN DE LURIGANCHO;-12.0105371;-76.9792263;CENTRO DE SALUD MANGOMARCA;AVENIDA AV. EL SANTUARIO S/N(CDRA. 24 S/N) URB. MANGOMARCA NUMERO S/N DISTRITO SAN JUAN DE LURIGANCHO PROVINCIA LIMA DEPARTAMENTO LIMA;I-3;PROVINCIAL;DISTRITAL;0
6248;70101;CALLAO;CALLAO;CALLAO;-12.02515855;-77.10084785;PUESTO DE SALUD POLIGONO IV;OTROS AA.HH. BOCANEGRA - SECTOR V AA.HH. BOCANEGRA - SECTOR V CALLAO CALLAO CALLAO;I-2;PROVINCIAL;PROVINCIAL;0
3664;50405;AYACUCHO;HUANTA;LURICOCHA;-12.91814667;-74.29727833;PUESTO DE SALUD AZANGARO;PLAZA PLAZA PRINCIPAL DE AZANGARO DISTRITO LURICOCHA PROVINCIA HUANTA DEPARTAMENTO AYACUCHO;I-1;PROVINCIAL;DISTRITAL;0
26983;70104;CALLAO;CALLAO;LA PERLA;-12.06951082;-77.13151487;CENTRO DE SALUD MENTAL COMUNITARIO LA PERLA;AVENIDA LA PAZ CUADRA 3 LA PERLA CALLAO CALLAO;I-2;PROVINCIAL;DISTRITAL;0
27464;40103;AREQUIPA;AREQUIPA;CAYMA;-16.3426764;-71.5427212;CENTRO DE SALUD MENTAL COMUNITARIO CAYMA;OTROS COMPLEJO HABITACIONAL DEAN VALDIVIA SECTOR 12 MANZANA M12 LOTE 1 ULTIMO PARADERO DE SOL DE ORO CAYMA AREQUIPA AREQUIPA;I-3;PROVINCIAL;DISTRITAL;0
21228;130101;LA LIBERTAD;TRUJILLO;TRUJILLO;-8.09018343;-79.00239931;CENTRO DE SALUD MENTAL COMUNITARIA TRUJILLO DRA. FRIDA ALAYZA COSSAçO;AVENIDA CESAR VALLEJO/ MZ 45 AA. HH. HUERTA BELLA NUMERO S/N DISTRITO TRUJILLO PROVINCIA TRUJILLO DEPARTAMENTO LA LIBERTAD;I-3;DISTRITAL;PROVINCIAL;0
6291;220101;SAN MARTIN;MOYOBAMBA;MOYOBAMBA;-5.85579333;-77.24328833;PUESTO DE SALUD ATUMPLAYA;OTROS CAS. ATUMPLAYA S-N DISTRITO MOYOBAMBA PROVINCIA MOYOBAMBA DEPARTAMENTO SAN MARTIN;I-2;DISTRITAL;PROVINCIAL;0
3412;110104;ICA;ICA;OCUCAJE;-14.36473833;-75.68530833;PUESTO DE SALUD CORDOVA;CALLE CALLE PRINCIPAL S/N NUMERO S/N DISTRITO OCUCAJE PROVINCIA ICA DEPARTAMENTO ICA;I-2;PROVINCIAL;DISTRITAL;0
2918;230101;TACNA;TACNA;TACNA;-18.01252003;-70.23112703;CENTRO DE SALUD LA NATIVIDAD;CALLE ENRIQUE LOPEZ ALBUJAR NUMERO 1859 DISTRITO TACNA PROVINCIA TACNA DEPARTAMENTO TACNA;I-3;DISTRITAL;PROVINCIAL;0
31572;200101;PIURA;PIURA;PIURA;-5.2009794;-80.631336;CONSULTORIO INTEGRAL DE LA MUJER E.I.R.L;AVENIDA LORETO NUMERO 389 PISO 2 DISTRITO PIURA PROVINCIA PIURA DEPARTAMENTO PIURA;I-2;DISTRITAL;PROVINCIAL;1
30686;30213;APURIMAC;ANDAHUAYLAS;SAN JERONIMO;-13.66289417;-73.35050107;CENTRO DE SALUD MENTAL COMUNITARIO SAN JERONIMO;AVENIDA JOSE MARIA ARGUEDAS NUMERO S/N DISTRITO SAN JERONIMO PROVINCIA ANDAHUAYLAS DEPARTAMENTO APURIMAC;I-3;PROVINCIAL;DISTRITAL;0
31651;230101;TACNA;TACNA;TACNA;-18.0069283;-70.2394418;CENTRO DE SALUD MENTAL COMUNITARIO UNIVERSITARIO JORGE BASADRE;AVENIDA GUSTAVO PINTO CON AV BOLOGNESI NUMERO S/N DISTRITO TACNA PROVINCIA TACNA DEPARTAMENTO TACNA;I-2;DISTRITAL;PROVINCIAL;0
26131;150110;LIMA;LIMA;COMAS;-11.9374701;-77.0534924;CONSULTORIO MEDICO DE SEDAPAL- SEDE COMAS;AVENIDA VICTOR ANDRES BELAUNDE NUMERO 570 DISTRITO COMAS PROVINCIA LIMA DEPARTAMENTO LIMA;I-2;PROVINCIAL;DISTRITAL;0
34031;180301;MOQUEGUA;ILO;ILO;-17.65242835;-71.33664585;C.S. PAMPA INALAMBRICA;AVENIDA 1 C 1 A ESPALDA DEL HOSPITAL ILO ILO ILO MOQUEGUA;I-3;DISTRITAL;PROVINCIAL;0
33478;110101;ICA;ICA;ICA;-14.0759353;-75.725775;"CENTRO DE SALUD MENTAL COMUNITARIO ""CRISTO MORENO DE LUREN""";CALLE HUACACHINA NUMERO 188 DISTRITO ICA PROVINCIA ICA DEPARTAMENTO ICA;I-3;DISTRITAL;PROVINCIAL;0
34970;40107;AREQUIPA;AREQUIPA;JACOBO HUNTER;-16.4408759;-71.5553461;CENTRO DE ATENCION PRIMARIA II HUNTER;AVENIDA PARIS NUMERO 506 DISTRITO JACOBO HUNTER PROVINCIA AREQUIPA DEPARTAMENTO AREQUIPA;I-2;PROVINCIAL;DISTRITAL;0
35683;140301;LAMBAYEQUE;LAMBAYEQUE;LAMBAYEQUE;-6.7061836;-79.9136223;CENTRO DE SALUD MENTAL COMUNITARIO NAYLAMP LAMBAYEQUE;AVENIDA FERNANDO BELAUNDE TERRY NUMERO 140 MANZANA Aë LOTE 4 DISTRITO LAMBAYEQUE PROVINCIA LAMBAYEQUE DEPARTAMENTO LAMBAYEQUE;I-2;DISTRITAL;PROVINCIAL;1
36594;50110;AYACUCHO;HUAMANGA;SAN JUAN BAUTISTA;-13.1662781;-74.2185039;CENTRO DE SALUD NAZARENO;CIRO ALEGRIA NUMERO 800 DISTRITO JESUS NAZARENO PROVINCIA HUAMANGA DEPARTAMENTO AYACUCHO;I-3;PROVINCIAL;DISTRITAL;0
36317;50102;AYACUCHO;HUAMANGA;ACOCRO;-13.20101598;-74.0137533;PUESTO DE SALUD PARCCAHUANCA;"PARCCAHUANCA NUMERO S/N MANZANA ""Q"" LOTE 1 DISTRITO ACOCRO PROVINCIA HUAMANGA DEPARTAMENTO AYACUCHO";I-1;PROVINCIAL;DISTRITAL;0
35717;150136;LIMA;LIMA;SAN MIGUEL;-12.08178235;-77.10132729;CENTRO DE SALUD MENTAL COMUNITARIO EXCELENCIA SAN MIGUEL;AVENIDA AV LA PAZ 2008 1 SAN MIGUEL LIMA LIMA;I-3;PROVINCIAL;DISTRITAL;0
3580;50106;AYACUCHO;HUAMANGA;OCROS;-13.32383422;-73.88846748;PUESTO DE SALUD MAYABAMBA;PLAZA PLAZA PRINCIPAL DISTRITO OCROS PROVINCIA HUAMANGA DEPARTAMENTO AYACUCHO;I-2;PROVINCIAL;DISTRITAL;0
3581;50106;AYACUCHO;HUAMANGA;OCROS;-13.34740621;-73.90147439;PUESTO DE SALUD CCERAOCRO;PLAZA PLAZA PRINCIPAL DISTRITO OCROS PROVINCIA HUAMANGA DEPARTAMENTO AYACUCHO;I-2;PROVINCIAL;DISTRITAL;0
10255;70105;CALLAO;CALLAO;LA PUNTA;-12.07136543;-77.16652238;PUESTO DE SALUD DE LA ESCUELA NAVAL;CALLE CA. MEDINA S/N S/N CA. MEDINA S/N LA PUNTA CALLAO CALLAO;I-2;PROVINCIAL;DISTRITAL;0
20825;220101;SAN MARTIN;MOYOBAMBA;MOYOBAMBA;-6.0419882;-76.9700669;PUESTO DE SALUD DEL E.P. SAN CRISTOBAL MOYOBAMBA;PROLONGACION PROLONGACION 25 DE MAYO - SECTOR SHANGO PARTE ALTA BARRIO BELAâN - MOYOBAMBA DISTRITO MOYOBAMBA PROVINCIA MOYOBAMBA DEPARTAMENTO SAN MARTIN;I-1;DISTRITAL;PROVINCIAL;0
29844;211101;PUNO;SAN ROMAN;JULIACA;-15.4996879;-70.129653;CENTRO DE SALUD MENTAL COMUNITARIO SAN MIGUEL ARCANGEL;AEROPUERTO NUMERO 266 URBANIZACION SAN JOSE II ETAPA DISTRITO SAN MIGUEL PROVINCIA SAN ROMAN DEPARTAMENTO PUNO;I-3;DISTRITAL;PROVINCIAL;0
3608;50107;AYACUCHO;HUAMANGA;PACAYCASA;-13.0694525;-74.25503809;PUESTO DE SALUD LA COMPAAëIA;PLAZA PLAZA PRINCIPAL DISTRITO PACAYCASA PROVINCIA HUAMANGA DEPARTAMENTO AYACUCHO;I-1;PROVINCIAL;DISTRITAL;0
3610;50113;AYACUCHO;HUAMANGA;TAMBILLO;-13.11385346;-74.19321806;PUESTO DE SALUD MUYURINA;PLAZA PLAZA PRINCIPAL MUYURINA DISTRITO TAMBILLO PROVINCIA HUAMANGA DEPARTAMENTO AYACUCHO;I-3;PROVINCIAL;DISTRITAL;0
12822;150141;LIMA;LIMA;SURQUILLO;-12.11321922;-77.02318933;CENTRO ODONTOLOGICO PNP ANGAMOS;AVENIDA AV ANGAMOS ESTE 833-835 DISTRITO SURQUILLO PROVINCIA LIMA DEPARTAMENTO LIMA;I-3;PROVINCIAL;DISTRITAL;0
1332;40108;AREQUIPA;AREQUIPA;LA JOYA;-16.68625167;-71.88604;PUESTO DE SALUD SAN CAMILO 6;OTROS IRRIGACION SAN CAMILO CENTRO DE SERVICIOS S/N NUMERO S/N DISTRITO LA JOYA PROVINCIA AREQUIPA DEPARTAMENTO AREQUIPA;I-2;PROVINCIAL;DISTRITAL;0
1333;40108;AREQUIPA;AREQUIPA;LA JOYA;-16.57853458;-71.83847869;PUESTO DE SALUD SAN JOSE;OTROS SAN JOSE PANAMERICANA S/N NUMERO S/N DISTRITO LA JOYA PROVINCIA AREQUIPA DEPARTAMENTO AREQUIPA;I-2;PROVINCIAL;DISTRITAL;0
1337;40120;AREQUIPA;AREQUIPA;SANTA ISABEL DE SIGUAS;-16.20651208;-72.0532905;PUESTO DE SALUD PITAY;OTROS ANEXO RANCHERIA S/N NUMERO S/N DISTRITO SANTA ISABEL DE SIGUAS PROVINCIA AREQUIPA DEPARTAMENTO AREQUIPA;I-1;PROVINCIAL;DISTRITAL;0
3676;50402;AYACUCHO;HUANTA;AYAHUANCO;-12.59448371;-74.33137806;CENTRO DE SALUD VIRACOCHAN;PLAZA PRINCIPAL DE VIRACOCHAN NUMERO S/N DISTRITO AYAHUANCO PROVINCIA HUANTA DEPARTAMENTO AYACUCHO;I-3;PROVINCIAL;DISTRITAL;0
4372;140301;LAMBAYEQUE;LAMBAYEQUE;LAMBAYEQUE;-6.70073667;-79.91441167;CENTRO DE SALUD SAN MARTIN-LAMBAYEQUE;CALLE CALLE SAN ANTONIO N∫ 299 DISTRITO LAMBAYEQUE PROVINCIA LAMBAYEQUE DEPARTAMENTO LAMBAYEQUE;I-3;DISTRITAL;PROVINCIAL;0
3649;50411;AYACUCHO;HUANTA;PUCACOLPA;-12.36005439;-74.52296092;PUESTO SALUD SACHABAMBA HUANTA;PLAZA PLAZA PRINCIPAL DE SACHABAMBA DISTRITO PUCACOLPA PROVINCIA HUANTA DEPARTAMENTO AYACUCHO;I-1;PROVINCIAL;DISTRITAL;0
3650;50403;AYACUCHO;HUANTA;HUAMANGUILLA;-13.01059167;-74.17549167;CENTRO DE SALUD HUAMANGUILLA;AVENIDA AV.AYACUCHO S/N NUMERO S/N DISTRITO HUAMANGUILLA PROVINCIA HUANTA DEPARTAMENTO AYACUCHO;I-3;PROVINCIAL;DISTRITAL;0
6224;70101;CALLAO;CALLAO;CALLAO;-12.05330245;-77.11991231;PUESTO DE SALUD JOSE BOTERIN;PARQUE PARQUE  N∫ 3 AA.HH. JOSE BOTERIN DISTRITO CALLAO PROVINCIA CALLAO DEPARTAMENTO CALLAO;I-2;PROVINCIAL;PROVINCIAL;1
6226;70101;CALLAO;CALLAO;CALLAO;-12.04658449;-77.13717664;PUESTO DE SALUD PUERTO NUEVO;AVENIDA AV. GRAU S/N AA.HH. PUERTO NUEVO NUMERO S/N DISTRITO CALLAO PROVINCIA CALLAO DEPARTAMENTO CALLAO;I-2;PROVINCIAL;PROVINCIAL;0
5814;150102;LIMA;LIMA;ANCON;-11.77452348;-77.17275823;CENTRO DE SALUD MATERNO INFANTIL ANCON;JR. LOA 595 ANCON JR. LOA 595 ANCON ANCON LIMA LIMA;I-4;PROVINCIAL;DISTRITAL;0
6194;150101;LIMA;LIMA;LIMA;-12.0367561;-77.0598619;CENTRO DE SALUD VILLA MARIA PERPETUO SOCORRO;JR. VILLA MARIA 745 DISTRITO LIMA PROVINCIA LIMA DEPARTAMENTO LIMA;I-3;DISTRITAL;PROVINCIAL;2
8292;150108;LIMA;LIMA;CHORRILLOS;-12.1601295;-77.0189409;"CENTRO MEDICO DE LA ESCUELA MILITAR DE CHORRILLOS ""CORONEL FRANCISCO BOLOGNESI""";AVENIDA AVENIDA ESCUELA MILITAR S/N CHORRILLOS NUMERO S/N DISTRITO CHORRILLOS PROVINCIA LIMA DEPARTAMENTO LIMA;I-3;PROVINCIAL;DISTRITAL;1
8146;70106;CALLAO;CALLAO;VENTANILLA;-11.8865243;-77.1243942;CENTRO DE ATENCION PRIMARIA III HERMANA MARIA DONROSE SUTMAñLLER;AVENIDA AVENIDA GONZALES GANOZA S/N I SECTOR IZQUIERDO URB ANTONIO MORENO DE CACERES NUMERO S/N DISTRITO VENTANILLA PROVINCIA CALLAO DEPARTAMENTO CALLAO;I-3;PROVINCIAL;DISTRITAL;0
1238;40104;AREQUIPA;AREQUIPA;CERRO COLORADO;-16.38917198;-71.5690034;CENTRO DE SALUD MARISCAL CASTILLA;AVENIDA AV. GARCILAZO DE LA VEGA 719-URB. MARISCAL CASTILLA AV. GARCILAZO DE LA VEGA 719-URB. MARISCAL CASTILLA CERRO COLORADO AREQUIPA AREQUIPA;I-3;PROVINCIAL;DISTRITAL;0
1292;40110;AREQUIPA;AREQUIPA;MIRAFLORES;-16.383061;-71.511274;CENTRO DE SALUD EDIFICADORES MISTI;CALLE CALLE RICARDO PALMA 307-309 CALLE RICARDO PALMA 307-309 MIRAFLORES AREQUIPA AREQUIPA;I-4;PROVINCIAL;DISTRITAL;0
1303;40102;AREQUIPA;AREQUIPA;ALTO SELVA ALEGRE;-16.36894101;-71.51926396;PUESTO DE SALUD SAN JUAN BAUTISTA;"OTROS INDEPENDENCIA, ZONA ""B"" DISTRITO ALTO SELVA ALEGRE PROVINCIA AREQUIPA DEPARTAMENTO AREQUIPA";I-2;PROVINCIAL;DISTRITAL;0
1310;40112;AREQUIPA;AREQUIPA;PAUCARPATA;-16.41573556;-71.51264284;CENTRO DE SALUD MANUEL PRADO;CALLE CALLE AREQUIPA 202 URB. MANUEL PRADO DISTRITO PAUCARPATA PROVINCIA AREQUIPA DEPARTAMENTO AREQUIPA;I-3;PROVINCIAL;DISTRITAL;0
1260;40123;AREQUIPA;AREQUIPA;TIABAYA;-16.45055632;-71.59014322;CENTRO DE SALUD TIABAYA;CALLE CALLE PAZ SOLDAN S/N NUMERO S/N DISTRITO TIABAYA PROVINCIA AREQUIPA DEPARTAMENTO AREQUIPA;I-3;PROVINCIAL;DISTRITAL;0
1261;40105;AREQUIPA;AREQUIPA;CHARACATO;-16.46839351;-71.48537775;CENTRO DE SALUD DE CHARACATO;OTROS ESQUINA SANTA ANA CON SOCABAYA CHARACATO DISTRITO CHARACATO PROVINCIA AREQUIPA DEPARTAMENTO AREQUIPA;I-3;PROVINCIAL;DISTRITAL;0
1271;40122;AREQUIPA;AREQUIPA;SOCABAYA;-16.47323411;-71.52829799;CENTRO DE SALUD SAN FERNANDO;OTROS CACAHUARA S/N-SOCABAYA NUMERO S/N DISTRITO SOCABAYA PROVINCIA AREQUIPA DEPARTAMENTO AREQUIPA;I-3;PROVINCIAL;DISTRITAL;0
6268;70106;CALLAO;CALLAO;VENTANILLA;-11.87633106;-77.13753281;PUESTO DE SALUD DEFENSORES DE LA PATRIA;OTROS MZA E4 - LOTE 7 AA.HH. DEFENSORES DE LA PATRIA DISTRITO VENTANILLA PROVINCIA CALLAO DEPARTAMENTO CALLAO;I-2;PROVINCIAL;DISTRITAL;0
6187;150101;LIMA;LIMA;LIMA;-12.0359928;-77.0722189;CENTRO DE SALUD MIRONES BAJO;JR. BRUNO TERREROS 144 JR. BRUNO TERREROS 144 LIMA LIMA LIMA;I-3;DISTRITAL;PROVINCIAL;0
6189;150101;LIMA;LIMA;LIMA;-12.0410293;-77.0688186;PUESTO DE SALUD PALERMO;AVENIDA MZ L LOTE 20 AAHH 1¬∞ DE SETIEMBRE ALT CUADRA 21 AV MATERIALES DISTRITO LIMA PROVINCIA LIMA DEPARTAMENTO LIMA;I-2;DISTRITAL;PROVINCIAL;0
6101;150123;LIMA;LIMA;PACHACAMAC;-12.1168591;-76.8701889;PUESTO DE SALUD COLLANAC;AVENIDA AV. VICTOR MALASQUEZ  KM 5.5 SECTOR 24 DE JUNIO -COLLANAC AV. VICTOR MALASQUEZ  KM 5.5 SECTOR 24 DE JUNIO -COLLANAC PACHACAMAC LIMA LIMA;I-2;PROVINCIAL;DISTRITAL;0
6267;70106;CALLAO;CALLAO;VENTANILLA;-11.84677854;-77.15225242;PUESTO DE SALUD CIUDAD PACHACUTEC;OTROS MZA.G -LOTE3 AAHH LA UNION PACHACUTEC DISTRITO VENTANILLA PROVINCIA CALLAO DEPARTAMENTO CALLAO;I-2;PROVINCIAL;DISTRITAL;0
6225;70101;CALLAO;CALLAO;CALLAO;-12.04850915;-77.13307953;PUESTO DE SALUD  SAN JUAN BOSCO;CALLE CONTRALMIRANTE MORA CDRA. 5 (CALLE NAUTA 122) DISTRITO CALLAO PROVINCIA CALLAO DEPARTAMENTO CALLAO;I-2;PROVINCIAL;PROVINCIAL;0
10834;150810;LIMA;HUAURA;SANTA MARIA;-11.1078699;-77.5876875;POSTA MEDICA POLICIAL HUACHO;AVENIDA AV. CENTENARIO ESQUINA CON CALLE 28 DE JULIO SA BARTOLOMAâ II ETAPA DISTRITO SANTA MARIA PROVINCIA HUAURA DEPARTAMENTO LIMA;I-2;PROVINCIAL;DISTRITAL;0
3657;50407;AYACUCHO;HUANTA;SIVIA;-12.59179;-73.8554;PUESTO DE SALUD CCACCAS;PLAZA PLAZA PRINCIPAL DE CCACCAS DISTRITO HUANTA PROVINCIA HUANTA DEPARTAMENTO AYACUCHO;I-1;PROVINCIAL;DISTRITAL;0
3546;50102;AYACUCHO;HUAMANGA;ACOCRO;-13.28459329;-74.04071852;CENTRO DE SALUD CHONTACA;OTROS COMUNIDAD DE CHONTACA DISTRITO ACOCRO PROVINCIA HUAMANGA DEPARTAMENTO AYACUCHO;I-3;PROVINCIAL;DISTRITAL;0
15471;150131;LIMA;LIMA;SAN ISIDRO;-12.1083451;-77.053404;CENTRO DE ATENCION PRIMARIA-CAP III SAN ISIDRO-ESSALUD;AVENIDA AV. PEREZ ARANIBAR 1551 DISTRITO SAN ISIDRO PROVINCIA LIMA DEPARTAMENTO LIMA;I-3;PROVINCIAL;DISTRITAL;0
15075;150123;LIMA;LIMA;PACHACAMAC;-12.1096968;-76.8624313;CENTRO DE SALUD CLAS JUAN PABLO II;OTROS MANZANA K8 LOTE 5B, SECTOR LOS JARDINES HUERTOS DE MANCHAY DISTRITO PACHACAMAC PROVINCIA LIMA DEPARTAMENTO LIMA;I-3;PROVINCIAL;DISTRITAL;0
28678;150105;LIMA;LIMA;BRE—A;-12.0541636;-77.0451294;"CENTRO DE SALUD MENTAL COMUNITARIO ""SAN CLEMENTE""";AVENIDA A 514 1 1 TALARA  ALTA ANTES DE LLEGAR AL PEAJE DE TALARA PARIAëAS TALARA PIURA;I-3;PROVINCIAL;DISTRITAL;0
6910;50408;AYACUCHO;HUANTA;LLOCHEGUA;-12.43442;-73.9806112;PUESTO DE SALUD AREQUIPA;PLAZA PLAZA PRINCIPAL DEL C.P. DE AREQUIPA DISTRITO LLOCHEGUA PROVINCIA HUANTA DEPARTAMENTO AYACUCHO;I-1;PROVINCIAL;DISTRITAL;0
1313;40112;AREQUIPA;AREQUIPA;PAUCARPATA;-16.43390621;-71.49110665;CENTRO DE SALUD NUEVA ALBORADA;OTROS ASENTAMIENTO HUMANO NUEVA ALBORADA DISTRITO PAUCARPATA PROVINCIA AREQUIPA DEPARTAMENTO AREQUIPA;I-3;PROVINCIAL;DISTRITAL;0
1307;40110;AREQUIPA;AREQUIPA;MIRAFLORES;-16.371812;-71.500306;CENTRO DE SALUD MATEO PUMACAHUA;OTROS UPIS MATEO PUMACAHUA E - 39 DISTRITO MIRAFLORES PROVINCIA AREQUIPA DEPARTAMENTO AREQUIPA;I-3;PROVINCIAL;DISTRITAL;0
1939;200111;PIURA;PIURA;LAS LOMAS;-4.68794764;-80.06977766;PUESTO DE SALUD SAN FRANCISCO DE PAMPA ELERA;OTROS CASERIO SAN FRANCISCO DE PAMPA ELERA DISTRITO LAS LOMAS PROVINCIA PIURA DEPARTAMENTO PIURA;I-1;PROVINCIAL;DISTRITAL;0
6362;220901;SAN MARTIN;SAN MARTIN;TARAPOTO;-6.48597333;-76.372355;CENTRO DE SALUD NUEVE DE ABRIL;JR.PROGRESO N¬∞ 324 DISTRITO TARAPOTO PROVINCIA SAN MARTIN DEPARTAMENTO SAN MARTIN;I-3;DISTRITAL;PROVINCIAL;0
29841;211101;PUNO;SAN ROMAN;JULIACA;-15.47996082;-70.14428713;Centro de Salud Mental Comunitario Divino NiA±o Jesus;PASAJE Las Violetas MANZANA A1 LOTE 05 URBANIZACION Guardia Civil DISTRITO JULIACA PROVINCIA SAN ROMAN DEPARTAMENTO PUNO;I-3;DISTRITAL;PROVINCIAL;0
6898;50101;AYACUCHO;HUAMANGA;AYACUCHO;-13.12992682;-74.23280243;CENTRO DE  SALUD MOLLEPATA;OTROS COMUNIDAD DE MOLLEPATA DISTRITO AYACUCHO PROVINCIA HUAMANGA DEPARTAMENTO AYACUCHO;I-3;PROVINCIAL;PROVINCIAL;0
3544;50102;AYACUCHO;HUAMANGA;ACOCRO;-13.21818164;-74.04168321;PUESTO DE  SALUD ACOCRO;OTROS ACOCRO DISTRITO ACOCRO PROVINCIA HUAMANGA DEPARTAMENTO AYACUCHO;I-2;PROVINCIAL;DISTRITAL;0
25870;180301;MOQUEGUA;ILO;ILO;-17.64437606;-71.34377752;POSTA MEDICA POLICIAL ILO;ZEPITA NUMERO 612 DISTRITO ILO PROVINCIA ILO DEPARTAMENTO MOQUEGUA;I-2;DISTRITAL;PROVINCIAL;0
30156;50114;AYACUCHO;HUAMANGA;VINCHOS;-13.28191321;-74.37212678;PUESTO DE SALUD QASANCCAY;CALLE PRINCIPAL DE QASANCCAY NUMERO S/N DISTRITO VINCHOS PROVINCIA HUAMANGA DEPARTAMENTO AYACUCHO;I-1;PROVINCIAL;DISTRITAL;0
6250;70104;CALLAO;CALLAO;LA PERLA;-12.06951429;-77.11778466;PUESTO DE SALUD ALTA MAR;AVENIDA AV. DOS DE MAYO N∫ 640 DISTRITO LA PERLA PROVINCIA CALLAO DEPARTAMENTO CALLAO;I-2;PROVINCIAL;DISTRITAL;0
3598;50110;AYACUCHO;HUAMANGA;SAN JUAN BAUTISTA;-13.17403286;-74.20882998;CENTRO DE SALUD DE SAN JUAN BAUTISTA;AVENIDA AV. LAS MALVINAS  250 - 288-CIUDAD DE LAS AMERICAS DISTRITO SAN JUAN BAUTISTA PROVINCIA HUAMANGA DEPARTAMENTO AYACUCHO;I-4;PROVINCIAL;DISTRITAL;0
27190;60111;CAJAMARCA;CAJAMARCA;NAMORA;-7.2038055;-78.3244788;PUESTO DE SALUD QUELLUACOCHA;CAMINO AFIRMADO VIA NAMORA QUELLUACOCHA COMUNIDAD QUELLUACOCHA NAMORA NAMORA CAJAMARCA CAJAMARCA;I-1;PROVINCIAL;DISTRITAL;0
28401;150101;LIMA;LIMA;LIMA;-12.0556519;-77.08246864;CENTRO DE SALUD MENTAL COMUNITARIO UNIVERSITARIO SAN MARCOS;GERMAN AMEZAGA 375 Al lado de la clinica universitaria UNMSM LIMA LIMA LIMA;I-3;DISTRITAL;PROVINCIAL;0
1251;40103;AREQUIPA;AREQUIPA;CAYMA;-16.32804293;-71.54958839;PUESTO DE SALUD NAZARENO;OTROS ASOC. NAZARENO G-12 CONO NORTE DISTRITO CERRO COLORADO PROVINCIA AREQUIPA DEPARTAMENTO AREQUIPA;I-2;PROVINCIAL;DISTRITAL;0
6258;70106;CALLAO;CALLAO;VENTANILLA;-11.93696178;-77.13233716;PUESTO DE SALUD VENTANILLA BAJA;AVENIDA AV. 11 DE AGOSTO AA.HH. VICTOR RAUL HAYA DE LA TORRE DISTRITO VENTANILLA PROVINCIA CALLAO DEPARTAMENTO CALLAO;I-2;PROVINCIAL;DISTRITAL;0
13012;150133;LIMA;LIMA;SAN JUAN DE MIRAFLORES;-12.1643037;-76.9692522;CENTRO DE ATENCIAìN PRIMARIA III SAN JUAN DE MIRAFLORES;AVENIDA AV. CANEVARO CON AV. VARGAS MACHUCA S/N NUMERO S/N DISTRITO SAN JUAN DE MIRAFLORES PROVINCIA LIMA DEPARTAMENTO LIMA;I-3;PROVINCIAL;DISTRITAL;3
29833;210101;PUNO;PUNO;PUNO;-15.8437211;-70.0207521;"CENTRO DE SALUD MENTAL COMUNITARIO ""ALFREDO MENDIGURI PINEDA"" DE PUNO";PASAJE RAMIS NUMERO 359 PISO 1 DISTRITO PUNO PROVINCIA PUNO DEPARTAMENTO PUNO;I-3;DISTRITAL;PROVINCIAL;0
6107;150133;LIMA;LIMA;SAN JUAN DE MIRAFLORES;-12.1358082;-76.9635479;CENTRO MATERNO INFANTIL OLLANTAY;AVENIDA AV. PROLONGACION GABRIEL TORRES S/N. PAMPLONA ALTA NUMERO S/N DISTRITO SAN JUAN DE MIRAFLORES PROVINCIA LIMA DEPARTAMENTO LIMA;I-4;PROVINCIAL;DISTRITAL;0
3552;50103;AYACUCHO;HUAMANGA;ACOS VINCHOS;-13.17010982;-74.03842123;PUESTO DE SALUD HUAYCHAO;PLAZA PLAZA PRINCIPAL DE HUAYCHAO DISTRITO ACOS VINCHOS PROVINCIA HUAMANGA DEPARTAMENTO AYACUCHO;I-1;PROVINCIAL;DISTRITAL;0
26929;200101;PIURA;PIURA;PIURA;-5.1893941;-80.6439373;CENTRO DE SALUD MENTAL COMUNITARIO SECHURA;AVENIDA VICTOR TEMOCHE  LA RAMPA A1 1 TERMINAL TERRESTRE - SECHURA SECHURA SECHURA PIURA;I-3;PROVINCIAL;PROVINCIAL;0
6151;150143;LIMA;LIMA;VILLA MARIA DEL TRIUNFO;-12.1569104;-76.9365017;CENTRO MATERNO INFANTIL VILLA MARIA DEL TRIUNFO;AVENIDA AV. PEDRO VALLE S/N (ALTURA CUADRA 18 AV.EL TRIUNFO) NUMERO S/N DISTRITO VILLA MARIA DEL TRIUNFO PROVINCIA LIMA DEPARTAMENTO LIMA;I-4;PROVINCIAL;DISTRITAL;0
5673;150812;LIMA;HUAURA;VEGUETA;-11.0218462;-77.6382615;CENTRO SALUD VAâGUETA;AVENIDA AV. LOS LIBERTADORES N∫ 129 AV. LOS LIBERTADORES N∫ 129 VEGUETA HUAURA LIMA;I-3;PROVINCIAL;DISTRITAL;0
6890;40103;AREQUIPA;AREQUIPA;CAYMA;-16.33187701;-71.54216498;CENTRO DE SALUD RAFAEL BELAUNDE;OTROS URBANIZACION BELAUNDE ZONA B MANZANA U LOTE 9 URBANIZACION BELAUNDE ZONA B MANZANA U LOTE 9 CAYMA AREQUIPA AREQUIPA;I-3;PROVINCIAL;DISTRITAL;0
13914;150128;LIMA;LIMA;RIMAC;-12.0282877;-77.044228;CENTRO DE SALUD MILITAR RIMAC;AVENIDA AV. ELESPURU S/N FUERTE RAFAEL HOYOS RUBIO - RIMAC NUMERO S/N DISTRITO RIMAC PROVINCIA LIMA DEPARTAMENTO LIMA;I-4;PROVINCIAL;DISTRITAL;0
31488;40107;AREQUIPA;AREQUIPA;JACOBO HUNTER;-16.4478087;-71.5548944;CENTRO DE SALUD MENTAL COMUNITARIO HUNTER;CALLE UPIS PAISAJISTA E' 1 AL COSTADO  DEL ESTADIO UPIS PAISAJISTA JACOBO HUNTER AREQUIPA AREQUIPA;I-3;PROVINCIAL;DISTRITAL;0
1272;40129;AREQUIPA;AREQUIPA;JOSE LUIS BUSTAMANTE Y RIVERO;-16.43492124;-71.53645074;PUESTO DE SALUD SALAVERRY;AVENIDA AV. LAS PEAëAS S/N SALAVERRY-SOCABAYA S/N AV. LAS PEAëAS S/N SALAVERRY-SOCABAYA SOCABAYA AREQUIPA AREQUIPA;I-2;PROVINCIAL;DISTRITAL;0
36323;50412;AYACUCHO;HUANTA;CHACA;-12.78203828;-74.16616715;PUESTO DE SALUD  PURUS;TORONGANA NUMERO S/N DISTRITO CHACA PROVINCIA HUANTA DEPARTAMENTO AYACUCHO;I-1;PROVINCIAL;DISTRITAL;0
36495;40108;AREQUIPA;AREQUIPA;LA JOYA;-16.6101643;-71.8096941;CENTRO DE SALUD MENTAL COMUNITARIO UBALDO VARGAS CASILLA;CARRETERA PANAMERICANA SUR C 4 PPJJ. EL TRIUNFO ZONA C PLAZA DEL CRUCE AREQUIPA AREQUIPA AREQUIPA;I-3;PROVINCIAL;DISTRITAL;0
3549;50113;AYACUCHO;HUAMANGA;TAMBILLO;-13.21224372;-74.10847912;PUESTO DE SALUD TAMBILLO;OTROS LOCALIDAD DE CCECHCCA DISTRITO TAMBILLO PROVINCIA HUAMANGA DEPARTAMENTO AYACUCHO;I-2;PROVINCIAL;DISTRITAL;0
2892;230103;TACNA;TACNA;CALANA;-17.94405496;-70.1890291;PUESTO DE SALUD CALANA;OTROS GRAL. VARELA S/N S/N GRAL. VARELA S/N CALANA TACNA TACNA;I-2;PROVINCIAL;DISTRITAL;0
3614;50112;AYACUCHO;HUAMANGA;SOCOS;-13.34473875;-74.26964195;PUESTO DE SALUD MANZANAYOCC;CALLE CALLE PRINCIPAL DE MANZANAYOCC DISTRITO SOCOS PROVINCIA HUAMANGA DEPARTAMENTO AYACUCHO;I-1;PROVINCIAL;DISTRITAL;0
2817;180301;MOQUEGUA;ILO;ILO;-17.634884;-71.334828;C.S. MIRAMAR;AVENIDA AVENIDA PACIFICO S/N UPIS MIRAMAR S/N AVENIDA PACIFICO S/N UPIS MIRAMAR ILO ILO MOQUEGUA;I-3;DISTRITAL;PROVINCIAL;0
1982;200114;PIURA;PIURA;TAMBO GRANDE;-5.02662302;-80.25632478;PUESTO DE SALUD MALINGUITAS;OTROS CASERIO MALINGUITAS CASERIO MALINGUITAS TAMBO GRANDE PIURA PIURA;I-2;PROVINCIAL;DISTRITAL;0
30070;150801;LIMA;HUAURA;HUACHO;-11.1227218;-77.6105679;CENTRO DE SALUD MENTAL COMUNITARIO AYSANA;CALLE 14 DE NOVIEMBRE MANZANARES I ETAPA S/N HUACHO HUAURA LIMA;I-3;DISTRITAL;PROVINCIAL;0
1320;40106;AREQUIPA;AREQUIPA;CHIGUATA;-16.38296096;-71.37044905;PUESTO DE SALUD ARENALES;PLAZA PLAZA PRINCIPAL S/N ARENALES NUMERO S/N DISTRITO CHIGUATA PROVINCIA AREQUIPA DEPARTAMENTO AREQUIPA;I-1;PROVINCIAL;DISTRITAL;0
1331;40125;AREQUIPA;AREQUIPA;VITOR;-16.52432968;-71.91938224;PUESTO DE SALUD LA CANO;OTROS IRRIGACION LA CANO CENTRO DE SERVICIOS S/N NUMERO S/N DISTRITO LA JOYA PROVINCIA AREQUIPA DEPARTAMENTO AREQUIPA;I-2;PROVINCIAL;DISTRITAL;0
3778;50407;AYACUCHO;HUANTA;SIVIA;-12.51569;-73.88953333;PUESTO DE SALUD CHUVIVANA;PLAZA PLAZA PRINCIPAL DE CHUVIVANA DISTRITO SIVIA PROVINCIA HUANTA DEPARTAMENTO AYACUCHO;I-1;PROVINCIAL;DISTRITAL;0
3652;50403;AYACUCHO;HUANTA;HUAMANGUILLA;-13.01266667;-74.20271333;PUESTO DE SALUD ICHUPATA;PLAZA PLAZA PRINCIPAL DE ICHUPATA DISTRITO HUAMANGUILLA PROVINCIA HUANTA DEPARTAMENTO AYACUCHO;I-1;PROVINCIAL;DISTRITAL;0
6221;70101;CALLAO;CALLAO;CALLAO;-12.05394219;-77.13882432;CENTRO DE SALUD  ALBERTO BARTON;CALLE CALLE MANUEL RAYGADA N∫ 515 CALLE MANUEL RAYGADA N∫ 515 CALLAO CALLAO CALLAO;I-3;PROVINCIAL;PROVINCIAL;0
6246;70101;CALLAO;CALLAO;CALLAO;-12.00186975;-77.10733774;PUESTO DE SALUD EL AÅLAMO;OTROS MZ.  S/N   URB. EL ALAMO S/N MZ.  S/N   URB. EL ALAMO CALLAO CALLAO CALLAO;I-2;PROVINCIAL;PROVINCIAL;0
6227;70105;CALLAO;CALLAO;LA PUNTA;-12.06837287;-77.15809712;PUESTO DE SALUD LA PUNTA;AVENIDA AV. GRAU N∫ 1002 -  LA PUNTA AV. GRAU N∫ 1002 -  LA PUNTA LA PUNTA CALLAO CALLAO;I-2;PROVINCIAL;DISTRITAL;0
6230;70101;CALLAO;CALLAO;CALLAO;-12.02215478;-77.13692002;CENTRO DE SALUD ACAPULCO;AVENIDA AV. JOSE GALVEZ S/N CMTE.8 - PP.JJ. ACAPULCO NUMERO S/N DISTRITO CALLAO PROVINCIA CALLAO DEPARTAMENTO CALLAO;I-4;PROVINCIAL;PROVINCIAL;1
6234;70101;CALLAO;CALLAO;CALLAO;-12.04586988;-77.11113384;PUESTO DE SALUD SANTA ROSA;AVENIDA AV. T. AMARU GDIA.CHALACA S/N MINICOMPL. STA.ROSA NUMERO S/N DISTRITO CALLAO PROVINCIA CALLAO DEPARTAMENTO CALLAO;I-2;PROVINCIAL;PROVINCIAL;0
6242;70101;CALLAO;CALLAO;CALLAO;-12.03794156;-77.0963773;PUESTO DE SALUD PLAYA RIMAC;CALLE CALLE BOLOGNESI Y JOSE SANTOS CHOCANO S/N NUMERO S/N DISTRITO CALLAO PROVINCIA CALLAO DEPARTAMENTO CALLAO;I-2;PROVINCIAL;PROVINCIAL;0
6202;150101;LIMA;LIMA;LIMA;-12.05006736;-77.06225551;CENTRO REF. ESP. ANTIRRABICO - ESPECIALIZADO EN ZOONOSIS (CENTRO DE SALUD CONTROL DE ZOONOSIS);CALLE CALLE AUSTRIA N∫ 1300 DISTRITO LIMA PROVINCIA LIMA DEPARTAMENTO LIMA;I-3;DISTRITAL;PROVINCIAL;0
18077;220101;SAN MARTIN;MOYOBAMBA;MOYOBAMBA;-6.0441596;-76.971282;POLICLINICO POLICIAL MOYOBAMBA;AVENIDA AV. GRAU 451 BARRIO DE CALVARIO DISTRITO MOYOBAMBA PROVINCIA MOYOBAMBA DEPARTAMENTO SAN MARTIN;I-3;DISTRITAL;PROVINCIAL;1
1280;40124;AREQUIPA;AREQUIPA;UCHUMAYO;-16.451012;-71.614663;CENTRO DE SALUD CERRO VERDE;CALLE CALLE CONDOROMA S/N-CERRO VERDE NUMERO S/N DISTRITO UCHUMAYO PROVINCIA AREQUIPA DEPARTAMENTO AREQUIPA;I-3;PROVINCIAL;DISTRITAL;0
1262;40114;AREQUIPA;AREQUIPA;POLOBAYA;-16.56658739;-71.36800576;PUESTO DE SALUD POLOBAYA;OTROS CELLE AREQUIPA S/N - LA CAPILLA NUMERO S/N DISTRITO POLOBAYA PROVINCIA AREQUIPA DEPARTAMENTO AREQUIPA;I-2;PROVINCIAL;DISTRITAL;0
6091;150123;LIMA;LIMA;PACHACAMAC;-12.1590087;-76.8540268;PUESTO DE SALUD MANCHAY ALTO;AVENIDA AV LAS CASUARINAS  MZ E LT 18 CENTRO POBLADO RURAL MANCHAY ALTO DISTRITO PACHACAMAC PROVINCIA LIMA DEPARTAMENTO LIMA;I-2;PROVINCIAL;DISTRITAL;0
6099;150123;LIMA;LIMA;PACHACAMAC;-12.1811992;-76.8510552;PUESTO DE SALUD CARDAL;OTROS CENTRO POBLADO RURAL CARDAL - PACHACAMAC CENTRO POBLADO RURAL CARDAL - PACHACAMAC PACHACAMAC LIMA LIMA;I-2;PROVINCIAL;DISTRITAL;0
6255;70106;CALLAO;CALLAO;VENTANILLA;-11.87255066;-77.10995729;PUESTO DE SALUD VENTANILLA ALTA;AVENIDA AV. CENTRAL  MZA L S/N- VENTANILLA NUMERO S/N DISTRITO VENTANILLA PROVINCIA CALLAO DEPARTAMENTO CALLAO;I-2;PROVINCIAL;DISTRITAL;0
6259;70106;CALLAO;CALLAO;VENTANILLA;-11.94239104;-77.11760677;PUESTO DE SALUD VENTANILLA ESTE;PARQUE PRIMERA ETAPA AA.HH. PARQUE PORCINO DISTRITO VENTANILLA PROVINCIA CALLAO DEPARTAMENTO CALLAO;I-2;PROVINCIAL;DISTRITAL;0
6261;70106;CALLAO;CALLAO;VENTANILLA;-11.82445218;-77.13188278;PUESTO DE SALUD LUIS FELIPE DE LAS CASAS;OTROS LOS ALISOS - EUCALIPTOS DISTRITO VENTANILLA PROVINCIA CALLAO DEPARTAMENTO CALLAO;I-2;PROVINCIAL;DISTRITAL;0
6263;70106;CALLAO;CALLAO;VENTANILLA;-11.84707868;-77.12750905;PUESTO DE SALUD  SANTA ROSA DE PACHACUTEC;OTROS MZA. P.O. LOTE 1 AA.HH. SANTA ROSA DE PACHACUTEC DISTRITO VENTANILLA PROVINCIA CALLAO DEPARTAMENTO CALLAO;I-2;PROVINCIAL;DISTRITAL;0
6171;150101;LIMA;LIMA;LIMA;-12.0537765;-77.022701;CENTRO DE SALUD JUAN PEREZ CARRANZA;JR. CUZCO 925 DISTRITO LIMA PROVINCIA LIMA DEPARTAMENTO LIMA;I-3;DISTRITAL;PROVINCIAL;0
13297;40101;AREQUIPA;AREQUIPA;AREQUIPA;-16.39531833;-71.53070833;POLICLINICO METROPOLITANO ESSALUD;PROLONGACION PROLONGACION CALLE AYACUCHO S/N NUMERO S/N DISTRITO AREQUIPA PROVINCIA AREQUIPA DEPARTAMENTO AREQUIPA;I-3;PROVINCIAL;PROVINCIAL;0
10362;50406;AYACUCHO;HUANTA;SANTILLANA;-12.69176648;-74.23745841;PUESTO DE SALUD MARQARAQAY;PLAZA PLAZA PRINCIPAL DE MAQARAQAY DISTRITO SANTILLANA PROVINCIA HUANTA DEPARTAMENTO AYACUCHO;I-1;PROVINCIAL;DISTRITAL;0
5743;150135;LIMA;LIMA;SAN MARTIN DE PORRES;-12.030943;-77.0861791;CENTRO DE SALUD PERU IV ZONA;AVENIDA AV  PERU N∫ 3595 - URB. PERU AV  PERU N∫ 3595 - URB. PERU SAN MARTIN DE PORRES LIMA LIMA;I-3;PROVINCIAL;DISTRITAL;0
3629;50114;AYACUCHO;HUAMANGA;VINCHOS;-13.20311929;-74.37497377;PUESTO DE SALUD AëAUPALLACCTA;JR. EL PINO S/N NUMERO S/N DISTRITO VINCHOS PROVINCIA HUAMANGA DEPARTAMENTO AYACUCHO;I-1;PROVINCIAL;DISTRITAL;0
6220;70101;CALLAO;CALLAO;CALLAO;-12.06225097;-77.13794025;PUESTO DE SALUD MANUEL BONILLA;AVENIDA AV. ALMIRANTE MIGUEL GRAU N∫ 1015 DISTRITO CALLAO PROVINCIA CALLAO DEPARTAMENTO CALLAO;I-2;PROVINCIAL;PROVINCIAL;0
17814;150201;LIMA;BARRANCA;BARRANCA;-10.7474554;-77.7576531;CENTRO DE ATENCION PRIMARIA III PEDRO REYES BARBOZA - BARRANCA;AVENIDA AV. EL BOSQUE S/N - URB LAS PALMERAS NUMERO S/N DISTRITO BARRANCA PROVINCIA BARRANCA DEPARTAMENTO LIMA;I-4;DISTRITAL;PROVINCIAL;0
3773;50407;AYACUCHO;HUANTA;SIVIA;-12.601825;-73.849268;PUESTO DE SALUD MATUCANA;OTROS LTE 6 MZ B. MATUCANA DISTRITO SIVIA PROVINCIA HUANTA DEPARTAMENTO AYACUCHO;I-1;PROVINCIAL;DISTRITAL;0
20245;240101;TUMBES;TUMBES;TUMBES;-3.5695573;-80.4606256;"POLICLINICO MILITAR ""GRAL BRIG JORGE GUIMAC BONIFAZ""";AVENIDA AV. TACNA N∫ 101 DISTRITO TUMBES PROVINCIA TUMBES DEPARTAMENTO TUMBES;I-4;DISTRITAL;PROVINCIAL;0
3548;50102;AYACUCHO;HUAMANGA;ACOCRO;-13.2589386;-74.07595013;PUESTO DE SALUD SECCELAMBRAS;OTROS SECCELAMBRAS S/N NUMERO S/N DISTRITO ACOCRO PROVINCIA HUAMANGA DEPARTAMENTO AYACUCHO;I-1;PROVINCIAL;DISTRITAL;0
1293;40110;AREQUIPA;AREQUIPA;MIRAFLORES;-16.395062;-71.523621;CENTRO DE SALUD MIRAFLORES;AVENIDA AV. SAN MARTIN 1216 DISTRITO MIRAFLORES PROVINCIA AREQUIPA DEPARTAMENTO AREQUIPA;I-3;PROVINCIAL;DISTRITAL;0
1250;40104;AREQUIPA;AREQUIPA;CERRO COLORADO;-16.39811426;-71.56848022;PUESTO DE SALUD JOSE SANTOS ATAHUALPA;PROLONGACION PROLONGACION PROGRESO MZ. H LOTE 14 DISTRITO CERRO COLORADO PROVINCIA AREQUIPA DEPARTAMENTO AREQUIPA;I-2;PROVINCIAL;DISTRITAL;0
25207;60801;CAJAMARCA;JAEN;JAEN;-5.71446333;-78.80685184;CENTRO DE SALUD MENTAL COMUNITARIO JAEN;CALLE AYACUCHO 420 A POCOS DE CALLE LOS LAURELES Y AYACUCHO JAEN JAEN CAJAMARCA;I-3;PROVINCIAL;PROVINCIAL;0
3609;50107;AYACUCHO;HUAMANGA;PACAYCASA;-13.05740575;-74.21531765;PUESTO DE SALUD PACAYCASA;JR ESMERALDA DE LOS ANDES K-2 DISTRITO PACAYCASA PROVINCIA HUAMANGA DEPARTAMENTO AYACUCHO;I-2;PROVINCIAL;DISTRITAL;0
9304;150101;LIMA;LIMA;LIMA;-12.0550758;-77.0241856;POSTA MAâDICA CONSTRUCCIAìN CIVIL;PROLONGACION PROLONGACION CANGALLO N¬∞ 670 DISTRITO LA VICTORIA PROVINCIA LIMA DEPARTAMENTO LIMA;I-2;DISTRITAL;PROVINCIAL;0
25590;160101;LORETO;MAYNAS;IQUITOS;-3.7323305;-73.2546289;PUESTO DE SALUD I-1 SAN JUAN DE PURITANIA;CARRETERA KILOMETRO 79 KILOMETRO 79 DISTRITO NAUTA PROVINCIA LORETO DEPARTAMENTO LORETO;I-1;DISTRITAL;PROVINCIAL;0
3631;50114;AYACUCHO;HUAMANGA;VINCHOS;-13.31453012;-74.33964905;PUESTO DE SALUD ARIZONA;PLAZA COMUNIDAD ARIZONA MANZANA A1 LOTE 1 DISTRITO VINCHOS PROVINCIA HUAMANGA DEPARTAMENTO AYACUCHO;I-2;PROVINCIAL;DISTRITAL;0
9218;210501;PUNO;EL COLLAO;ILAVE;-16.0825395;-69.6384724;POLICLINICO ILAVE -  RED ASISTENCIAL PUNO;JR. INDEPENDENCIA N∫ 210 - PLAZA DE ARMAS DISTRITO ILAVE PROVINCIA EL COLLAO DEPARTAMENTO PUNO;I-3;DISTRITAL;PROVINCIAL;0
27325;150203;LIMA;BARRANCA;PATIVILCA;-10.6962244;-77.7757271;CENTRO DE SALUD MENTAL COMUNITARIO DE BARRANCA;OTROS PLAYA PUERTO CHICO S/N EX PRONOIE BARRANCA BARRANCA LIMA;I-3;PROVINCIAL;DISTRITAL;0
26205;150111;LIMA;LIMA;EL AGUSTINO;-12.0618186;-76.9802503;CONSULTORIO MEDICO DE SEDAPAL- SEDE ATE;AVENIDA NICOLAS AYLLON NUMERO 2309 PISO 3 DISTRITO ATE PROVINCIA LIMA DEPARTAMENTO LIMA;I-2;PROVINCIAL;DISTRITAL;0
4205;30215;APURIMAC;ANDAHUAYLAS;SANTA MARIA DE CHICMO;-13.6478326;-73.49924985;PUESTO DE SALUD TARAMBA;AVENIDA AV. 23 DE SETIEMBRE S/N NUMERO S/N DISTRITO SANTA MARIA DE CHICMO PROVINCIA ANDAHUAYLAS DEPARTAMENTO APURIMAC;I-1;PROVINCIAL;DISTRITAL;0
27068;150103;LIMA;LIMA;ATE;-12.01673871;-76.82504094;CENTRO DE SALUD MENTAL COMUNITARIO SANTA ROSA DE HUAYCAN;AVENIDA 15 DE JULIO ZONA D, LOTE 24 LOTE 24 URBANIZACION ACV HUAYCAN DISTRITO ATE PROVINCIA LIMA DEPARTAMENTO LIMA;I-2;PROVINCIAL;DISTRITAL;0
27818;211101;PUNO;SAN ROMAN;JULIACA;-15.53120166;-70.13198252;centro de salud mental comunitario san roman juliaca;URBANIZACION municipal taparachi III etapa sector pentagono hospital materno infantil JULIACA SAN ROMAN PUNO;I-3;DISTRITAL;PROVINCIAL;0
28875;100101;HUANUCO;HUANUCO;HUANUCO;-9.9207648;-76.2410843;CENTRO DE SALUD APARICIO POMARES;PROLONGACION JUNIN SIN NUMERO ENTRE LOS Jr.ES MICAELA BASTIDAS E INDEPENDENCIA HUANUCO HUANUCO HUANUCO;I-3;DISTRITAL;PROVINCIAL;0
1233;40126;AREQUIPA;AREQUIPA;YANAHUARA;-16.38601829;-71.54048923;CENTRO DE SALUD YANAHUARA;CALLE ESQUINA CALLES UGARTE Y ESPINAR S/N NUMERO S/N DISTRITO YANAHUARA PROVINCIA AREQUIPA DEPARTAMENTO AREQUIPA;I-3;PROVINCIAL;DISTRITAL;0
3669;50412;AYACUCHO;HUANTA;CHACA;-12.78415747;-74.20562204;PUESTO DE SALUD CHACA;PLAZA PLAZA PRINCIPAL DE CHACA DISTRITO CHACA PROVINCIA HUANTA DEPARTAMENTO AYACUCHO;I-2;PROVINCIAL;DISTRITAL;0
3616;50109;AYACUCHO;HUAMANGA;SAN JOSE DE TICLLAS;-13.14019156;-74.37033016;PUESTO DE SALUD MOLINOS (RUMIHUASI);OTROS COMUNIDAD DE MOLINOS DISTRITO SAN JOSE DE TICLLAS PROVINCIA HUAMANGA DEPARTAMENTO AYACUCHO;I-1;PROVINCIAL;DISTRITAL;0
3558;50101;AYACUCHO;HUAMANGA;AYACUCHO;-13.1872636;-74.26149444;PUESTO DE SALUD RANCHA;OTROS COMUNIDAD DE RANCHA DISTRITO AYACUCHO PROVINCIA HUAMANGA DEPARTAMENTO AYACUCHO;I-1;PROVINCIAL;PROVINCIAL;0
1299;40106;AREQUIPA;AREQUIPA;CHIGUATA;-16.40277486;-71.39231933;CENTRO DE SALUD CHIGUATA;PLAZA PLAZA PRINCIPAL J-4 CHIGUATA DISTRITO CHIGUATA PROVINCIA AREQUIPA DEPARTAMENTO AREQUIPA;I-3;PROVINCIAL;DISTRITAL;0
1247;40104;AREQUIPA;AREQUIPA;CERRO COLORADO;-16.32541994;-71.59415381;CENTRO DE SALUD CIUDAD MUNICIPAL;"OTROS ZONA ""1"",  MZ LL CIUDAD MUNICIPAL DISTRITO CERRO COLORADO PROVINCIA AREQUIPA DEPARTAMENTO AREQUIPA";I-3;PROVINCIAL;DISTRITAL;0
25226;150125;LIMA;LIMA;PUENTE PIEDRA;-11.93531354;-77.09345572;CENTRO DE SALUD MENTAL COMUNITARIO RENATO CASTRO DE LA MATA;AVENIDA JACARANDA NUMERO S/N PISO 1 URBANIZACION AAHH ENSENADA DISTRITO PUENTE PIEDRA PROVINCIA LIMA DEPARTAMENTO LIMA;I-3;PROVINCIAL;DISTRITAL;0
27572;160101;LORETO;MAYNAS;IQUITOS;-3.737496;-73.244746;CENTRO DE SALUD MENTAL COMUNITARIO - PUNCHANA;CALLE ARGENTINA AA. HH LAS MALVINAS S/N COLEGIO LAS MALVINAS PUNCHANA MAYNAS LORETO;I-3;DISTRITAL;PROVINCIAL;0
3555;50101;AYACUCHO;HUAMANGA;AYACUCHO;-13.15966001;-74.23244555;PUESTO DE SALUD BARRIOS ALTOS;OTROS BARRIOS ALTOS MZ-B1 LOTE 03 DISTRITO AYACUCHO PROVINCIA HUAMANGA DEPARTAMENTO AYACUCHO;I-1;PROVINCIAL;PROVINCIAL;0
30443;50107;AYACUCHO;HUAMANGA;PACAYCASA;-13.0788799;-74.22277017;PUESTO DE SALUD HUAYLLAPAMPA;OTROS LOCALIDAD DE HUAYLLAPAMPA NUMERO S/N DISTRITO PACAYCASA PROVINCIA HUAMANGA DEPARTAMENTO AYACUCHO;I-2;PROVINCIAL;DISTRITAL;0
6266;70106;CALLAO;CALLAO;VENTANILLA;-11.82924006;-77.15931907;PUESTO DE SALUD 3 DE FEBRERO;OTROS MZA V S/N GRUPO RESIDENCIAL B3 SECTOR B PROYECTO PILOTO NUEVO PACHACUTEC NUMERO S/N DISTRITO VENTANILLA PROVINCIA CALLAO DEPARTAMENTO CALLAO;I-2;PROVINCIAL;DISTRITAL;1
8880;150101;LIMA;LIMA;LIMA;-12.0590926;-77.0401513;CENTRO MEDICO ANCIJE;JR. CHOTA N∫ 1449 - CERCADO DE LIMA DISTRITO LIMA PROVINCIA LIMA DEPARTAMENTO LIMA;I-3;DISTRITAL;PROVINCIAL;0
6133;150142;LIMA;LIMA;VILLA EL SALVADOR;-12.2191614;-76.9452898;CENTRO MATERNO INFANTIL JUAN PABLO II;AVENIDA AV. MARIANO PASTOR  SEVILLA S/N ,SECTOR 6,GRUPO 6 NUMERO S/N DISTRITO VILLA EL SALVADOR PROVINCIA LIMA DEPARTAMENTO LIMA;I-4;PROVINCIAL;DISTRITAL;1
6912;50408;AYACUCHO;HUANTA;LLOCHEGUA;-12.45725833;-74.017865;PUESTO DE SALUD CHONGOS CARMEN PAMPA;PLAZA PLAZA PRINCIPAL DISTRITO LLOCHEGUA PROVINCIA HUANTA DEPARTAMENTO AYACUCHO;I-1;PROVINCIAL;DISTRITAL;0
31275;220101;SAN MARTIN;MOYOBAMBA;MOYOBAMBA;-6.0421468;-76.97831239;CENTRO DE SALUD MENTAL COMUNITARIO MOYOBAMBA;Los Caimitos NUMERO SIN NUMERO URBANIZACION Barrio El Belen DISTRITO MOYOBAMBA PROVINCIA MOYOBAMBA DEPARTAMENTO SAN MARTIN;I-3;DISTRITAL;PROVINCIAL;0
30785;250101;UCAYALI;CORONEL PORTILLO;CALLERIA;-8.39377383;-74.57807864;CENTRO DE SALUD MENTAL COMUNITARIO UNIVERSITARIO MAYUSHIN;CARRETERA FEDERICO BASADRE KM 6 200 INTERIOR UNIVERSIDAD NACIONAL DE UCAYALI DISTRITO CALLERIA PROVINCIA CORONEL PORTILLO DEPARTAMENTO UCAYALI;I-3;DISTRITAL;PROVINCIAL;0
32588;200101;PIURA;PIURA;PIURA;-5.187344;-80.65332;CENTRO DE SALUD MENTAL COMUNITARIO VEINTISEIS DE OCTUBRE;AVENIDA GRAU 2439 PIURA POR LA CALLE CASTRO POZO VEINTISEIS DE OCTUBRE PIURA PIURA;I-2;DISTRITAL;PROVINCIAL;0
34658;100101;HUANUCO;HUANUCO;HUANUCO;-9.9207648;-76.2410843;POSTA MEDICA CAP  III  AMARILIS - PILLCO MARCA;LOS ALISOS  CDRA 4 NUMERO CDRA 4 DISTRITO PILLCO MARCA PROVINCIA HUANUCO DEPARTAMENTO HUANUCO;I-2;DISTRITAL;PROVINCIAL;0
3554;50101;AYACUCHO;HUAMANGA;AYACUCHO;-13.16312329;-74.23385457;CENTRO DE SALUD BELEN;JR. 7 DE ABRIL 491 DISTRITO AYACUCHO PROVINCIA HUAMANGA DEPARTAMENTO AYACUCHO;I-3;PROVINCIAL;PROVINCIAL;0
3557;50101;AYACUCHO;HUAMANGA;AYACUCHO;-13.15828223;-74.2340776;PUESTO DE SALUD MORRO DE ARICA;OTROS PP.JJ. LA LIBERTAD MZ H LTE.1B DISTRITO AYACUCHO PROVINCIA HUAMANGA DEPARTAMENTO AYACUCHO;I-2;PROVINCIAL;PROVINCIAL;0
29680;210101;PUNO;PUNO;PUNO;-15.8402218;-70.0218805;CENTRO MEDICO AYAVIRI;GRAU NUMERO 354 DISTRITO AYAVIRI PROVINCIA MELGAR DEPARTAMENTO PUNO;I-3;PROVINCIAL;PROVINCIAL;0
3579;50106;AYACUCHO;HUAMANGA;OCROS;-13.42804947;-73.9040996;PUESTO DE SALUD CHUMBES;OTROS COMUNIDAD DE CHUMBES DISTRITO OCROS PROVINCIA HUAMANGA DEPARTAMENTO AYACUCHO;I-2;PROVINCIAL;DISTRITAL;0
3665;50413;AYACUCHO;HUANTA;PUTIS;-12.62557739;-74.1955548;PUESTO DE SALUD VISCATAN;PLAZA PLAZA PRINCIPAL DE NUEVO RODEO DISTRITO SANTILLANA PROVINCIA HUANTA DEPARTAMENTO AYACUCHO;I-1;PROVINCIAL;DISTRITAL;0
10235;210101;PUNO;PUNO;PUNO;-15.8416987;-70.0201942;POLICLINICO DE SALUD PNP-PUNO;AVENIDA AV. JULIACA S/N ALTO HUASCAR NUMERO S/N DISTRITO PUNO PROVINCIA PUNO DEPARTAMENTO PUNO;I-3;DISTRITAL;PROVINCIAL;0
11354;50110;AYACUCHO;HUAMANGA;SAN JUAN BAUTISTA;-13.20389219;-74.21632247;PUESTO DE SALUD YANAMA;AVENIDA AV LA MAR MZ LOTE1 - SECTOR ANCO DISTRITO CARMEN ALTO PROVINCIA HUAMANGA DEPARTAMENTO AYACUCHO;I-1;PROVINCIAL;DISTRITAL;1
11195;230101;TACNA;TACNA;TACNA;-18.00919833;-70.25849771;CENTRO DE SALUD MILITAR DE LA 3RA. BRIGADA DE CABALLERIA TACNA;AVENIDA AV. GREGORIO ALBARRACIN S/N NUMERO S/N DISTRITO TACNA PROVINCIA TACNA DEPARTAMENTO TACNA;I-3;DISTRITAL;PROVINCIAL;0
18081;100101;HUANUCO;HUANUCO;HUANUCO;-9.93367596;-76.24476835;CENTRO DE ATENCIAìN PRIMARIA III - METROPOLITANO;JR. ABTAO N¬∞ 299 DISTRITO HUANUCO PROVINCIA HUANUCO DEPARTAMENTO HUANUCO;I-3;DISTRITAL;PROVINCIAL;0
28947;120101;JUNIN;HUANCAYO;HUANCAYO;-12.07703523;-75.2051515;CENTRO DE SALUD MENTAL COMUNITARIO CHILCA;CALLE REAL NUMERO 100 PISO 1 DISTRITO CHILCA PROVINCIA HUANCAYO DEPARTAMENTO JUNIN;I-3;DISTRITAL;PROVINCIAL;0
7;160101;LORETO;MAYNAS;IQUITOS;-3.75344;-73.35446;"I-4 CENTRO DE SALUD MORONA COCHA ""JORGE AREVALO MELHO""";OTROS CABALLERO LASTRE SIN NUMERO DISTRITO IQUITOS PROVINCIA MAYNAS DEPARTAMENTO LORETO;I-4;DISTRITAL;PROVINCIAL;0
10900;110101;ICA;ICA;ICA;-14.07546;-75.7341811;POLICLINICO POLICIAL ICA;CALLE CALLE HUANUCO N¬∞ 480 DISTRITO ICA PROVINCIA ICA DEPARTAMENTO ICA;I-3;DISTRITAL;PROVINCIAL;0
3771;50409;AYACUCHO;HUANTA;CANAYRE;-12.281745;-74.02379833;PUESTO DE SALUD CANAYRE;OTROS LOTE: 05 MANZANA: P CANAYRE DISTRITO CANAYRE PROVINCIA HUANTA DEPARTAMENTO AYACUCHO;I-2;PROVINCIAL;DISTRITAL;0
3620;50112;AYACUCHO;HUAMANGA;SOCOS;-13.16538704;-74.29556647;PUESTO DE SALUD SANTA ROSA DE COCHABAMBA;PLAZA PLAZA PRINCIPAL DISTRITO SOCOS PROVINCIA HUAMANGA DEPARTAMENTO AYACUCHO;I-1;PROVINCIAL;DISTRITAL;0
3633;50114;AYACUCHO;HUAMANGA;VINCHOS;-13.1743511;-74.41696112;PUESTO DE SALUD SAN JUAN CULLUHUANCCA;PLAZA PLAZA PRINCIPAL S/N NUMERO S/N DISTRITO VINCHOS PROVINCIA HUAMANGA DEPARTAMENTO AYACUCHO;I-1;PROVINCIAL;DISTRITAL;0
3647;50411;AYACUCHO;HUANTA;PUCACOLPA;-12.42020401;-74.48951756;PUESTO DE SALUD HUALLHUA;PLAZA PLAZA PRINCIPAL DE HUALLHUA DISTRITO PUCACOLPA PROVINCIA HUANTA DEPARTAMENTO AYACUCHO;I-2;PROVINCIAL;DISTRITAL;0
6231;70101;CALLAO;CALLAO;CALLAO;-12.0410186;-77.12248919;PUESTO DE SALUD RAMON CASTILLA;JR. CUZCO S/N PP.JJ. RAMON CASTILLA NUMERO S/N DISTRITO CALLAO PROVINCIA CALLAO DEPARTAMENTO CALLAO;I-2;PROVINCIAL;PROVINCIAL;0
3653;50404;AYACUCHO;HUANTA;IGUAIN;-13.01206167;-74.24662833;PUESTO DE SALUD  ALLCOHUILLCA;PLAZA PLAZA PRINCIPAL DE ALLCOHUILLCA DISTRITO IGUAIN PROVINCIA HUANTA DEPARTAMENTO AYACUCHO;I-1;PROVINCIAL;DISTRITAL;0
6911;50407;AYACUCHO;HUANTA;SIVIA;-12.72743167;-73.94693;PUESTO DE SALUD TUTUMBARU;PLAZA PLAZA PRINCIPAL TUTUMBARU DISTRITO SIVIA PROVINCIA HUANTA DEPARTAMENTO AYACUCHO;I-1;PROVINCIAL;DISTRITAL;0
29247;250101;UCAYALI;CORONEL PORTILLO;CALLERIA;-8.3833115;-74.5324882;"CENTRO DE SALUD MENTAL COMUNITARIO ""NUEVO AMANECER""";AVENIDA SAN FERNANDO MANZANA 14 LOTE 7 DISTRITO MANANTAY PROVINCIA CORONEL PORTILLO DEPARTAMENTO UCAYALI;I-3;DISTRITAL;PROVINCIAL;0
1248;40104;AREQUIPA;AREQUIPA;CERRO COLORADO;-16.38425942;-71.57119329;CENTRO DE SALUD ALTO LIBERTAD;"ESQUINA Jr.MIGUEL GRAU AREQUIPA, ZONA ""A"" COMITE ""Z"" PUEBLO JOVEN ALTO LIBERTAD DISTRITO CERRO COLORADO PROVINCIA AREQUIPA DEPARTAMENTO AREQUIPA";I-3;PROVINCIAL;DISTRITAL;0
1263;40129;AREQUIPA;AREQUIPA;JOSE LUIS BUSTAMANTE Y RIVERO;-16.43296376;-71.53053591;PUESTO DE SALUD 13 DE ENERO;CALLE CALLE MARISCAL CASTILLA 107 URB. 13 DE ENERO DISTRITO JOSE LUIS BUSTAMANTE Y RIVERO PROVINCIA AREQUIPA DEPARTAMENTO AREQUIPA;I-2;PROVINCIAL;DISTRITAL;0
1267;40129;AREQUIPA;AREQUIPA;JOSE LUIS BUSTAMANTE Y RIVERO;-16.42567922;-71.54249357;PUESTO DE SALUD CERRO JULI;CALLE CALLE EDMUNDO ESCOMEL S/N NUMERO S/N DISTRITO JOSE LUIS BUSTAMANTE Y RIVERO PROVINCIA AREQUIPA DEPARTAMENTO AREQUIPA;I-2;PROVINCIAL;DISTRITAL;0
1270;40122;AREQUIPA;AREQUIPA;SOCABAYA;-16.45366513;-71.52755711;PUESTO DE SALUD LARA;OTROS PJE LA RONDA S/N LARA NUMERO S/N DISTRITO SOCABAYA PROVINCIA AREQUIPA DEPARTAMENTO AREQUIPA;I-2;PROVINCIAL;DISTRITAL;0
6140;150143;LIMA;LIMA;VILLA MARIA DEL TRIUNFO;-12.1733468;-76.9338322;CENTRO DE SALUD NUEVA ESPERANZA;AVENIDA AV. 26 DE NOVIEMBRE 835 NVA. ESPERANZA AV. 26 DE NOVIEMBRE 835 NVA. ESPERANZA VILLA MARIA DEL TRIUNFO LIMA LIMA;I-3;PROVINCIAL;DISTRITAL;0
6145;150143;LIMA;LIMA;VILLA MARIA DEL TRIUNFO;-12.2210199;-76.92037;PUESTO DE SALUD NUEVO PROGRESO;OTROS PUEBLO JOVEN NUEVO PROGRESO SECTOR I PUEBLO JOVEN NUEVO PROGRESO SECTOR I VILLA MARIA DEL TRIUNFO LIMA LIMA;I-2;PROVINCIAL;DISTRITAL;2
6363;220910;SAN MARTIN;SAN MARTIN;MORALES;-6.49117631;-76.38191502;PUESTO DE SALUD ATUMPAMPA;JR. COLON N¬∞ 560 CP ATUMPAMPA DISTRITO TARAPOTO PROVINCIA SAN MARTIN DEPARTAMENTO SAN MARTIN;I-2;PROVINCIAL;DISTRITAL;0
6838;50112;AYACUCHO;HUAMANGA;SOCOS;-13.17640592;-74.30715378;PUESTO DE SALUD LUYANTA;PLAZA PLAZA PRINCIPAL DISTRITO SOCOS PROVINCIA HUAMANGA DEPARTAMENTO AYACUCHO;I-1;PROVINCIAL;DISTRITAL;0
6264;70106;CALLAO;CALLAO;VENTANILLA;-11.83522846;-77.15849933;PUESTO DE SALUD BAHAçA BLANCA;OTROS MZA P.1 -LOTE 1 PROYECTO PACHACUTEC DISTRITO VENTANILLA PROVINCIA CALLAO DEPARTAMENTO CALLAO;I-2;PROVINCIAL;DISTRITAL;0
10451;70101;CALLAO;CALLAO;CALLAO;-12.01221274;-77.09781813;POSTA MAâDICA POLICIAL VIPOL;AVENIDA AVENIDA NENUFARES CDRA. 4 ESQUINA CON CALLE LAS CAMELIAS CDRA.2 DISTRITO CALLAO PROVINCIA CALLAO DEPARTAMENTO CALLAO;I-2;PROVINCIAL;PROVINCIAL;0
10573;70106;CALLAO;CALLAO;VENTANILLA;-11.87151;-77.122435;POSTA MEDICA POLICIAL VENTANILLA;AVENIDA AV. PEDRO BELTRAN 386 URB SATELITE DISTRITO VENTANILLA PROVINCIA CALLAO DEPARTAMENTO CALLAO;I-2;PROVINCIAL;DISTRITAL;0
11833;140101;LAMBAYEQUE;CHICLAYO;CHICLAYO;-6.772645;-79.84668833;HOSPITAL REGIONAL POLICIAL CHICLAYO;PARQUE FEDERICO VILLARREAL N∫245 URB LOS PARQUES-CHICLAYO DISTRITO CHICLAYO PROVINCIA CHICLAYO DEPARTAMENTO LAMBAYEQUE;I-4;DISTRITAL;PROVINCIAL;0
10365;50411;AYACUCHO;HUANTA;PUCACOLPA;-12.35005833;-74.43818833;PUESTO DE SALUD PUCACOLPA;PLAZA PLAZA PRINCIPAL DE PUCACOLPA DISTRITO PUCACOLPA PROVINCIA HUANTA DEPARTAMENTO AYACUCHO;I-1;PROVINCIAL;DISTRITAL;0
12459;40104;AREQUIPA;AREQUIPA;CERRO COLORADO;-16.3825985;-71.5567312;CENTRO DE SALUD MENTAL MOISES HERESI;AVENIDA AVENIDA PUMACAHUA S/N, CERRO COLORADO NUMERO S/N DISTRITO CERRO COLORADO PROVINCIA AREQUIPA DEPARTAMENTO AREQUIPA;I-2;PROVINCIAL;DISTRITAL;0
5739;150106;LIMA;LIMA;CARABAYLLO;-11.8770066;-77.0095277;PUESTO DE SALUD LUIS ENRIQUE;AVENIDA AV MANUEL PRADO CUADRA 7 S/N - EL PROGRESO 4TO SECTOR NUMERO S/N DISTRITO CARABAYLLO PROVINCIA LIMA DEPARTAMENTO LIMA;I-2;PROVINCIAL;DISTRITAL;0
2883;230102;TACNA;TACNA;ALTO DE LA ALIANZA;-17.99417176;-70.24856963;CENTRO DE SALUD LA ESPERANZA;AVENIDA AV.JORGE BASADRE N∫1100 AV.JORGE BASADRE N∫1100 ALTO DE LA ALIANZA TACNA TACNA;I-4;PROVINCIAL;DISTRITAL;0
2908;230111;TACNA;TACNA;LA YARADA LOS PALOS;-18.29243101;-70.43370966;PUESTO DE SALUD LOS PALOS;OTROS CPM.  LOS PALOS S/N NUMERO S/N DISTRITO LA YARADA LOS PALOS PROVINCIA TACNA DEPARTAMENTO TACNA;I-2;PROVINCIAL;DISTRITAL;0
3630;50114;AYACUCHO;HUAMANGA;VINCHOS;-13.24407887;-74.35620052;CENTRO DE SALUD VINCHOS;PLAZA PLAZA PRINCIPAL DE VINCHOS DISTRITO VINCHOS PROVINCIA HUAMANGA DEPARTAMENTO AYACUCHO;I-4;PROVINCIAL;DISTRITAL;0
24761;70101;CALLAO;CALLAO;CALLAO;-12.0508491;-77.1259843;CONSULTORIOS MAâDICOS MUNICIPALES MONSEAëOR LUIS VALLEJOS SANTONI;MALECAìN PARDO NUMERO S/N DISTRITO LA PUNTA PROVINCIA CALLAO DEPARTAMENTO CALLAO;I-2;PROVINCIAL;PROVINCIAL;0
9163;150125;LIMA;LIMA;PUENTE PIEDRA;-11.8628584;-77.0801408;POLICLINICO PUENTE PIEDRA;AVENIDA AV. BUENOS AIRES 652 DISTRITO PUENTE PIEDRA PROVINCIA LIMA DEPARTAMENTO LIMA;I-3;PROVINCIAL;DISTRITAL;0
10228;230101;TACNA;TACNA;TACNA;-18.00277917;-70.24414725;CENTRO DE ATENCION PRIMARIA II  OSCAR FERNANDEZ DAVILA VAâLEZ;CALLE CALLE TARAPACA N∫ 1035 URB FCO G. VIGIL DISTRITO TACNA PROVINCIA TACNA DEPARTAMENTO TACNA;I-2;DISTRITAL;PROVINCIAL;0
28409;200101;PIURA;PIURA;PIURA;-5.1782884;-80.6548882;CENTRO DE SALUD MENTAL COMUNITARIO PIURA;OTROS ASENTAMIENTO HUMANO VICTOR RAUL HAYA DE LA TORRE E1 02 CENTRO DE SALUD VICTOR RAUL PIURA PIURA PIURA;I-3;DISTRITAL;PROVINCIAL;0
6315;220101;SAN MARTIN;MOYOBAMBA;MOYOBAMBA;-5.95419654;-76.91412962;PUESTO DE SALUD SUGLLAQUIRO;JR. ALFONSO UGARTE S/N, CENTRO POBLADO SUGLLAQUIRO S/N JR. ALFONSO UGARTE S/N, CENTRO POBLADO SUGLLAQUIRO MOYOBAMBA MOYOBAMBA SAN MARTIN;I-2;DISTRITAL;PROVINCIAL;0
17391;150101;LIMA;LIMA;LIMA;-12.05829209;-77.03984441;POLICLINICO COIP;AVENIDA ESPAAëA NUMERO 323 DISTRITO LIMA PROVINCIA LIMA DEPARTAMENTO LIMA;I-3;DISTRITAL;PROVINCIAL;0
25161;50405;AYACUCHO;HUANTA;LURICOCHA;-12.89560364;-74.28349203;PUESTO DE SALUD AICAS;AVENIDA REPUBLICA DE AICAS NUMERO S/N MANZANA Y DISTRITO LURICOCHA PROVINCIA HUANTA DEPARTAMENTO AYACUCHO;I-1;PROVINCIAL;DISTRITAL;0
1308;40109;AREQUIPA;AREQUIPA;MARIANO MELGAR;-16.397108;-71.500494;PUESTO DE SALUD ATALAYA;OTROS ACTUALIZAR ACTUALIZAR MARIANO MELGAR AREQUIPA AREQUIPA;I-2;PROVINCIAL;DISTRITAL;0
27097;220101;SAN MARTIN;MOYOBAMBA;MOYOBAMBA;-5.92506725;-76.89924637;PUESTO DE SALUD EL CONDOR;HUANCABAMBA NUMERO SN DISTRITO MOYOBAMBA PROVINCIA MOYOBAMBA DEPARTAMENTO SAN MARTIN;I-1;DISTRITAL;PROVINCIAL;0
3600;50110;AYACUCHO;HUAMANGA;SAN JUAN BAUTISTA;-13.17579197;-74.1999012;CENTRO DE SALUD MIRAFLORES;AVENIDA AV. VENEZUELA S/N NUMERO S/N DISTRITO SAN JUAN BAUTISTA PROVINCIA HUAMANGA DEPARTAMENTO AYACUCHO;I-3;PROVINCIAL;DISTRITAL;0
3634;50114;AYACUCHO;HUAMANGA;VINCHOS;-13.2632489;-74.48136988;PUESTO DE SALUD CCOAëANI;PLAZA PLAZA PRINCIPAL DE CCOAëANI DISTRITO VINCHOS PROVINCIA HUAMANGA DEPARTAMENTO AYACUCHO;I-1;PROVINCIAL;DISTRITAL;0
6327;220103;SAN MARTIN;MOYOBAMBA;HABANA;-6.08042667;-77.09056333;CENTRO DE SALUD HABANA;AVENIDA AV. NICOLAÅS DE PIAâROLA S/N NUMERO S/N DISTRITO HABANA PROVINCIA MOYOBAMBA DEPARTAMENTO SAN MARTIN;I-3;PROVINCIAL;DISTRITAL;0
18950;60801;CAJAMARCA;JAEN;JAEN;-5.70783986;-78.806654;POLICLINICO POLICIAL JAEN;CALLE CALLE CAJAMARCA N¬∞ 340 DISTRITO JAEN PROVINCIA JAEN DEPARTAMENTO CAJAMARCA;I-3;PROVINCIAL;PROVINCIAL;0
28923;240101;TUMBES;TUMBES;TUMBES;-3.56101629;-80.42115009;"CENTRO DE SALUD MENTAL COMUNITARIO ""VIRGEN DEL CISNE""";"OTROS VIRGEN DEL CISNE ASENTAMIENTO HUMANO L 03 FRENTE A COMPLEJO DEPORTIVO ""VIRGEN DEL CISNE"" TUMBES TUMBES TUMBES";I-3;DISTRITAL;PROVINCIAL;0
11448;40104;AREQUIPA;AREQUIPA;CERRO COLORADO;-16.35071237;-71.56853725;HOSPITAL REGIONAL DEL SUR;AVENIDA AVENIDA AVIACION S/N NUMERO S/N DISTRITO CERRO COLORADO PROVINCIA AREQUIPA DEPARTAMENTO AREQUIPA;I-4;PROVINCIAL;DISTRITAL;0
25688;30216;APURIMAC;ANDAHUAYLAS;TALAVERA;-13.65334578;-73.43093966;"CENTRO DE SALUD MENTAL COMUNITARIO  ""PRADERA DE LOS CELAJES""";AVENIDA 28 DE JULIO NUMERO 296 PISO 1 DISTRITO TALAVERA PROVINCIA ANDAHUAYLAS DEPARTAMENTO APURIMAC;I-2;PROVINCIAL;DISTRITAL;0
27666;50401;AYACUCHO;HUANTA;HUANTA;-12.9319864;-74.2554476;PUESTO DE SALUD JERUSALEN;LOS ANDES NUMERO 121 PISO 2 DISTRITO HUANTA PROVINCIA HUANTA DEPARTAMENTO AYACUCHO;I-2;PROVINCIAL;PROVINCIAL;0
27954;230101;TACNA;TACNA;TACNA;-18.03546375;-70.27485521;"CENTRO DE SALUD MENTAL COMUNITARIO ""LA HEROICA""";AVENIDA AVENIDA GUARDIA CIVIL CON LA ESQUINA DE LA AVENIDA JOSE GALVEZ SIN NUMERO 2 AL COSTADO DEL MINISTERIO DE TRABAJO TACNA TACNA TACNA;I-2;DISTRITAL;PROVINCIAL;0
11216;30104;APURIMAC;ABANCAY;CURAHUASI;-13.53678672;-72.69819253;CENTRO DE ATENCION PRIMARIA I CURAHUASI;JR. ABANCAY N∫ 331 DISTRITO CURAHUASI PROVINCIA ABANCAY DEPARTAMENTO APURIMAC;I-2;PROVINCIAL;DISTRITAL;0
3566;50105;AYACUCHO;HUAMANGA;CHIARA;-13.40253279;-74.22094319;PUESTO DE SALUD LLACHOCCMAYO;OTROS COMUNIDAD DE LLACHOCCMAYO DISTRITO CHIARA PROVINCIA HUAMANGA DEPARTAMENTO AYACUCHO;I-1;PROVINCIAL;DISTRITAL;0
11528;230101;TACNA;TACNA;TACNA;-18.01568584;-70.25432782;POLICLINICO POLICIAL TACNA;CALLE CALLE BLONDELL N∫ 110 DISTRITO TACNA PROVINCIA TACNA DEPARTAMENTO TACNA;I-3;DISTRITAL;PROVINCIAL;0
6200;150122;LIMA;LIMA;MIRAFLORES;-12.1189648;-77.0366847;CENTRO DE SALUD SANTA CRUZ DE MIRAFLORES;AVENIDA AV. JOSE PARDO N¬∞ 796 DISTRITO MIRAFLORES PROVINCIA LIMA DEPARTAMENTO LIMA;I-3;PROVINCIAL;DISTRITAL;0
6222;70101;CALLAO;CALLAO;CALLAO;-12.05194895;-77.1028097;PUESTO DE SALUD CALLAO;CALLE CALLE CANCHONES N∫ 294 - URB.TARAPACA DISTRITO CALLAO PROVINCIA CALLAO DEPARTAMENTO CALLAO;I-2;PROVINCIAL;PROVINCIAL;0
6155;150143;LIMA;LIMA;VILLA MARIA DEL TRIUNFO;-12.1418352;-76.9492584;CENTRO DE SALUD MENTAL COMUNITARIO SAN GABRIEL ALTO;OTROS PUEBLO JOVEN JOSE CARLOS MARIATEGUI MZ SPCO LOTE TPA ETAPA SEXTA SECTOR SAN GABRIEL DISTRITO VILLA MARIA DEL TRIUNFO PROVINCIA LIMA DEPARTAMENTO LIMA;I-3;PROVINCIAL;DISTRITAL;0
31271;70102;CALLAO;CALLAO;BELLAVISTA;-12.0613052;-77.1172487;CENTRO DE SALUD MENTAL COMUNITARIO UNIVERSITARIO CALLAO;JUAN PABLO II 306 4 DENTRO DE LA UNIVERSIDAD NACIONAL DEL CALLAO BELLAVISTA CALLAO CALLAO;I-2;PROVINCIAL;DISTRITAL;0
32053;130101;LA LIBERTAD;TRUJILLO;TRUJILLO;-8.0947692;-79.0218325;CENTRO DE SALUD EJERCITO PERUANO;AVENIDA AMERICA S/N URBANIZACION PAY PAY DISTRITO TRUJILLO PROVINCIA TRUJILLO DEPARTAMENTO LA LIBERTAD;I-4;DISTRITAL;PROVINCIAL;0
32056;40110;AREQUIPA;AREQUIPA;MIRAFLORES;-16.38666903;-71.51697445;CENTRO DE SALUD MENTAL COMUNITARIO MIRAFLORES;AVENIDA SAN MARTIN CON GONZALES PRADA MANZANA E LOTE 28 DISTRITO MIRAFLORES PROVINCIA AREQUIPA DEPARTAMENTO AREQUIPA;I-3;PROVINCIAL;DISTRITAL;0
34572;30104;APURIMAC;ABANCAY;CURAHUASI;-13.537735;-72.7001397;CENTRO DE ATENCION PRIMARIA II CURAHUASI;CALLE LOS GERANIOS NUMERO S/N PISO 1 DISTRITO CURAHUASI PROVINCIA ABANCAY DEPARTAMENTO APURIMAC;I-3;PROVINCIAL;DISTRITAL;0
35008;150103;LIMA;LIMA;ATE;-12.02030225;-76.88602169;CENTRO DE SALUD MENTAL COMUNITARIO LUZ DE ESPERANZA;AVENIDA SAN ALFONSO MZ B LT 1 NIAëO JESUS 1ERA ETAPA - SANTA CLARA DISTRITO ATE PROVINCIA LIMA DEPARTAMENTO LIMA;I-2;PROVINCIAL;DISTRITAL;0
36180;40101;AREQUIPA;AREQUIPA;AREQUIPA;-16.41398755;-71.53323031;CENTRO DE SALUD MENTAL COMUNITARIO UNIVERSITARIO SAN AGUSTIN;AVENIDA DANIEL ALCIDES CARRION S/N 2 UNSA  BIOMEDICAS DEPARTAMENTO MEDICO AREQUIPA AREQUIPA AREQUIPA;I-3;PROVINCIAL;PROVINCIAL;0
36395;150114;LIMA;LIMA;LA MOLINA;-12.0658903;-76.9543797;CENTRO DE SALUD MENTAL COMUNITARIO LA MOLINA;AVENIDA CONSTRUCTORES 444 ACACIAS DE MONTERRICO LA MOLINA LA MOLINA LIMA LIMA;I-2;PROVINCIAL;DISTRITAL;0
3562;50104;AYACUCHO;HUAMANGA;CARMEN ALTO;-13.18206138;-74.21998482;CENTRO DE SALUD VISTA ALEGRE;AVENIDA AV. NUEVA GENERACION S/N NUMERO S/N DISTRITO CARMEN ALTO PROVINCIA HUAMANGA DEPARTAMENTO AYACUCHO;I-3;PROVINCIAL;DISTRITAL;0
3567;50105;AYACUCHO;HUAMANGA;CHIARA;-13.47155858;-74.14379157;PUESTO DE SALUD MANALLASACC;CARRETERA CARRETERA PRINCIPAL - VILCASHUAMAN DISTRITO CHIARA PROVINCIA HUAMANGA DEPARTAMENTO AYACUCHO;I-2;PROVINCIAL;DISTRITAL;0
3590;50114;AYACUCHO;HUAMANGA;VINCHOS;-13.40421947;-74.34842567;CENTRO DE  SALUD PUTACCA;PLAZA PLAZA PRINCIPAL DE PUTACCA DISTRITO VINCHOS PROVINCIA HUAMANGA DEPARTAMENTO AYACUCHO;I-3;PROVINCIAL;DISTRITAL;0
3550;50113;AYACUCHO;HUAMANGA;TAMBILLO;-13.12172637;-74.14938792;PUESTO DE SALUD NIAëO  YUCAY;OTROS COMUNIDAD DE NIAëO DE YUCAY DISTRITO TAMBILLO PROVINCIA HUAMANGA DEPARTAMENTO AYACUCHO;I-1;PROVINCIAL;DISTRITAL;0
3551;50103;AYACUCHO;HUAMANGA;ACOS VINCHOS;-13.11269391;-74.10176258;CENTRO DE SALUD ACOSVINCHOS;PLAZA A 3 CUADRAS DE LA PLAZA PRINCIPAL DISTRITO ACOS VINCHOS PROVINCIA HUAMANGA DEPARTAMENTO AYACUCHO;I-3;PROVINCIAL;DISTRITAL;0
3553;50103;AYACUCHO;HUAMANGA;ACOS VINCHOS;-13.14182325;-74.08137685;PUESTO DE SALUD URPAY;PLAZA PLAZA PRINCIPAL DE URPAY DISTRITO ACOS VINCHOS PROVINCIA HUAMANGA DEPARTAMENTO AYACUCHO;I-1;PROVINCIAL;DISTRITAL;0
3560;50104;AYACUCHO;HUAMANGA;CARMEN ALTO;-13.17670264;-74.22515157;CENTRO DE SALUD CARMEN ALTO;JR. TAHUANTINSUYO S/N NUMERO S/N DISTRITO CARMEN ALTO PROVINCIA HUAMANGA DEPARTAMENTO AYACUCHO;I-3;PROVINCIAL;DISTRITAL;0
3545;50102;AYACUCHO;HUAMANGA;ACOCRO;-13.30942417;-73.97271538;PUESTO DE SALUD CCOLLCCA;PLAZA PLAZA PRINCIPAL DISTRITO ACOCRO PROVINCIA HUAMANGA DEPARTAMENTO AYACUCHO;I-1;PROVINCIAL;DISTRITAL;0
10258;70101;CALLAO;CALLAO;CALLAO;-12.03501833;-77.13737167;"HOSPITAL DE LA BASE NAVAL DEL CALLAO ""PMUM""";AVENIDA AV. CONTRALMIRANTE MORA S/N BASE NAVAL DEL CALLAO S/N AV. CONTRALMIRANTE MORA S/N BASE NAVAL DEL CALLAO CALLAO CALLAO CALLAO;I-4;PROVINCIAL;PROVINCIAL;0
21417;250101;UCAYALI;CORONEL PORTILLO;CALLERIA;-8.39101862;-74.54506736;CENTRO MEDICO MUNICIPAL DE ATENCION BASICA;OTROS AAHH 9 OCTUBRE LT 2 MZ 24 DISTRITO CALLERIA PROVINCIA CORONEL PORTILLO DEPARTAMENTO UCAYALI;I-3;DISTRITAL;PROVINCIAL;0
29;160113;LORETO;MAYNAS;SAN JUAN BAUTISTA;-3.78567154;-73.33914568;C.S. I-3 SANTA CLARA DE NANAY;OTROS CASERIO DE SANTA CLARA DE NANAY SIN NUMERO DISTRITO SAN JUAN BAUTISTA PROVINCIA MAYNAS DEPARTAMENTO LORETO;I-3;PROVINCIAL;DISTRITAL;0
2920;230101;TACNA;TACNA;TACNA;-18.03370906;-70.27622859;CENTRO DE SALUD AUGUSTO B. LEGUIA;AVENIDA AV. 200 MILLAS S/N S/N AV. 200 MILLAS S/N TACNA TACNA TACNA;I-3;DISTRITAL;PROVINCIAL;0
1316;40112;AREQUIPA;AREQUIPA;PAUCARPATA;-16.40853203;-71.49421984;PUESTO DE SALUD MIGUEL GRAU  MODULO A;AVENIDA AV. AREQUIPA-TUPAC AMARU-MIGUEL GRAU ZONA A AV. AREQUIPA-TUPAC AMARU-MIGUEL GRAU ZONA A PAUCARPATA AREQUIPA AREQUIPA;I-2;PROVINCIAL;DISTRITAL;0
1236;40104;AREQUIPA;AREQUIPA;CERRO COLORADO;-16.37727084;-71.55824416;CENTRO DE SALUD CERRO COLORADO;AVENIDA AVENIDA VILLA HERMOSA 320 URBANIZACION LA LIBERTAD DISTRITO CERRO COLORADO PROVINCIA AREQUIPA DEPARTAMENTO AREQUIPA;I-3;PROVINCIAL;DISTRITAL;0
3673;50402;AYACUCHO;HUANTA;AYAHUANCO;-12.58067775;-74.36176917;PUESTO DE SALUD QOCHACC;PLAZA PLAZA PRINCIPAL DE QOCHACC DISTRITO AYAHUANCO PROVINCIA HUANTA DEPARTAMENTO AYACUCHO;I-1;PROVINCIAL;DISTRITAL;0
3774;50407;AYACUCHO;HUANTA;SIVIA;-12.48872;-73.94510833;PUESTO DE SALUD SAN GERARDO;PLAZA PLAZA PRINCIPAL SAN GERARDO DISTRITO SIVIA PROVINCIA HUANTA DEPARTAMENTO AYACUCHO;I-1;PROVINCIAL;DISTRITAL;0
3775;50407;AYACUCHO;HUANTA;SIVIA;-12.57937167;-73.85807333;CENTRO DE SALUD TRIBOLINE;PLAZA PLAZA PRINCIPAL TRIBOLINE DISTRITO SIVIA PROVINCIA HUANTA DEPARTAMENTO AYACUCHO;I-3;PROVINCIAL;DISTRITAL;0
3632;50114;AYACUCHO;HUAMANGA;VINCHOS;-13.20745554;-74.40736441;PUESTO DE SALUD PACCHA;PLAZA PLAZA PRINCIPAL DISTRITO VINCHOS PROVINCIA HUAMANGA DEPARTAMENTO AYACUCHO;I-2;PROVINCIAL;DISTRITAL;0
3654;50404;AYACUCHO;HUANTA;IGUAIN;-12.994925;-74.20873167;PUESTO DE SALUD IGUAIN;PLAZA PLAZA PRINCIPAL DE IGUAIN DISTRITO IGUAIN PROVINCIA HUANTA DEPARTAMENTO AYACUCHO;I-2;PROVINCIAL;DISTRITAL;0
27181;150141;LIMA;LIMA;SURQUILLO;-12.112988;-77.016678;CONSULTORIO MEDICO DE SEDAPAL- SEDE SURQUILLO;AVENIDA ANGAMOS ESTE NUMERO 1450 DISTRITO SURQUILLO PROVINCIA LIMA DEPARTAMENTO LIMA;I-2;PROVINCIAL;DISTRITAL;0
6768;70101;CALLAO;CALLAO;CALLAO;-11.97311497;-77.12072418;PUESTO DE SALUD PALMERAS DE OQUENDO;CALLE CALLE MARLEN MZ H2-LOTE 5 Y 6 DISTRITO CALLAO PROVINCIA CALLAO DEPARTAMENTO CALLAO;I-2;PROVINCIAL;PROVINCIAL;0
6196;150120;LIMA;LIMA;MAGDALENA DEL MAR;-12.0886944;-77.0686271;CENTRO DE SALUD MATERNO INFANTIL MAGDALENA;JR. JUNAçN 322 DISTRITO MAGDALENA DEL MAR PROVINCIA LIMA DEPARTAMENTO LIMA;I-4;PROVINCIAL;DISTRITAL;0
6197;150131;LIMA;LIMA;SAN ISIDRO;-12.1067332;-77.0549116;CENTRO DE SALUD SAN ISIDRO;AVENIDA AV. PEREZ ARANIBAR (DEL EJAâRCITO) 1756 DISTRITO SAN ISIDRO PROVINCIA LIMA DEPARTAMENTO LIMA;I-3;PROVINCIAL;DISTRITAL;0
3675;50402;AYACUCHO;HUANTA;AYAHUANCO;-12.51962467;-74.3741411;PUESTO DE SALUD PAMPA CCORIS;PLAZA PLAZA PRINCIPAL DE PAMPA CORIS DISTRITO AYAHUANCO PROVINCIA HUANTA DEPARTAMENTO AYACUCHO;I-1;PROVINCIAL;DISTRITAL;0
6907;50101;AYACUCHO;HUAMANGA;AYACUCHO;-13.17161152;-74.23165859;PUESTO DE SALUD SANTA ANA;OTROS CENTRO POBLADO SANTA ANA MZ.C3 LTE.1 DISTRITO AYACUCHO PROVINCIA HUAMANGA DEPARTAMENTO AYACUCHO;I-1;PROVINCIAL;PROVINCIAL;0
1281;40124;AREQUIPA;AREQUIPA;UCHUMAYO;-16.444755;-71.619783;CENTRO DE SALUD CONGATA;PLAZA PLAZA PRINCIPAL S/N - CONGATA NUMERO S/N DISTRITO UCHUMAYO PROVINCIA AREQUIPA DEPARTAMENTO AREQUIPA;I-3;PROVINCIAL;DISTRITAL;0
6188;150101;LIMA;LIMA;LIMA;-12.0411673;-77.0623558;PUESTO DE SALUD RESCATE;JR PRATT S/N AAHH 11 DE OCTUBRE NUMERO S/N DISTRITO LIMA PROVINCIA LIMA DEPARTAMENTO LIMA;I-2;DISTRITAL;PROVINCIAL;0
6152;150143;LIMA;LIMA;VILLA MARIA DEL TRIUNFO;-12.147521;-76.950802;CENTRO MATERNO INFANTIL JOSE CARLOS MARIATEGUI;AVENIDA SIMAìN BOLAçVAR ESQUINA JR. MARIANO NECOCHEA S/N DISTRITO VILLA MARIA DEL TRIUNFO PROVINCIA LIMA DEPARTAMENTO LIMA;I-4;PROVINCIAL;DISTRITAL;0
8036;30101;APURIMAC;ABANCAY;ABANCAY;-13.63107169;-72.88813747;POLICLINICO POLICIAL ABANCAY;JR. SANIDAD S/N BARRIO POLICIAL VILLA AMPAY NUMERO S/N DISTRITO ABANCAY PROVINCIA ABANCAY DEPARTAMENTO APURIMAC;I-3;PROVINCIAL;PROVINCIAL;0
9323;170101;MADRE DE DIOS;TAMBOPATA;TAMBOPATA;-12.58841408;-69.18325468;POSTA MEDICA DE LA 6ta BRIGADA DE FUERZAS ESPECIALES;JR. CUSCO CUADRA 10 S/N NUMERO S/N DISTRITO TAMBOPATA PROVINCIA TAMBOPATA DEPARTAMENTO MADRE DE DIOS;I-2;DISTRITAL;PROVINCIAL;0
6653;50401;AYACUCHO;HUANTA;HUANTA;-12.87773167;-74.22252333;PUESTO DE SALUD SAN ANTONIO DE CULLUCHACA;PLAZA PLAZA PRINCIPAL DE CULLUCHACA DISTRITO HUANTA PROVINCIA HUANTA DEPARTAMENTO AYACUCHO;I-1;PROVINCIAL;PROVINCIAL;0
1289;40113;AREQUIPA;AREQUIPA;POCSI;-16.5178854;-71.38954095;PUESTO DE SALUD PIACA;CALLE CALLE PRINCIPAL LT 4 PIACA DISTRITO POCSI PROVINCIA AREQUIPA DEPARTAMENTO AREQUIPA;I-1;PROVINCIAL;DISTRITAL;0
21225;131201;LA LIBERTAD;VIRU;VIRU;-8.40451046;-78.82199008;CENTRO DE SALUD MENTAL COMUNITARIA VIRU;OTROS MZ N/LT 23/ SECTOR NUEVO VICTOR RAAöL S/N VIRU VIRU LA LIBERTAD;I-3;DISTRITAL;PROVINCIAL;0
1274;40107;AREQUIPA;AREQUIPA;JACOBO HUNTER;-16.4504;-71.55759333;PUESTO DE SALUD AMPLIACION PAMPAS DEL CUZCO;AVENIDA AV. TAHUANTINSUYO Q-9 COMITE 11 DISTRITO JACOBO HUNTER PROVINCIA AREQUIPA DEPARTAMENTO AREQUIPA;I-2;PROVINCIAL;DISTRITAL;0
1244;40103;AREQUIPA;AREQUIPA;CAYMA;-16.36180621;-71.54458043;PUESTO DE SALUD LA TOMILLA;CALLE CALLE CESAR VALLEJO S/N LA TOMILLA NUMERO S/N DISTRITO CAYMA PROVINCIA AREQUIPA DEPARTAMENTO AREQUIPA;I-2;PROVINCIAL;DISTRITAL;0
1253;40128;AREQUIPA;AREQUIPA;YURA;-16.30516833;-71.619675;CENTRO DE SALUD CIUDAD DE DIOS;OTROS KILOMETRO 14 CMTE. 10 MZ. 2 F-1-CIUDAD DE DIOS DISTRITO YURA PROVINCIA AREQUIPA DEPARTAMENTO AREQUIPA;I-3;PROVINCIAL;DISTRITAL;0
6198;150136;LIMA;LIMA;SAN MIGUEL;-12.0813992;-77.0987145;CENTRO DE SALUD SAN MIGUEL;AVENIDA AV LIBERTAD  AV LOS MOCHICAS S/N S/N AV LIBERTAD  AV LOS MOCHICAS S/N SAN MIGUEL LIMA LIMA;I-3;PROVINCIAL;DISTRITAL;0
8539;150101;LIMA;LIMA;LIMA;-12.06264167;-77.03923833;POLICLINICO CHINCHA;JR. CHINCHA 226 DISTRITO LIMA PROVINCIA LIMA DEPARTAMENTO LIMA;I-3;DISTRITAL;PROVINCIAL;0
1237;40104;AREQUIPA;AREQUIPA;CERRO COLORADO;-16.3514378;-71.5625923;CENTRO DE SALUD MARITZA CAMPOS DIAZ - ZAMACOLA;OTROS YARAVI ESQUINA CON MARANON DISTRITO CERRO COLORADO PROVINCIA AREQUIPA DEPARTAMENTO AREQUIPA;I-4;PROVINCIAL;DISTRITAL;0
1942;200111;PIURA;PIURA;LAS LOMAS;-4.70895809;-80.08242575;PUESTO DE SALUD GARABATOS;OTROS CASERIO GARABATO LAS LOMAS CASERIO GARABATO LAS LOMAS LAS LOMAS PIURA PIURA;I-1;PROVINCIAL;DISTRITAL;0
3565;50105;AYACUCHO;HUAMANGA;CHIARA;-13.27136971;-74.20468945;PUESTO DE SALUD CHIARA;JR.SAN MARTIN S/N NUMERO S/N DISTRITO CHIARA PROVINCIA HUAMANGA DEPARTAMENTO AYACUCHO;I-2;PROVINCIAL;DISTRITAL;0
3611;50111;AYACUCHO;HUAMANGA;SANTIAGO DE PISCHA;-13.06478448;-74.30436127;PUESTO DE SALUD SANTIAGO DE PISCHA;PLAZA PLAZA PRINCIPAL DE SANTIAGO DE PISCHA DISTRITO SANTIAGO DE PISCHA PROVINCIA HUAMANGA DEPARTAMENTO AYACUCHO;I-1;PROVINCIAL;DISTRITAL;0
19772;30215;APURIMAC;ANDAHUAYLAS;SANTA MARIA DE CHICMO;-13.69874151;-73.57595501;PUESTO DE SALUD CCANTUPATA;OTROS CENTRO POBLADO CCANTUPATA DISTRITO SANTA MARIA DE CHICMO PROVINCIA ANDAHUAYLAS DEPARTAMENTO APURIMAC;I-1;PROVINCIAL;DISTRITAL;0
27734;50104;AYACUCHO;HUAMANGA;CARMEN ALTO;-13.1770617;-74.221274;CENTRO DE SALUD MENTAL COMUNITARIO MUSUQ RIKCHAY;AVENIDA LOS LIBERTADORES NUMERO 700 PISO 2 DISTRITO CARMEN ALTO PROVINCIA HUAMANGA DEPARTAMENTO AYACUCHO;I-3;PROVINCIAL;DISTRITAL;0
25996;30101;APURIMAC;ABANCAY;ABANCAY;-13.63485776;-72.8796795;"CENTRO DE SALUD MENTAL COMUNITARIO ""QHALI KAY""";PASAJE SOUSA 118 1 COSTADO IZQUIERDO DEL HOTEL DE TURISTAS DE ABANCAY ABANCAY ABANCAY APURIMAC;I-2;PROVINCIAL;PROVINCIAL;0
3672;50411;AYACUCHO;HUANTA;PUCACOLPA;-12.42713634;-74.38401418;PUESTO DE SALUD HUARCATAN;PLAZA PLAZA PRINCIPAL DE HUARCATAN DISTRITO PUCACOLPA PROVINCIA HUANTA DEPARTAMENTO AYACUCHO;I-1;PROVINCIAL;DISTRITAL;0
26014;50401;AYACUCHO;HUANTA;HUANTA;-12.93720881;-74.24481828;CENTRO DE SALUD MENTAL COMUNITARIO  BELLA ESMERALDA¬¥¬¥ - HUANTA;¬¥MONTONEROS NUMERO 140 PISO 1 DISTRITO HUANTA PROVINCIA HUANTA DEPARTAMENTO AYACUCHO;I-3;PROVINCIAL;PROVINCIAL;0
26572;30104;APURIMAC;ABANCAY;CURAHUASI;-13.53785701;-72.69575002;"CENTRO DE SALUD MENTAL COMUNITARIO ""ALLIN KAWSAY""";AVENIDA LOS ROSALES NUMERO S/N PISO 1 DISTRITO CURAHUASI PROVINCIA ABANCAY DEPARTAMENTO APURIMAC;I-3;PROVINCIAL;DISTRITAL;0
26698;220901;SAN MARTIN;SAN MARTIN;TARAPOTO;-6.4824784;-76.3726891;"CENTRO DE SALUD MENTAL COMUNITARIO ""LA BANDA DE SHILCAYO""";PajatA©n con SimA≥n Bolivar S/N NUMERO 00 DISTRITO LA BANDA DE SHILCAYO PROVINCIA SAN MARTIN DEPARTAMENTO SAN MARTIN;I-3;DISTRITAL;PROVINCIAL;0
27598;160101;LORETO;MAYNAS;IQUITOS;-3.74257305;-73.2448763;CENTRO  DE SALUD MENTAL COMUNITARIO IQUITOS;CALLE ALMIRANTE GUISE NUMERO 218 DISTRITO IQUITOS PROVINCIA MAYNAS DEPARTAMENTO LORETO;I-3;DISTRITAL;PROVINCIAL;0
11362;50116;AYACUCHO;HUAMANGA;ANDRES AVELINO CACERES DORREGARAY;-13.15590642;-74.20140223;PUESTO DE SALUD YANAMILLA;OTROS ASOCIACION SAN JOSE           MZ. K DISTRITO ANDRES AVELINO CACERES D. PROVINCIA HUAMANGA DEPARTAMENTO AYACUCHO;I-2;PROVINCIAL;DISTRITAL;0
6260;70107;CALLAO;CALLAO;MI PERU;-11.85554679;-77.12307882;CENTRO DE SALUD  MI PERU;AVENIDA AV. HUAURA S/N - AA.HH. MI PERU S/N AV. HUAURA S/N - AA.HH. MI PERU MI PERU CALLAO CALLAO;I-4;PROVINCIAL;DISTRITAL;0
7434;150133;LIMA;LIMA;SAN JUAN DE MIRAFLORES;-12.189694;-76.9574698;PUESTO DE SALUD LADERAS DE VILLA;CALLE MANUEL IGLESIAS LOTE A.V. - 2 REF. CALLE RETAMA - PSJE F MANUEL IGLESIAS LOTE A.V. - 2 REF. CALLE RETAMA - PSJE F SAN JUAN DE MIRAFLORES LIMA LIMA;I-2;PROVINCIAL;DISTRITAL;0
1327;40108;AREQUIPA;AREQUIPA;LA JOYA;-16.44527906;-71.83104387;PUESTO DE SALUD CERRITO BUENA VISTA;CALLE CALLE PROGRESO S/N PLAZA CIVICA PP.JJ. CBV NUMERO S/N DISTRITO LA JOYA PROVINCIA AREQUIPA DEPARTAMENTO AREQUIPA;I-1;PROVINCIAL;DISTRITAL;0
7744;40112;AREQUIPA;AREQUIPA;PAUCARPATA;-16.41811878;-71.47389525;PUESTO DE SALUD VILLA JESUS;OTROS AAHH VILLA JESUS MZ F LOTE 1 DISTRITO PAUCARPATA PROVINCIA AREQUIPA DEPARTAMENTO AREQUIPA;I-2;PROVINCIAL;DISTRITAL;0
11996;240101;TUMBES;TUMBES;TUMBES;-3.56954711;-80.44642904;CENTRO DE SALUD MILITAR VIRGEN DE FAÅTIMA DE LA 9¬™ BRIGADA BLINDADA;PROLONGACION HILARIO CARRASCO SIN NUMERO - TABLAZO DISTRITO TUMBES PROVINCIA TUMBES DEPARTAMENTO TUMBES;I-3;DISTRITAL;PROVINCIAL;0
1319;40119;AREQUIPA;AREQUIPA;SAN JUAN DE TARUCANI;-16.18404701;-71.06073124;PUESTO DE SALUD SAN JUAN DE TARUCANI;CALLE CALLE TUPAC AMARU 100 DISTRITO SAN JUAN DE TARUCANI PROVINCIA AREQUIPA DEPARTAMENTO AREQUIPA;I-2;PROVINCIAL;DISTRITAL;0
27843;40104;AREQUIPA;AREQUIPA;CERRO COLORADO;-16.3773032;-71.5628047;CENTRO DE SALUD MENTAL COMUNITARIO SAN MARTIN DE PORRES;CALLE TUPAC AMARU NUMERO 312 DISTRITO CERRO COLORADO PROVINCIA AREQUIPA DEPARTAMENTO AREQUIPA;I-3;PROVINCIAL;DISTRITAL;0
27415;50101;AYACUCHO;HUAMANGA;AYACUCHO;-13.1638737;-74.2235641;POSTA MEDICO POLICIAL EESTP PNP AYACUCHO;CALLE MIGUEL HIDALGO NUMERO S/N DISTRITO CARMEN ALTO PROVINCIA HUAMANGA DEPARTAMENTO AYACUCHO;I-2;PROVINCIAL;PROVINCIAL;0
15310;40112;AREQUIPA;AREQUIPA;PAUCARPATA;-16.41505355;-71.50060918;CENTRO MEDICO UNIVERSITARIO PEDRO P.DIAZ;PROLONGACION PROLONGACION GONZALES PRADA S/N URB. PEDRO P. DAçAZ NUMERO S/N DISTRITO AREQUIPA PROVINCIA AREQUIPA DEPARTAMENTO AREQUIPA;I-4;PROVINCIAL;DISTRITAL;0
29070;30201;APURIMAC;ANDAHUAYLAS;ANDAHUAYLAS;-13.65622467;-73.37362595;"Puesto de Salud del Ejercito ""Los Chankas""";AVENIDA PERU NUMERO S/N PISO 1 DISTRITO ANDAHUAYLAS PROVINCIA ANDAHUAYLAS DEPARTAMENTO APURIMAC;I-2;PROVINCIAL;PROVINCIAL;0
1306;40110;AREQUIPA;AREQUIPA;MIRAFLORES;-16.37658833;-71.50853;CENTRO DE SALUD PORVENIR-MIRAFLORES;CALLE CALLE PIURA 200 DISTRITO MIRAFLORES PROVINCIA AREQUIPA DEPARTAMENTO AREQUIPA;I-3;PROVINCIAL;DISTRITAL;0
10557;70104;CALLAO;CALLAO;LA PERLA;-12.0723635;-77.1243416;POLICLINICO  POLICIAL CALLAO;AVENIDA AV. LA PAZ CDRA.11 S/N S/N AV. LA PAZ CDRA.11 S/N LA PERLA CALLAO CALLAO;I-3;PROVINCIAL;DISTRITAL;0
11365;50115;AYACUCHO;HUAMANGA;JESUS NAZARENO;-13.14774371;-74.21284924;PUESTO DE SALUD VILLA SAN CRISTOBAL;AVENIDA AV. LOS INCAS MZ. L LTE. 5 DISTRITO JESUS NAZARENO PROVINCIA HUAMANGA DEPARTAMENTO AYACUCHO;I-2;PROVINCIAL;DISTRITAL;0
30821;70102;CALLAO;CALLAO;BELLAVISTA;-12.0638138;-77.1256836;CONSULTORIO OCUPACIONAL DE LA UNIDAD FUNCIONAL DE  SEGURIDAD Y SALUD EN EL TRABAJO - UFSST;COLINA NUMERO 879 DISTRITO BELLAVISTA PROVINCIA CALLAO DEPARTAMENTO CALLAO;I-2;PROVINCIAL;DISTRITAL;0
31087;131202;LA LIBERTAD;VIRU;CHAO;-8.53828162;-78.67883969;CENTRO DE SALUD MENTAL COMUNITARIO FORTALEZA DEL SOL CHAO;CALLE SAN MARTIN 179 1 5 16 CHAO VIRU LA LIBERTAD;I-3;PROVINCIAL;DISTRITAL;0
30839;150132;LIMA;LIMA;SAN JUAN DE LURIGANCHO;-12.0038187;-77.0120145;POLICLINICO POLICIAL ZARATE;AVENIDA LAS FLORES DE PRIMAVERA NUMERO 1548 URBANIZACION SAN HILARION DISTRITO SAN JUAN DE LURIGANCHO PROVINCIA LIMA DEPARTAMENTO LIMA;I-3;PROVINCIAL;DISTRITAL;0
30794;150801;LIMA;HUAURA;HUACHO;-11.1286261;-77.6133144;CENTRO DE SALUD  MANZANARES;CALLE 14 DE NOVIEMBRE NUMERO 326 DISTRITO HUACHO PROVINCIA HUAURA DEPARTAMENTO LIMA;I-4;DISTRITAL;PROVINCIAL;0
32365;150805;LIMA;HUAURA;HUALMAY;-11.0946743;-77.6090959;CENTRO DE SALUD HUALMAY;CALLE ESTEBAN PICHILINGUE 3ERA. CUADRA HUALMAY HUAURA LIMA;I-3;PROVINCIAL;DISTRITAL;0
36133;70101;CALLAO;CALLAO;CALLAO;-12.0670007;-77.1578857;CSO CONSULTORIO MEDICO IMARPE;OTROS ESQ. GENERAL GAMARRA Y GENERAL VALLE NUMERO SIN NUMERO URBANIZACION CHUCUITO DISTRITO LA PUNTA PROVINCIA CALLAO DEPARTAMENTO CALLAO;I-2;PROVINCIAL;PROVINCIAL;0
3576;50101;AYACUCHO;HUAMANGA;AYACUCHO;-13.14320269;-74.23119727;CENTRO DE SALUD LOS LICENCIADOS;OTROS A.A. H. H. 11 de Junio MANZANA N LOTE 9 AL 18 DISTRITO AYACUCHO PROVINCIA HUAMANGA DEPARTAMENTO AYACUCHO;I-4;PROVINCIAL;PROVINCIAL;0
3599;50110;AYACUCHO;HUAMANGA;SAN JUAN BAUTISTA;-13.18172803;-74.20587546;PUESTO DE SALUD AëAHUINPUQUIO;OTROS SECTOR 27 DE OCTUBRE MZ Q   LTE. 3 DISTRITO SAN JUAN BAUTISTA PROVINCIA HUAMANGA DEPARTAMENTO AYACUCHO;I-2;PROVINCIAL;DISTRITAL;0
3602;50116;AYACUCHO;HUAMANGA;ANDRES AVELINO CACERES DORREGARAY;-13.16909444;-74.19763385;CENTRO DE SALUD SANTA ELENA;JR. LUCANAS S/N NUMERO S/N DISTRITO ANDRES AVELINO CACERES D. PROVINCIA HUAMANGA DEPARTAMENTO AYACUCHO;I-3;PROVINCIAL;DISTRITAL;0
6249;70102;CALLAO;CALLAO;BELLAVISTA;-12.06171682;-77.10633786;CENTRO DE SALUD  BELLAVISTA PERU COREA;OTROS MZ. F-5 ZONA 2 - CIUDAD DEL PESCADOR MZ. F-5 ZONA 2 - CIUDAD DEL PESCADOR BELLAVISTA CALLAO CALLAO;I-4;PROVINCIAL;DISTRITAL;0
20823;70101;CALLAO;CALLAO;CALLAO;-12.02307765;-77.13413473;CENTRO DE SALUD MENTAL COMUNITARIO SARITA COLONIA;AVENIDA AV. RAMIRO PRIALE S/N S/N AV. RAMIRO PRIALE S/N CALLAO CALLAO CALLAO;I-2;PROVINCIAL;PROVINCIAL;0
1312;40112;AREQUIPA;AREQUIPA;PAUCARPATA;-16.4189014;-71.48497033;PUESTO DE SALUD ISRAEL;AVENIDA AV. LOS ANGELES S/N P.J. ISRAEL NUMERO S/N DISTRITO PAUCARPATA PROVINCIA AREQUIPA DEPARTAMENTO AREQUIPA;I-2;PROVINCIAL;DISTRITAL;0
771;100109;HUANUCO;HUANUCO;SANTA MARIA DEL VALLE;-9.85352667;-76.19737;PUESTO DE SALUD DE PACHABAMBA;OTROS PACHABAMBA S/N NUMERO S/N DISTRITO SANTA MARIA DEL VALLE PROVINCIA HUANUCO DEPARTAMENTO HUANUCO;I-2;PROVINCIAL;DISTRITAL;0
29394;50110;AYACUCHO;HUAMANGA;SAN JUAN BAUTISTA;-13.1736479;-74.20403494;CENTRO DE SALUD MENTAL COMUNITARIO SAN JUAN BAUTISTA;OTROS ASOCIACION APROVISA NUMERO S/N PISO 1 DISTRITO SAN JUAN BAUTISTA PROVINCIA HUAMANGA DEPARTAMENTO AYACUCHO;I-3;PROVINCIAL;DISTRITAL;0
2919;230101;TACNA;TACNA;TACNA;-18.0000716;-70.25003864;CENTRO DE SALUD LEONCIO PRADO;AVENIDA 28 DE AGOSTO NUMERO S/N DISTRITO TACNA PROVINCIA TACNA DEPARTAMENTO TACNA;I-3;DISTRITAL;PROVINCIAL;0
11437;50401;AYACUCHO;HUANTA;HUANTA;-12.94020449;-74.24704987;POSTA MEDICA PNP HUANTA;JR. AYACUCHO N∫ 271 DISTRITO HUANTA PROVINCIA HUANTA DEPARTAMENTO AYACUCHO;I-2;PROVINCIAL;PROVINCIAL;0
1315;40112;AREQUIPA;AREQUIPA;PAUCARPATA;-16.42725308;-71.49667335;CENTRO DE SALUD CAMPO MARTE;AVENIDA AV. KENNEDY 2101 AV. KENNEDY 2101 PAUCARPATA AREQUIPA AREQUIPA;I-3;PROVINCIAL;DISTRITAL;0
3618;50111;AYACUCHO;HUAMANGA;SANTIAGO DE PISCHA;-13.08448316;-74.39372112;PUESTO DE SALUD SAN PEDRO DE CACHI;OTROS COMUNIDAD DE CACHI DISTRITO SANTIAGO DE PISCHA PROVINCIA HUAMANGA DEPARTAMENTO AYACUCHO;I-1;PROVINCIAL;DISTRITAL;0
3619;50112;AYACUCHO;HUAMANGA;SOCOS;-13.21749617;-74.29149685;PUESTO DE SALUD SOCOS;JR. LIMA S/N NUMERO S/N DISTRITO SOCOS PROVINCIA HUAMANGA DEPARTAMENTO AYACUCHO;I-2;PROVINCIAL;DISTRITAL;0
3674;50402;AYACUCHO;HUANTA;AYAHUANCO;-12.57836708;-74.34692901;PUESTO DE SALUD MAYHUAVILCA;PLAZA PLAZA PRINCIPAL DE MAYHUAVILCA DISTRITO AYAHUANCO PROVINCIA HUANTA DEPARTAMENTO AYACUCHO;I-1;PROVINCIAL;DISTRITAL;0
3745;50408;AYACUCHO;HUANTA;LLOCHEGUA;-12.41615833;-73.90994667;CENTRO DE SALUD LLOCHEGUA;OTROS PERIAVENTE-ZONA CHOYMACOTA NUMERO S/N DISTRITO LLOCHEGUA PROVINCIA HUANTA DEPARTAMENTO AYACUCHO;I-4;PROVINCIAL;DISTRITAL;0
3796;50410;AYACUCHO;HUANTA;UCHURACCAY;-12.82676187;-74.11111642;PUESTO DE SALUD UCHURACCAY;PLAZA PLAZA PRINCIPAL DE UCHURACCAY DISTRITO UCHURACCAY PROVINCIA HUANTA DEPARTAMENTO AYACUCHO;I-1;PROVINCIAL;DISTRITAL;0
6792;50109;AYACUCHO;HUAMANGA;SAN JOSE DE TICLLAS;-13.15202814;-74.30194581;PUESTO DE SALUD BELLAVISTA;OTROS COMUNIDAD DE BELLAVISTA DISTRITO SAN JOSE DE TICLLAS PROVINCIA HUAMANGA DEPARTAMENTO AYACUCHO;I-1;PROVINCIAL;DISTRITAL;0
6252;70103;CALLAO;CALLAO;CARMEN DE LA LEGUA REYNOSO;-12.04001323;-77.09011698;CENTRO DE SALUD CARMEN DE LA LEGUA;AVENIDA AV. MANCO CAPAC  CDRA. 8 DISTRITO CARMEN DE LA LEGUA-REYNOSO PROVINCIA CALLAO DEPARTAMENTO CALLAO;I-3;PROVINCIAL;DISTRITAL;0
6241;70101;CALLAO;CALLAO;CALLAO;-12.03365706;-77.09902777;PUESTO DE SALUD AEROPUERTO;JR. SALAVERRY S/N - AA.HH. AEROPUERTO NUMERO S/N DISTRITO CALLAO PROVINCIA CALLAO DEPARTAMENTO CALLAO;I-2;PROVINCIAL;PROVINCIAL;0
6245;70101;CALLAO;CALLAO;CALLAO;-12.02421866;-77.09642349;CENTRO DE SALUD BOCANEGRA;PLAZA AA.HH. BOCANEGRA - PLAZA CIVICA AA.HH. BOCANEGRA - PLAZA CIVICA CALLAO CALLAO CALLAO;I-3;PROVINCIAL;PROVINCIAL;0
29166;150103;LIMA;LIMA;ATE;-12.0558075;-76.9528728;CENTRO DE SALUD MENTAL COMUNITARIO SANTISIMA VIRGEN DE LA CRUZ;OTROS MZ A LOTE 1 ASOCIACION DE VIVIENDA NUESTRA SEAëORA DE LA SANTISIMA CRUZ DISTRITO ATE PROVINCIA LIMA DEPARTAMENTO LIMA;I-2;PROVINCIAL;DISTRITAL;0
1297;40112;AREQUIPA;AREQUIPA;PAUCARPATA;-16.41757353;-71.49123542;CENTRO DE SALUD CIUDAD BLANCA;AVENIDA AVENIDA REVOLUCION 1221- CIUDAD BLANCA DISTRITO PAUCARPATA PROVINCIA AREQUIPA DEPARTAMENTO AREQUIPA;I-3;PROVINCIAL;DISTRITAL;0
1301;40102;AREQUIPA;AREQUIPA;ALTO SELVA ALEGRE;-16.37005787;-71.50700517;PUESTO DE SALUD LEONES DEL MISTI;OTROS P.J. LEONES DEL MISTI ZOANA A / LT - 8 DISTRITO ALTO SELVA ALEGRE PROVINCIA AREQUIPA DEPARTAMENTO AREQUIPA;I-2;PROVINCIAL;DISTRITAL;0
1309;40109;AREQUIPA;AREQUIPA;MARIANO MELGAR;-16.40120964;-71.48887663;PUESTO DE SALUD JERUSALEN;CALLE CALLE MISTI B-1 P.J. JERUSALEN DISTRITO MARIANO MELGAR PROVINCIA AREQUIPA DEPARTAMENTO AREQUIPA;I-2;PROVINCIAL;DISTRITAL;0
1268;40122;AREQUIPA;AREQUIPA;SOCABAYA;-16.44741132;-71.5273837;CENTRO DE SALUD 4 DE OCTUBRE;CALLE CALLE RICARDO PALMA S/N-4 DE OCTUBRE S/N CALLE RICARDO PALMA S/N-4 DE OCTUBRE SOCABAYA AREQUIPA AREQUIPA;I-3;PROVINCIAL;DISTRITAL;0
10367;50410;AYACUCHO;HUANTA;UCHURACCAY;-12.7590439;-74.14695235;PUESTO DE SALUD HUAYNACANCHA;PLAZA PLAZA PRINCIPAL DE HUAYNACANCHA DISTRITO UCHURACCAY PROVINCIA HUANTA DEPARTAMENTO AYACUCHO;I-1;PROVINCIAL;DISTRITAL;0
20629;200101;PIURA;PIURA;PIURA;-5.1782884;-80.6548882;POSTA MEDICA SECHURA;OTROS AA.HH. VICTOR RAUL   I ETAPA LAS ORQUIDEAS AA.HH. VICTOR RAUL   I ETAPA LAS ORQUIDEAS SECHURA SECHURA PIURA;I-2;PROVINCIAL;PROVINCIAL;0
12235;200101;PIURA;PIURA;PIURA;-5.1957226;-80.626865;CENTRO DE ATENCIAìN PRIMARIA CAP III METROPOLITANO- ESSALUD;OTROS ESQUINA ICA - TACNA N¬∞ 388 - CERCADO DE PIURA DISTRITO PIURA PROVINCIA PIURA DEPARTAMENTO PIURA;I-3;DISTRITAL;PROVINCIAL;0
17461;220901;SAN MARTIN;SAN MARTIN;TARAPOTO;-6.4759016;-76.3627263;PUESTO DE SALUD DEL E.P. TARAPOTO;AVENIDA AV. CIRCUNVALACIAíN CUDRA 10 S/N NUMERO S/N DISTRITO TARAPOTO PROVINCIA SAN MARTIN DEPARTAMENTO SAN MARTIN;I-1;DISTRITAL;PROVINCIAL;1
18171;150108;LIMA;LIMA;CHORRILLOS;-12.1567124;-77.0190155;POLICLINICO MILITAR CHORRILLOS;AVENIDA AV: ESCUELA MILITAR S/N VILLA MILITAR OESTE NUMERO S/N DISTRITO CHORRILLOS PROVINCIA LIMA DEPARTAMENTO LIMA;I-4;PROVINCIAL;DISTRITAL;0
3747;50408;AYACUCHO;HUANTA;LLOCHEGUA;-12.45283667;-73.94549667;PUESTO DE SALUD YARURI;PLAZA PLAZA PRINCIPAL YARURI DISTRITO LLOCHEGUA PROVINCIA HUANTA DEPARTAMENTO AYACUCHO;I-1;PROVINCIAL;DISTRITAL;0
29354;50101;AYACUCHO;HUAMANGA;AYACUCHO;-13.1638737;-74.2235641;"CENTRO DE SALUD MILITAR DE LA SEGUNDA BRIGADA DE INFANTERIA ""WARI""";AVENIDA EJERCITO NUMERO S/N DISTRITO ANDRES AVELINO CACERES D. PROVINCIA HUAMANGA DEPARTAMENTO AYACUCHO;I-3;PROVINCIAL;PROVINCIAL;0
5629;150132;LIMA;LIMA;SAN JUAN DE LURIGANCHO;-11.9370395;-76.9709422;CENTRO DE SALUD ENRIQUE MONTENEGRO;AVENIDA AV.WIESSE S/N ENRIQUE MONTENEGRO (COSTADO COLEGIO NESTOR ESCUDERO - CRUCE CALLE 10) NUMERO S/N DISTRITO SAN JUAN DE LURIGANCHO PROVINCIA LIMA DEPARTAMENTO LIMA;I-3;PROVINCIAL;DISTRITAL;1
11702;131201;LA LIBERTAD;VIRU;VIRU;-8.4142357;-78.7527095;"CENTRO DE SALUD ""VICTOR SOLES GARCIA""";AVENIDA AVENIDA VICTOR RAUL S/N SECTOR SAN LUIS NUMERO S/N DISTRITO VIRU PROVINCIA VIRU DEPARTAMENTO LA LIBERTAD;I-4;DISTRITAL;PROVINCIAL;0
18438;240101;TUMBES;TUMBES;TUMBES;-3.5037058;-80.3909164;CENTRO DE SALUD - E.P. TUMBES-ORN-INPE;OTROS PANAMERICANA NORTE CRUCE CON PUERTO PIZARRO DISTRITO TUMBES PROVINCIA TUMBES DEPARTAMENTO TUMBES;I-2;DISTRITAL;PROVINCIAL;0
24497;140101;LAMBAYEQUE;CHICLAYO;CHICLAYO;-6.7700798;-79.8549907;"CENTRO ESPECIALIZADO DE SALUD MENTAL COMUNITARIA -  ""CHICLAYO""";"AVENIDA FERNANDO BELAUNDE TERRY ""L"" 15 EL INGENIERO CRUCE DE OVALO ENTRE ZARUMILLA Y BELAUNDE - FRENTE A PASAJE RAMAìN HERRERA. CHICLAYO CHICLAYO LAMBAYEQUE";I-2;DISTRITAL;PROVINCIAL;0
25198;140301;LAMBAYEQUE;LAMBAYEQUE;LAMBAYEQUE;-6.70213204;-79.91085983;"CENTRO MEDICO MILITAR ""DIVINO NIAëO DEL MILAGRO DE ETEN""";CALLE GRAU NUMERO S/N DISTRITO LAMBAYEQUE PROVINCIA LAMBAYEQUE DEPARTAMENTO LAMBAYEQUE;I-3;DISTRITAL;PROVINCIAL;0
8378;150140;LIMA;LIMA;SANTIAGO DE SURCO;-12.1507658;-76.9886831;POLICLINICO PROCERES;"ALAMEDA MANUEL PEREZ TUDELA BLOCK ""D"" ""B"" DISTRITO SANTIAGO DE SURCO PROVINCIA LIMA DEPARTAMENTO LIMA";I-3;PROVINCIAL;DISTRITAL;0
2907;230111;TACNA;TACNA;LA YARADA LOS PALOS;-18.33541629;-70.39374416;PUESTO DE SALUD SANTA ROSA;OTROS BALNEARIO SANTA ROSA S/N LA YARADA LOS PALOS TACNA TACNA;I-1;PROVINCIAL;DISTRITAL;0
13307;40110;AREQUIPA;AREQUIPA;MIRAFLORES;-16.3955181;-71.5093785;POSTA MEDICA SANTA RITA DE SIGUAS;CALLE CALLE AUGUSTO GUILARDI 405 DISTRITO SANTA RITA DE SIHUAS PROVINCIA AREQUIPA DEPARTAMENTO AREQUIPA;I-2;PROVINCIAL;DISTRITAL;0
30223;211101;PUNO;SAN ROMAN;JULIACA;-15.4996879;-70.129653;"CENTRO DE SALUD MENTAL COMUNITARIO ""SAN ISIDRO LABRADOR""";JUAN VELASCO ALVARADO CON ATAHUALLPA NUMERO S/N URBANIZACION SAN ISIDRO DISTRITO JULIACA PROVINCIA SAN ROMAN DEPARTAMENTO PUNO;I-3;DISTRITAL;PROVINCIAL;0
24947;50411;AYACUCHO;HUANTA;PUCACOLPA;-12.4207615;-74.46174658;PUESTO DE SALUD CHACHASPATA;CARRETERA CENTRO POBLADO CHACHASPATA NUMERO S/N DISTRITO PUCACOLPA PROVINCIA HUANTA DEPARTAMENTO AYACUCHO;I-1;PROVINCIAL;DISTRITAL;0
6191;150101;LIMA;LIMA;LIMA;-12.0428657;-77.0387974;CENTRO DE SALUD SAN SEBASTIAN;JR. ICA 774-778 JR. ICA 774-778 LIMA LIMA LIMA;I-3;DISTRITAL;PROVINCIAL;0
1300;40102;AREQUIPA;AREQUIPA;ALTO SELVA ALEGRE;-16.37219268;-71.50965501;CENTRO DE SALUD APURIMAC;CALLE CALLE HUARAZ S/N ESQUINA CON CALLE 22 DE FEBRERO PPJJ APURIMAC NUMERO S/N DISTRITO ALTO SELVA ALEGRE PROVINCIA AREQUIPA DEPARTAMENTO AREQUIPA;I-3;PROVINCIAL;DISTRITAL;0
3563;50105;AYACUCHO;HUAMANGA;CHIARA;-13.39119733;-74.26597512;PUESTO DE SALUD ALLPACHACA;OTROS COMUNIDAD ALLPACHACA DISTRITO CHIARA PROVINCIA HUAMANGA DEPARTAMENTO AYACUCHO;I-1;PROVINCIAL;DISTRITAL;0
6097;150123;LIMA;LIMA;PACHACAMAC;-12.1874984;-76.867652;PUESTO DE SALUD PICAPIEDRA;AVENIDA AV REAL MZ J LT 8 CENTRO POBLADO RURAL PICAPIEDRA-PACHACAMAC AV REAL MZ J LT 8 CENTRO POBLADO RURAL PICAPIEDRA-PACHACAMAC PACHACAMAC LIMA LIMA;I-2;PROVINCIAL;DISTRITAL;0
6752;50408;AYACUCHO;HUANTA;LLOCHEGUA;-12.41505833;-74.00073667;PUESTO DE SALUD GLORIA SOL NACIENTE;CALLE CALLE PRINCIPAL GLORIA SOL NACIENTE DISTRITO LLOCHEGUA PROVINCIA HUANTA DEPARTAMENTO AYACUCHO;I-2;PROVINCIAL;DISTRITAL;0
3603;50116;AYACUCHO;HUAMANGA;ANDRES AVELINO CACERES DORREGARAY;-13.15850315;-74.20863984;CENTRO DE SALUD CONCHOPATA;AVENIDA AV. AMANCAES S/N NUMERO S/N DISTRITO ANDRES AVELINO CACERES D. PROVINCIA HUAMANGA DEPARTAMENTO AYACUCHO;I-3;PROVINCIAL;DISTRITAL;0
6192;150101;LIMA;LIMA;LIMA;-12.0509882;-77.0673543;CENTRO DE SALUD MIRONES;AVENIDA LUIS BRAYLE 13 LIMA LIMA LIMA;I-3;DISTRITAL;PROVINCIAL;0
3777;50407;AYACUCHO;HUANTA;SIVIA;-12.50626333;-73.91551333;PUESTO DE SALUD GUAYAQUIL;PLAZA PLAZA PRINCIPAL GUAYAQUIL DISTRITO SIVIA PROVINCIA HUANTA DEPARTAMENTO AYACUCHO;I-1;PROVINCIAL;DISTRITAL;0
31843;140301;LAMBAYEQUE;LAMBAYEQUE;LAMBAYEQUE;-6.7197666;-79.9080757;CENTRO MEDICO DE  LA SOCIEDAD DE BENEFICENCIA DE LAMBAYEQUE;CALLE JUNIN NUMERO 576 PISO 1 DISTRITO LAMBAYEQUE PROVINCIA LAMBAYEQUE DEPARTAMENTO LAMBAYEQUE;I-3;DISTRITAL;PROVINCIAL;0
31614;30213;APURIMAC;ANDAHUAYLAS;SAN JERONIMO;-13.6663032;-73.34785641;CENTRO DE SALUD MENTAL COMUNITARIO UNIVERSITARIO JOSE MARIA ARGUEDAS;AVENIDA JOSE MARIA ARGUEDAS S/N 1 INTERIOR DE LA UNAJMA SAN JERONIMO ANDAHUAYLAS APURIMAC;I-3;PROVINCIAL;DISTRITAL;0
33134;140106;LAMBAYEQUE;CHICLAYO;LA VICTORIA;-6.7863729;-79.8340508;"CENTRO ESPECIALIZADO DE SALUD MENTAL COMUNITARIO ""CONEXIAìN INTEGRAL"" -  LA VICTORIA";CALLE NUEVO MUNDO 210 TANQUE ELEVADO DE LA VICTORIA - PUERTO DE PALOS CHICLAYO CHICLAYO LAMBAYEQUE;I-2;PROVINCIAL;DISTRITAL;0
34018;60801;CAJAMARCA;JAEN;JAEN;-5.70956791;-78.79767723;CENTRO DE SALUD MENTAL COMUNITARIO SUYAY;CALLE LAS PALMERAS 640 LOS PARQUES A MEDIA CUADRA DEL RESTAURANT EL KER0 JAEN JAEN CAJAMARCA;I-3;PROVINCIAL;PROVINCIAL;0
35261;220901;SAN MARTIN;SAN MARTIN;TARAPOTO;-6.4824784;-76.3726891;POSTA MEDICA POLICIAL ESCUELA D EDUCACION SUPERIOR PROFESIONAL PNP TARAPOTO;CARRETERA FERNANDO BELAUNDE TERRY NUMERO SIN NUMERO KILOMETRO 2 DISTRITO LA BANDA DE SHILCAYO PROVINCIA SAN MARTIN DEPARTAMENTO SAN MARTIN;I-2;DISTRITAL;PROVINCIAL;0
3597;50108;AYACUCHO;HUAMANGA;QUINUA;-13.09043458;-74.12613447;PUESTO DE SALUD SUSO;PLAZA PLAZA PRINCIPAL DE SUSO DISTRITO QUINUA PROVINCIA HUAMANGA DEPARTAMENTO AYACUCHO;I-1;PROVINCIAL;DISTRITAL;0
2895;230106;TACNA;TACNA;PACHIA;-17.64423116;-69.9398519;PUESTO SALUD TOQUELA;CALLE CALLE  PRINCIPAL TOQUELA CALLE  PRINCIPAL TOQUELA PACHIA TACNA TACNA;I-1;PROVINCIAL;DISTRITAL;0
5763;150110;LIMA;LIMA;COMAS;-11.9402602;-77.0471573;CENTRO DE SALUD CARLOS A. PROTZEL;AVENIDA AV BELAUNDE ESTE - 2DA CUADRA S/N NUMERO S/N DISTRITO COMAS PROVINCIA LIMA DEPARTAMENTO LIMA;I-3;PROVINCIAL;DISTRITAL;0
1269;40122;AREQUIPA;AREQUIPA;SOCABAYA;-16.44747911;-71.53409191;PUESTO DE SALUD CIUDAD MI TRABAJO;PLAZA PLAZA PRINCIPAL S/N SOCABAYA NUMERO S/N DISTRITO SOCABAYA PROVINCIA AREQUIPA DEPARTAMENTO AREQUIPA;I-2;PROVINCIAL;DISTRITAL;0
1979;200114;PIURA;PIURA;TAMBO GRANDE;-4.83946693;-80.26768911;PUESTO DE SALUD CRUCETA;OTROS CASERIO CRUCETA TAMBOGRANDE CASERIO CRUCETA TAMBOGRANDE TAMBO GRANDE PIURA PIURA;I-2;PROVINCIAL;DISTRITAL;0
1983;200114;PIURA;PIURA;TAMBO GRANDE;-4.85251538;-80.51235204;PUESTO DE SALUD PAPAYO - ALGARROBO;OTROS CASERIO PAPAYO ALGARROBO CASERIO PAPAYO ALGARROBO TAMBO GRANDE PIURA PIURA;I-2;PROVINCIAL;DISTRITAL;0
11426;50101;AYACUCHO;HUAMANGA;AYACUCHO;-13.16803526;-74.22945923;POLICLINICO POLICIAL DE AYACUCHO;GRAU NUMERO 870 PISO 2 DISTRITO AYACUCHO PROVINCIA HUAMANGA DEPARTAMENTO AYACUCHO;I-3;PROVINCIAL;PROVINCIAL;0
10148;250105;UCAYALI;CORONEL PORTILLO;YARINACOCHA;-8.3646395;-74.5665971;POLICLINICO POLICIAL PUCALLPA;Jr.SUCRE CUARTA CUADRA S/N  MZ B LOTE 18 Y 19- PUCALLPA S/N Jr.SUCRE CUARTA CUADRA S/N  MZ B LOTE 18 Y 19- PUCALLPA CALLERIA CORONEL PORTILLO UCAYALI;I-3;PROVINCIAL;DISTRITAL;1
3772;50408;AYACUCHO;HUANTA;LLOCHEGUA;-12.360195;-73.95814833;PUESTO DE SALUD MAYAPO;CALLE CALLE PRINCIPAL MAYAPO DISTRITO CANAYRE PROVINCIA HUANTA DEPARTAMENTO AYACUCHO;I-1;PROVINCIAL;DISTRITAL;0
3746;50408;AYACUCHO;HUANTA;LLOCHEGUA;-12.446985;-73.99622167;PUESTO DE SALUD CORAZONPATA;PLAZA PLAZA PRINCIPAL CORAZON PATA DISTRITO LLOCHEGUA PROVINCIA HUANTA DEPARTAMENTO AYACUCHO;I-1;PROVINCIAL;DISTRITAL;0
1334;40125;AREQUIPA;AREQUIPA;VITOR;-16.37286167;-71.862625;PUESTO DE SALUD YURAMAYO;OTROS IRRIGACION SAN JUAN DE YURAMAYO, II PAMPA DISTRITO VITOR PROVINCIA AREQUIPA DEPARTAMENTO AREQUIPA;I-2;PROVINCIAL;DISTRITAL;0
3663;50405;AYACUCHO;HUANTA;LURICOCHA;-12.90005333;-74.272135;CENTRO DE SALUD LURICOCHA;JR. DELFIN LUDEAëA S/N NUMERO S/N DISTRITO LURICOCHA PROVINCIA HUANTA DEPARTAMENTO AYACUCHO;I-3;PROVINCIAL;DISTRITAL;0
4375;140301;LAMBAYEQUE;LAMBAYEQUE;LAMBAYEQUE;-6.64515609;-79.91956345;PUESTO DE SALUD MUYFINCA-PUNTO 09;OTROS C.P MUY FINCA PUNTO 9 DISTRITO LAMBAYEQUE PROVINCIA LAMBAYEQUE DEPARTAMENTO LAMBAYEQUE;I-1;DISTRITAL;PROVINCIAL;0
3671;50402;AYACUCHO;HUANTA;AYAHUANCO;-12.63289104;-74.29150336;PUESTO DE SALUD AYAHUANCO;PLAZA PLAZA PRINCIPAL DE AYAHUANCO DISTRITO AYAHUANCO PROVINCIA HUANTA DEPARTAMENTO AYACUCHO;I-1;PROVINCIAL;DISTRITAL;0
6223;70101;CALLAO;CALLAO;CALLAO;-12.05410129;-77.1232842;PUESTO DE SALUD SANTA FE;AVENIDA AV. ALFREDO PALACIOS CDRA. 5 (REF. CEMENTERIO BAQUAçJANO ANTES DE LLEGAR A LA AV. GUARDIA CHALACA) DISTRITO CALLAO PROVINCIA CALLAO DEPARTAMENTO CALLAO;I-2;PROVINCIAL;PROVINCIAL;0
6238;70101;CALLAO;CALLAO;CALLAO;-11.94257438;-77.13418214;CENTRO DE SALUD MARQUEZ;AVENIDA AV. LOS ALAMOS  S/N - MARQUEZ S/N AV. LOS ALAMOS  S/N - MARQUEZ CALLAO CALLAO CALLAO;I-4;PROVINCIAL;PROVINCIAL;0
6240;70101;CALLAO;CALLAO;CALLAO;-12.01652914;-77.09072326;PUESTO DE SALUD PREVI;CALLE CALLE CENTRAL S/N NUMERO S/N DISTRITO CALLAO PROVINCIA CALLAO DEPARTAMENTO CALLAO;I-2;PROVINCIAL;PROVINCIAL;0
5819;150125;LIMA;LIMA;PUENTE PIEDRA;-11.92118965;-77.08441957;CENTRO DE SALUD LADERAS DE CHILLON;AVENIDA AV VAçA DE INTEGRACION S/N - MZ C1 LT 3A, 1ERA. EXPLANADA AAHH LADERAS DE CHILLON S/N AV VAçA DE INTEGRACION S/N - MZ C1 LT 3A, 1ERA. EXPLANADA AAHH LADERAS DE CHILLON PUENTE PIEDRA LIMA LIMA;I-3;PROVINCIAL;DISTRITAL;0
1275;40107;AREQUIPA;AREQUIPA;JACOBO HUNTER;-16.44025167;-71.552225;PUESTO DE SALUD CHILPINILLA;AVENIDA AV. AREQUIPA 101 DISTRITO JACOBO HUNTER PROVINCIA AREQUIPA DEPARTAMENTO AREQUIPA;I-2;PROVINCIAL;DISTRITAL;0
1277;40107;AREQUIPA;AREQUIPA;JACOBO HUNTER;-16.455345;-71.55280167;PUESTO DE SALUD ALTO ALIANZA;"OTROS AH ALTO ALIANZA MZA ""G"" ESQUINA ""K"" DISTRITO JACOBO HUNTER PROVINCIA AREQUIPA DEPARTAMENTO AREQUIPA";I-2;PROVINCIAL;DISTRITAL;0
1305;40110;AREQUIPA;AREQUIPA;MIRAFLORES;-16.37569833;-71.50049;CENTRO  DE SALUD TOMASA TTITO COMDEMAYTA;"OTROS URB. TOMASA TITO CONDEMAYTA, MZ.""R"", LT.""5"" DISTRITO MIRAFLORES PROVINCIA AREQUIPA DEPARTAMENTO AREQUIPA";I-3;PROVINCIAL;DISTRITAL;0
1257;40129;AREQUIPA;AREQUIPA;JOSE LUIS BUSTAMANTE Y RIVERO;-16.44440828;-71.51519313;CENTRO DE SALUD VICTOR RAUL HINOJOSA LLERENA;CALLE CALLE VENEZUELA MZ 22 LOTE 1, URB. SIMON BOLIVAR DISTRITO JOSE LUIS BUSTAMANTE Y RIVERO PROVINCIA AREQUIPA DEPARTAMENTO AREQUIPA;I-3;PROVINCIAL;DISTRITAL;0
6652;50410;AYACUCHO;HUANTA;UCHURACCAY;-12.75855763;-74.07051655;PUESTO DE SALUD PAMPALCA;PLAZA PLAZA PRINCIPAL PAMPALCA DISTRITO UCHURACCAY PROVINCIA HUANTA DEPARTAMENTO AYACUCHO;I-1;PROVINCIAL;DISTRITAL;0
1283;40117;AREQUIPA;AREQUIPA;SACHACA;-16.41128147;-71.57208509;PUESTO DE SALUD PAMPA DE CAMARONES;AVENIDA AV. BRASIL S/N NUMERO S/N DISTRITO SACHACA PROVINCIA AREQUIPA DEPARTAMENTO AREQUIPA;I-2;PROVINCIAL;DISTRITAL;0
6084;150124;LIMA;LIMA;PUCUSANA;-12.48301;-76.7962243;CENTRO MATERNO INFANTIL  PUCUSANA;AVENIDA AV LIMA 559 DISTRITO PUCUSANA PROVINCIA LIMA DEPARTAMENTO LIMA;I-4;PROVINCIAL;DISTRITAL;0
6228;70101;CALLAO;CALLAO;CALLAO;-12.04253586;-77.12024461;CENTRO DE SALUD NESTOR GAMBETTA;AVENIDA AV. ALAMEDA S/N PP.JJ. GAMBETTA ALTA S/N AV. ALAMEDA S/N PP.JJ. GAMBETTA ALTA CALLAO CALLAO CALLAO;I-4;PROVINCIAL;PROVINCIAL;0
3578;50106;AYACUCHO;HUAMANGA;OCROS;-13.44990027;-73.95698969;PUESTO DE SALUD CCACCAMARCA;PLAZA PLAZA PRINCIPAL DE CCACCAMARCA DISTRITO OCROS PROVINCIA HUAMANGA DEPARTAMENTO AYACUCHO;I-2;PROVINCIAL;DISTRITAL;0
1335;40121;AREQUIPA;AREQUIPA;SANTA RITA DE SIGUAS;-16.488805;-72.093615;CENTRO  DE SALUD SANTA RITA DE SIGUAS;OTROS VILLA SAN ANTONIO MZ. CH, LOTE 1 DISTRITO SANTA RITA DE SIHUAS PROVINCIA AREQUIPA DEPARTAMENTO AREQUIPA;I-3;PROVINCIAL;DISTRITAL;0
3589;50114;AYACUCHO;HUAMANGA;VINCHOS;-13.39946755;-74.42268671;PUESTO DE SALUD MILLPO;OTROS COMUNIDAD DE MILLPO DISTRITO VINCHOS PROVINCIA HUAMANGA DEPARTAMENTO AYACUCHO;I-1;PROVINCIAL;DISTRITAL;0
16704;60808;CAJAMARCA;JAEN;PUCARA;-6.04184157;-79.12970871;POSTA MAâDICA DE PUCARAÅ;CALLE CALLE SAN MARTAçN S/N PUCARAÅ NUMERO S/N DISTRITO PUCARA PROVINCIA JAEN DEPARTAMENTO CAJAMARCA;I-2;PROVINCIAL;DISTRITAL;0
24362;210101;PUNO;PUNO;PUNO;-15.8451813;-70.0249132;PUESTO DE SALUD TACASAYA;CARRETERA CARRETERA PANAMERICANA SUR S/N DISTRITO CHUCUITO NUMERO SIN NUMERO DISTRITO CHUCUITO PROVINCIA PUNO DEPARTAMENTO PUNO;I-1;DISTRITAL;PROVINCIAL;0
18843;10108;AMAZONAS;CHACHAPOYAS;HUANCAS;-6.16052794;-77.86757325;PUESTO DE SALUD ESTABLECIMIENTO PENAL CHACHAPOYAS;CARRETERA CARRETERA A HUANCAS KM. 11.5 DISTRITO HUANCAS PROVINCIA CHACHAPOYAS DEPARTAMENTO AMAZONAS;I-2;PROVINCIAL;DISTRITAL;0
6257;70106;CALLAO;CALLAO;VENTANILLA;-11.89274295;-77.12773026;PUESTO DE SALUD ANGAMOS;AVENIDA INTERSECCION  AV. B Y CALLE 8 S/N II SECTOR ANGAMOS NUMERO S/N DISTRITO VENTANILLA PROVINCIA CALLAO DEPARTAMENTO CALLAO;I-2;PROVINCIAL;DISTRITAL;0
9298;150122;LIMA;LIMA;MIRAFLORES;-12.1241585;-77.0293361;POLICLINICO CENTRAL DE PREVENCION LARCO;AVENIDA AV. JOSE A. LARCO 670 DISTRITO MIRAFLORES PROVINCIA LIMA DEPARTAMENTO LIMA;I-3;PROVINCIAL;DISTRITAL;0
17845;40104;AREQUIPA;AREQUIPA;CERRO COLORADO;-16.35082301;-71.56168855;CENTRO ATENCIAìN PRIMARIA UNSA - CERRO COLORADO;AVENIDA AV. AEROPUERTO N¬∞ 504 DISTRITO AREQUIPA PROVINCIA AREQUIPA DEPARTAMENTO AREQUIPA;I-3;PROVINCIAL;DISTRITAL;0
27782;30201;APURIMAC;ANDAHUAYLAS;ANDAHUAYLAS;-13.6609567;-73.39723326;PUESTO DE SALUD BING 241;AVENIDA LA FLORESTA NUMERO S/N PISO 1 DISTRITO ANDAHUAYLAS PROVINCIA ANDAHUAYLAS DEPARTAMENTO APURIMAC;I-2;PROVINCIAL;PROVINCIAL;0
26446;130101;LA LIBERTAD;TRUJILLO;TRUJILLO;-8.1090524;-79.0215336;CENTRO DE SALUD MENTAL COMUNITARIO SEMBRANDO ESPERANZA DE HUAMACHUCO;SUAREZ 1145 AL COSTADO DEL TERMINAL DE MARCABALITO,FRENTE AL ESTADIO MUNICIPAL(PASAJE HOSPITAL) HUAMACHUCO SANCHEZ CARRION LA LIBERTAD;I-3;PROVINCIAL;PROVINCIAL;0
6105;150133;LIMA;LIMA;SAN JUAN DE MIRAFLORES;-12.1535138;-76.9724131;CENTRO DE SALUD LEONOR SAAVEDRA;AVENIDA TORRES PAZ CDRA. 1 ESQ. CDRA. 4 AV. LOS HAâROES SN SAN JUAN DE MIRAFLORES LIMA LIMA;I-3;PROVINCIAL;DISTRITAL;0
27726;150132;LIMA;LIMA;SAN JUAN DE LURIGANCHO;-12.01734472;-77.00097776;CENTRO DE SALUD MENTAL COMUNITARIO JAVIER MARIATEGUI CHIAPPE;AVENIDA lurigancho NUMERO S/N PISO 1 DEPARTAMENTO 1 INTERIOR 1 MANZANA b LOTE 9 URBANIZACION azcarrunz alto DISTRITO SAN JUAN DE LURIGANCHO PROVINCIA LIMA DEPARTAMENTO LIMA;I-3;PROVINCIAL;DISTRITAL;0
1286;40115;AREQUIPA;AREQUIPA;QUEQUE—A;-16.55676342;-71.45144464;PUESTO DE SALUD QUEQUEAëA;CALLE CALLE SONCOMARCA S/N NUMERO S/N DISTRITO QUEQUEAëA PROVINCIA AREQUIPA DEPARTAMENTO AREQUIPA;I-2;PROVINCIAL;DISTRITAL;0
20827;220901;SAN MARTIN;SAN MARTIN;TARAPOTO;-6.49255;-76.36964;POLICLINICO  PNP TARAPOTO;JR LOS GIRASOLES 300 DISTRITO TARAPOTO PROVINCIA SAN MARTIN DEPARTAMENTO SAN MARTIN;I-3;DISTRITAL;PROVINCIAL;0
3582;50106;AYACUCHO;HUAMANGA;OCROS;-13.42314508;-73.85106004;PUESTO DE SALUD NIAëO JESUS DE PAJONAL;OTROS COMUNIDAD DE PAJONAL DISTRITO OCROS PROVINCIA HUAMANGA DEPARTAMENTO AYACUCHO;I-2;PROVINCIAL;DISTRITAL;0
3659;50401;AYACUCHO;HUANTA;HUANTA;-12.95522667;-74.25181333;PUESTO DE SALUD MAYNAY;PLAZA PLAZA PRINCIPAL DE MAYNAY DISTRITO HUANTA PROVINCIA HUANTA DEPARTAMENTO AYACUCHO;I-1;PROVINCIAL;PROVINCIAL;0
27731;50115;AYACUCHO;HUAMANGA;JESUS NAZARENO;-13.1478868;-74.21378476;CENTRO DE SALUD MENTALCOMUNITARIO JESUS NAZARENO- KUSKA WIAëARISUN;OTROS ASENTAMIENTO HUMANO VILLA SAN CRISTOBAL PISO 1 MANZANA L LOTE 2 DISTRITO JESUS NAZARENO PROVINCIA HUAMANGA DEPARTAMENTO AYACUCHO;I-3;PROVINCIAL;DISTRITAL;0
25929;150113;LIMA;LIMA;JESUS MARIA;-12.0781849;-77.0367809;CONSULTORIOS DE ATENCIAìN INTEGRAL DE DIABETES E HIPERTENSION - ESSALUD;AVENIDA arenales NUMERO 1402 PISO 1 DISTRITO JESUS MARIA PROVINCIA LIMA DEPARTAMENTO LIMA;I-2;PROVINCIAL;DISTRITAL;1
11664;40112;AREQUIPA;AREQUIPA;PAUCARPATA;-16.4256037;-71.51343182;"POSTA MEDICA POLICIAL ""SAN MARTIN DE PORRES""  AREQUIPA";CALLE CALLE SAN MARTIN DE PORRES S/N URB. GUARDIA CIVIL I ETAPA NUMERO S/N DISTRITO PAUCARPATA PROVINCIA AREQUIPA DEPARTAMENTO AREQUIPA;I-2;PROVINCIAL;DISTRITAL;0
9217;210101;PUNO;PUNO;PUNO;-15.8402218;-70.0218805;CENTRO DE ATENCION PRIMARIA III METROPOLITANO DE PUNO;JR. AREQUIPA N∫ 950 DISTRITO PUNO PROVINCIA PUNO DEPARTAMENTO PUNO;I-3;DISTRITAL;PROVINCIAL;0
8709;150140;LIMA;LIMA;SANTIAGO DE SURCO;-12.1521653;-77.0038897;CENTRO DE SALUD FAP LAS PALMAS;AVENIDA AV. JORGE CHAVEZ S/N BASE AEREA LAS PALMAS NUMERO S/N DISTRITO SANTIAGO DE SURCO PROVINCIA LIMA DEPARTAMENTO LIMA;I-4;PROVINCIAL;DISTRITAL;0
5749;150135;LIMA;LIMA;SAN MARTIN DE PORRES;-12.028589;-77.0764106;CENTRO DE SALUD PERU III ZONA;AVENIDA AV UNIVERSITARIA 181 URB CONDEVILLA DISTRITO SAN MARTIN DE PORRES PROVINCIA LIMA DEPARTAMENTO LIMA;I-3;PROVINCIAL;DISTRITAL;1
33147;210501;PUNO;EL COLLAO;ILAVE;-16.0854612;-69.6378272;"CENTRO DE SALUD MENTAL COMUNITARIO ""SUMA JAKAAëA """;ALTIPLANO S/N  BARRIO  ALTO ALIANZA  CHUNTA CCOLLO DISTRITO ILAVE DISTRITO ILAVE PROVINCIA EL COLLAO DEPARTAMENTO PUNO;I-3;DISTRITAL;PROVINCIAL;0
34079;150119;LIMA;LIMA;LURIN;-12.27200166;-76.87129156;CENTRO DE SALUD MENTAL COMUNITARIO SAN PEDRO DE LURIN;PROLONGACION BOLAçVAR Y SAN PEDRO MZ A-1 LTE 01 DISTRITO LURIN PROVINCIA LIMA DEPARTAMENTO LIMA;I-3;PROVINCIAL;DISTRITAL;0
34041;50115;AYACUCHO;HUAMANGA;JESUS NAZARENO;-13.15678416;-74.2166323;CENTRO DE ATENCIAìN PRIMARIA III METROPOLITANO;RICARDO PALMA NUMERO 560 DISTRITO JESUS NAZARENO PROVINCIA HUAMANGA DEPARTAMENTO AYACUCHO;I-3;PROVINCIAL;DISTRITAL;0
35375;150101;LIMA;LIMA;LIMA;-12.05011982;-77.02913559;CONSULTORIO MEDICO BCR-SEDE CENTRAL;SANTA ROSA NUMERO 441 DISTRITO LIMA PROVINCIA LIMA DEPARTAMENTO LIMA;I-2;DISTRITAL;PROVINCIAL;0
36468;50401;AYACUCHO;HUANTA;HUANTA;-12.9468779;-74.24062259;PUESTO DE SALUD  ACCOSCCA;PASAJE SAN MARTIN-BARRIO ACCOSCCA NUMERO S/N DISTRITO HUANTA PROVINCIA HUANTA DEPARTAMENTO AYACUCHO;I-1;PROVINCIAL;PROVINCIAL;0
1662;21801;ANCASH;SANTA;CHIMBOTE;-9.06854793;-78.59433687;PUESTO DE SALUD VICTOR RAUL;Jr. JR. FERROCARRIL S/N MZA H LTE. 01 B LA BALANZA S/N JR. FERROCARRIL S/N MZA H LTE. 01 B LA BALANZA CHIMBOTE SANTA ANCASH;I-2;PROVINCIAL;PROVINCIAL;0
1710;21802;ANCASH;SANTA;CACERES DEL PERU;-8.97890945;-78.05819521;PUESTO DE SALUD COLCAP;OTROS SECTOR COLCAP S/N S/N SECTOR COLCAP S/N CACERES DEL PERU SANTA ANCASH;I-2;PROVINCIAL;DISTRITAL;0
1714;21806;ANCASH;SANTA;NEPE—A;-9.17195511;-78.35714242;CENTRO DE SALUD NEPE—A;OTROS DANIEL ALCIDES CARRION S/N S/N DANIEL ALCIDES CARRION S/N NEPEAëA SANTA ANCASH;I-3;PROVINCIAL;DISTRITAL;0
1679;21801;ANCASH;SANTA;CHIMBOTE;-8.96477294;-78.58541942;PUESTO DE SALUD TAMBO REAL;AVENIDA AV. AMERICA MZA. M LTE 04 AV. AMERICA MZA. M LTE 04 SANTA SANTA ANCASH;I-1;PROVINCIAL;PROVINCIAL;0
27134;21801;ANCASH;SANTA;CHIMBOTE;-9.057738;-78.587071;"""CENTRO DE SALUD MENTAL COMUNITARIO DOS DE JUNIO""";OTROS PUEBLO JOVEN 2 DE JUNIO L 02 A DOS CUADRAS DEL VIVERO FORESTAL DE CHIMBOTE CHIMBOTE SANTA ANCASH;I-3;PROVINCIAL;PROVINCIAL;0
1654;21801;ANCASH;SANTA;CHIMBOTE;-9.08843009;-78.57040973;CENTRO DE SALUD MIRAFLORES ALTO;OTROS PP.JJ. MIRAFLORES ALTO MZ. 23 - 1 PP.JJ. MIRAFLORES ALTO MZ. 23 - 1 CHIMBOTE SANTA ANCASH;I-3;PROVINCIAL;PROVINCIAL;0
1658;21801;ANCASH;SANTA;CHIMBOTE;-8.94403612;-78.5170778;PUESTO DE SALUD 14 INCAS;OTROS 14 INCAS CASCAJAL IZQUIERDO S/NN∞ S/N DISTRITO CHIMBOTE PROVINCIA SANTA DEPARTAMENTO ANCASH;I-1;PROVINCIAL;PROVINCIAL;0
1672;21802;ANCASH;SANTA;CACERES DEL PERU;-8.87063242;-78.15358285;PUESTO DE SALUD SANTA ROSA DE PAQUIRCA;OTROS SANTA ROSA DE PAQUIRCA S/N - CENTRO POBLADO SANTA ROSA DE PAQUIRCAN∞ S/N DISTRITO MACATE PROVINCIA SANTA DEPARTAMENTO ANCASH;I-1;PROVINCIAL;DISTRITAL;0
27144;21809;ANCASH;SANTA;NUEVO CHIMBOTE;-9.147672;-78.507196;CENTRO DE SALUD MENTAL COMUNITARIO NUEVO PUERTO;OTROS ASENTAMIENTO HUMANO VILLA LAS PALMAS C O2 A ESPALDAS DEL COLEGIO LAS PALMAS NUEVO CHIMBOTE SANTA ANCASH;I-3;PROVINCIAL;DISTRITAL;0
1676;21808;ANCASH;SANTA;SANTA;-8.98607928;-78.6153025;CENTRO DE SALUD SANTA;Jr. JR. RIO SANTA N∫ 510 MZ. A LT 02 JR. RIO SANTA N∫ 510 MZ. A LT 02 SANTA SANTA ANCASH;I-3;PROVINCIAL;DISTRITAL;0
31454;21801;ANCASH;SANTA;CHIMBOTE;-9.05707165;-78.58185257;CENTRO DE SALUD LA ESPERANZA;Jr. RAMON CASTILLA H 01 A UNA CUADRA DEL CEMENTAERIO DIVINO MAESTRO CHIMBOTE SANTA ANCASH;I-3;PROVINCIAL;PROVINCIAL;0
1653;21801;ANCASH;SANTA;CHIMBOTE;-9.09278314;-78.56165175;PUESTO DE SALUD SAN JUAN;OTROS JOSE CARLOS MARIATEGUI S/NN∞ S/N DISTRITO CHIMBOTE PROVINCIA SANTA DEPARTAMENTO ANCASH;I-2;PROVINCIAL;PROVINCIAL;0
1706;21809;ANCASH;SANTA;NUEVO CHIMBOTE;-9.1189991;-78.54523354;PUESTO DE SALUD VILLA MARIA;AVENIDA AV. 28 DE JULIO MZ Z-17A VILLA MARIA AV. 28 DE JULIO MZ Z-17A VILLA MARIA NUEVO CHIMBOTE SANTA ANCASH;I-2;PROVINCIAL;DISTRITAL;0
1718;21805;ANCASH;SANTA;MORO;-9.10062144;-78.1818235;PUESTO DE SALUD CAPTUY;OTROS CAPTUY BAJO DISTRITO MORO PROVINCIA SANTA DEPARTAMENTO ANCASH;I-1;PROVINCIAL;DISTRITAL;0
1675;21803;ANCASH;SANTA;COISHCO;-9.02166397;-78.6140252;CENTRO DE SALUD COISHCO;OTROS PANAMERICANA ANTIGUA N∫ 599 MZ W1 LTE. 16 PANAMERICANA ANTIGUA N∫ 599 MZ W1 LTE. 16 COISHCO SANTA ANCASH;I-3;PROVINCIAL;DISTRITAL;0
17690;21801;ANCASH;SANTA;CHIMBOTE;-9.0746192;-78.595333;POLICLINICO PNP CHIMBOTE;AVENIDA PARDO 292 NUMERO 292 DISTRITO CHIMBOTE PROVINCIA SANTA DEPARTAMENTO ANCASH;I-3;PROVINCIAL;PROVINCIAL;0
36302;21808;ANCASH;SANTA;SANTA;-8.993822;-78.615623;"CENTRO DE SALUD MENTAL COMUNITARIO ""SANTA""";PROLONGACION CIRO ALEGRIA MANZANA W¬¥ LOTE 1 DISTRITO SANTA PROVINCIA SANTA DEPARTAMENTO ANCASH;I-3;PROVINCIAL;DISTRITAL;0
1661;21801;ANCASH;SANTA;CHIMBOTE;-9.05027294;-78.58886325;PUESTO DE SALUD SAN PEDRO;Jr. JR.LOS ANGELES MZ-L1 -LT -1 DISTRITO CHIMBOTE PROVINCIA SANTA DEPARTAMENTO ANCASH;I-2;PROVINCIAL;PROVINCIAL;0
9054;21809;ANCASH;SANTA;NUEVO CHIMBOTE;-9.124726;-78.5233296;HOSPITAL I CONO SUR;AVENIDA AV.ANCHOVETA S/NN∞ S/N DISTRITO NUEVO CHIMBOTE PROVINCIA SANTA DEPARTAMENTO ANCASH;I-4;PROVINCIAL;DISTRITAL;0
1712;21807;ANCASH;SANTA;SAMANCO;-9.31965602;-78.47588709;PUESTO DE SALUD LOS CHIMUS;AVENIDA AV. PESCADORES S/N CENTRO POBLADO CALETA - LOS CHIMUSN∞ S/N DISTRITO SAMANCO PROVINCIA SANTA DEPARTAMENTO ANCASH;I-1;PROVINCIAL;DISTRITAL;0
7266;21809;ANCASH;SANTA;NUEVO CHIMBOTE;-9.11697211;-78.5049083;PUESTO DE SALUD NICOLAS DE GARATEA;OTROS NICOLAS DE GARATEA MZ 90 LTE 05 NICOLAS DE GARATEA MZ 90 LTE 05 NUEVO CHIMBOTE SANTA ANCASH;I-2;PROVINCIAL;DISTRITAL;0
1660;21801;ANCASH;SANTA;CHIMBOTE;-9.05013822;-78.5744781;PUESTO DE SALUD LA UNION;Jr. JR. MANCO CAPAC S/N MZA 1 LTE. 10A S/N JR. MANCO CAPAC S/N MZA 1 LTE. 10A CHIMBOTE SANTA ANCASH;I-2;PROVINCIAL;PROVINCIAL;0
1707;21809;ANCASH;SANTA;NUEVO CHIMBOTE;-9.10852269;-78.53781565;PUESTO DE SALUD SATELITE;CALLE CALLE MEXICO MZ N LT 4 CALLE MEXICO MZ N LT 4 NUEVO CHIMBOTE SANTA ANCASH;I-2;PROVINCIAL;DISTRITAL;0
1663;21801;ANCASH;SANTA;CHIMBOTE;-9.05971975;-78.57915935;PUESTO DE SALUD TUPAC AMARU;OTROS URB. EL CARMEN MZ 13- LOTE 8-A DISTRITO CHIMBOTE PROVINCIA SANTA DEPARTAMENTO ANCASH;I-2;PROVINCIAL;PROVINCIAL;0
1705;21809;ANCASH;SANTA;NUEVO CHIMBOTE;-9.11610303;-78.53955184;PUESTO DE SALUD 3 DE OCTUBRE;OTROS MZR-LOTE3 A.H. 03 DE OCTUBRE MZR-LOTE3 A.H. 03 DE OCTUBRE NUEVO CHIMBOTE SANTA ANCASH;I-2;PROVINCIAL;DISTRITAL;1
1713;21807;ANCASH;SANTA;SAMANCO;-9.25819043;-78.43538633;PUESTO DE SALUD HUAMBACHO;OTROS HUAMBACHO EL ARENAL HUAMBACHO EL ARENAL SAMANCO SANTA ANCASH;I-1;PROVINCIAL;DISTRITAL;0
1674;21804;ANCASH;SANTA;MACATE;-8.76132536;-78.09455399;PUESTO DE SALUD HUANROC;OTROS TUCUPARA - BELLAVISTA - HUARAC DISTRITO MACATE PROVINCIA SANTA DEPARTAMENTO ANCASH;I-1;PROVINCIAL;DISTRITAL;0
1678;21801;ANCASH;SANTA;CHIMBOTE;-8.89325253;-78.56666266;PUESTO DE SALUD RINCONADA;AVENIDA AV.VICTOR RAUL HAYA DE LA TORRE S/NN∞ S/N DISTRITO SANTA PROVINCIA SANTA DEPARTAMENTO ANCASH;I-1;PROVINCIAL;PROVINCIAL;0
1669;21801;ANCASH;SANTA;CHIMBOTE;-9.07171004;-78.58178337;PUESTO DE SALUD MAGDALENA NUEVA;AVENIDA AVENIDA ATAHUALPA CUADRA 3 S/N. S/N AVENIDA ATAHUALPA CUADRA 3 S/N. CHIMBOTE SANTA ANCASH;I-2;PROVINCIAL;PROVINCIAL;0
1657;21801;ANCASH;SANTA;CHIMBOTE;-8.97323873;-78.49818145;PUESTO DE SALUD CHACHAPOYAS;AVENIDA AV. SANTA ROSA MZ D LTE 2 DISTRITO CHIMBOTE PROVINCIA SANTA DEPARTAMENTO ANCASH;I-1;PROVINCIAL;PROVINCIAL;0
1704;21809;ANCASH;SANTA;NUEVO CHIMBOTE;-9.1323422;-78.51919552;CENTRO DE SALUD YUGOSLAVIA;AVENIDA AV. SAUCES S/N NUEVO CHIMBOTE S/N AV. SAUCES S/N NUEVO CHIMBOTE NUEVO CHIMBOTE SANTA ANCASH;I-4;PROVINCIAL;DISTRITAL;0
1709;21802;ANCASH;SANTA;CACERES DEL PERU;-8.93579691;-78.14516733;PUESTO DE SALUD LAMPANIN;OTROS CASERIO LAMPANIN DISTRITO CACERES DEL PERU PROVINCIA SANTA DEPARTAMENTO ANCASH;I-1;PROVINCIAL;DISTRITAL;0
36307;21801;ANCASH;SANTA;CHIMBOTE;-9.074195;-78.56754;PUESTO DE SALUD SANTA ANA COSTA;OTROS ASENTAMIENTO HUMANO SAN MIGUEL MANZANA L LOTE 2 DISTRITO CHIMBOTE PROVINCIA SANTA DEPARTAMENTO ANCASH;I-2;PROVINCIAL;PROVINCIAL;0
1715;21806;ANCASH;SANTA;NEPE—A;-9.14530627;-78.27668369;CENTRO DE SALUD SAN JACINTO;AVENIDA AV. SOLIVIN S/N SAN JACINTON∞ S/N DISTRITO NEPEAëA PROVINCIA SANTA DEPARTAMENTO ANCASH;I-3;PROVINCIAL;DISTRITAL;0
1680;21801;ANCASH;SANTA;CHIMBOTE;-8.80170247;-78.55158891;PUESTO DE SALUD VINZOS;OTROS VINZOS MZ. S LTE 02 VINZOS MZ. S LTE 02 SANTA SANTA ANCASH;I-1;PROVINCIAL;PROVINCIAL;0
1655;21801;ANCASH;SANTA;CHIMBOTE;-9.08572925;-78.57843058;CENTRO DE SALUD FLORIDA;Jr. JR. MOQUEGUA N∫ 200 JR. MOQUEGUA N∫ 200 CHIMBOTE SANTA ANCASH;I-3;PROVINCIAL;PROVINCIAL;0
1673;21804;ANCASH;SANTA;MACATE;-8.75985743;-78.0598725;PUESTO DE SALUD MACATE;Jr. JR. ALFONSO UGARTE S/NN∞ S/N DISTRITO MACATE PROVINCIA SANTA DEPARTAMENTO ANCASH;I-2;PROVINCIAL;DISTRITAL;0
1677;21808;ANCASH;SANTA;SANTA;-8.99045478;-78.64751719;PUESTO DE SALUD PUERTO SANTA;OTROS PUERTO SANTA MZA E LTE. 04 DISTRITO SANTA PROVINCIA SANTA DEPARTAMENTO ANCASH;I-1;PROVINCIAL;DISTRITAL;0
1711;21807;ANCASH;SANTA;SAMANCO;-9.26245805;-78.49625913;PUESTO DE SALUD SAMANCO;OTROS RICARDO PALMA S/N S/N RICARDO PALMA S/N SAMANCO SANTA ANCASH;I-2;PROVINCIAL;DISTRITAL;0
36300;21809;ANCASH;SANTA;NUEVO CHIMBOTE;-9.12696157;-78.51294523;CENTRO DE SALUD MENTAL COMUNITARIO DEL ETERNO SOL;OTROS PROGRAMA DE VIVIENDA HABILITACION URBANA ZONA ESTE I BARRIO 3 MANZANA D LOTE 1 DISTRITO CASMA PROVINCIA CASMA DEPARTAMENTO ANCASH;I-3;PROVINCIAL;DISTRITAL;0
1665;21801;ANCASH;SANTA;CHIMBOTE;-8.90842214;-78.52751106;PUESTO DE SALUD CASCAJAL;AVENIDA AV.CASCAJAL S/NN∞ S/N DISTRITO CHIMBOTE PROVINCIA SANTA DEPARTAMENTO ANCASH;I-2;PROVINCIAL;PROVINCIAL;0
1668;21804;ANCASH;SANTA;MACATE;-8.88649428;-78.21585395;PUESTO DE SALUD SANTA ANA SIERRA;Jr. JR. SANTA ANITA MZA. D LTE 1 DISTRITO MACATE PROVINCIA SANTA DEPARTAMENTO ANCASH;I-1;PROVINCIAL;DISTRITAL;0
9055;21803;ANCASH;SANTA;COISHCO;-9.01984;-78.614525;CENTRO MEDICO COISHCO;Jr. JR.ANCASH S/NN∞ S/N DISTRITO COISHCO PROVINCIA SANTA DEPARTAMENTO ANCASH;I-4;PROVINCIAL;DISTRITAL;0
1708;21802;ANCASH;SANTA;CACERES DEL PERU;-9.01526065;-78.13968884;PUESTO DE SALUD JIMBE;OTROS MEDIAN VELASQUEZ S/N JIMBE S/N MEDIAN VELASQUEZ S/N JIMBE CACERES DEL PERU SANTA ANCASH;I-2;PROVINCIAL;DISTRITAL;0
1667;21801;ANCASH;SANTA;CHIMBOTE;-8.87030508;-78.26796167;PUESTO DE SALUD LUPAHUARI;OTROS LUPAHUARY S/N CENTRO POBLADO DE LUPAHUARYN∞ S/N DISTRITO CHIMBOTE PROVINCIA SANTA DEPARTAMENTO ANCASH;I-1;PROVINCIAL;PROVINCIAL;0
1717;21805;ANCASH;SANTA;MORO;-9.14204143;-78.14376285;PUESTO DE SALUD POCOS;OTROS CASERIO DE POCOS CASERIO DE POCOS MORO SANTA ANCASH;I-1;PROVINCIAL;DISTRITAL;0
10929;60401;CAJAMARCA;CHOTA;CHOTA;-6.558193;-78.6483843;POSTA MEDICA POLICIAL CHOTA;AVENIDA AV.INCA GARCILAZO DE LA VEGA 724 DISTRITO CHOTA PROVINCIA CHOTA DEPARTAMENTO CAJAMARCA;I-2;PROVINCIAL;PROVINCIAL;0
18547;60401;CAJAMARCA;CHOTA;CHOTA;-6.5617701;-78.65090622;"PUESTO DE SALUD ""CHOTA""";AVENIDA INCA GARCILAZO DE LA VEGAN∞ 235 DISTRITO CHOTA PROVINCIA CHOTA DEPARTAMENTO CAJAMARCA;I-1;PROVINCIAL;PROVINCIAL;0
25508;60419;CAJAMARCA;CHOTA;CHALAMARCA;-6.43910064;-78.52719137;CENTRO PALMA;OTROS CENTRO POBLADO CENTRO PALMA SN TACABAMBA CHOTA CAJAMARCA;I-1;PROVINCIAL;DISTRITAL;0
26186;60401;CAJAMARCA;CHOTA;CHOTA;-6.558193;-78.6483843;CENTRO DE SALUD MENTAL COMUNITARIO RENACER;CALLE ACCESO ALBERGUE INFANTIL A CINCUENTA METROS DEL PARQUE INFANTIL SANTA EULALIA. CHOTA CHOTA CAJAMARCA;I-3;PROVINCIAL;PROVINCIAL;0
2726;170101;MADRE DE DIOS;TAMBOPATA;TAMBOPATA;-12.32024542;-69.27250039;SABALUYOC;OTROS COMUNIDAD SABALUYOC COMUNIDAD SABALUYOC LAS PIEDRAS TAMBOPATA MADRE DE DIOS;I-1;DISTRITAL;PROVINCIAL;0
2701;170101;MADRE DE DIOS;TAMBOPATA;TAMBOPATA;-12.54838155;-69.37050379;TRES ISLAS;CARRETERA KM 18.5 CARRETERA TRES ISLAS KM 18.5 CARRETERA TRES ISLAS TAMBOPATA TAMBOPATA MADRE DE DIOS;I-1;DISTRITAL;PROVINCIAL;0
4176;30201;APURIMAC;ANDAHUAYLAS;ANDAHUAYLAS;-13.74120566;-73.41734144;SOCCNACANCHA;OTROS SOCCNACANCHA DISTRITO ANDAHUAYLAS PROVINCIA ANDAHUAYLAS DEPARTAMENTO APURIMAC;I-2;PROVINCIAL;PROVINCIAL;0
5198;130101;LA LIBERTAD;TRUJILLO;TRUJILLO;-8.12384639;-79.02618409;SAN MARTIN DE PORRES;OTROS MZ. O LOTE 1 - LOZ JAZMINES DISTRITO TRUJILLO PROVINCIA TRUJILLO DEPARTAMENTO LA LIBERTAD;I-3;DISTRITAL;PROVINCIAL;0
4374;140301;LAMBAYEQUE;LAMBAYEQUE;LAMBAYEQUE;-6.626905;-79.86521667;SIALUPE HUAMANTANGA;OTROS CAS.SIALUPE HUAMANTANGA/SECTOR LOS MESTAS DISTRITO LAMBAYEQUE PROVINCIA LAMBAYEQUE DEPARTAMENTO LAMBAYEQUE;I-1;DISTRITAL;PROVINCIAL;0
6754;10101;AMAZONAS;CHACHAPOYAS;CHACHAPOYAS;-6.22779333;-77.87931833;9 DE ENERO;AVENIDA AVENIDA DEL TRABAJO S/N NUMERO S/N DISTRITO CHACHAPOYAS PROVINCIA CHACHAPOYAS DEPARTAMENTO AMAZONAS;I-3;PROVINCIAL;PROVINCIAL;0
6186;150101;LIMA;LIMA;LIMA;-12.039118;-77.05043753;CONDE DE LA VEGA BAJA;JR. CONDE DE LA VEGA BAJA 488 DISTRITO LIMA PROVINCIA LIMA DEPARTAMENTO LIMA;I-3;DISTRITAL;PROVINCIAL;0
6842;60401;CAJAMARCA;CHOTA;CHOTA;-6.62654;-78.62297;SILLEROPATA ALTO;OTROS COMUNIDAD SILLEROPANTA ALTO COMUNIDAD SILLEROPANTA ALTO CHOTA CHOTA CAJAMARCA;I-1;PROVINCIAL;PROVINCIAL;0
10110;220101;SAN MARTIN;MOYOBAMBA;MOYOBAMBA;-5.95680362;-76.8717844;LA FLOR DE LA PRIMAVERA;AVENIDA AV. 23 DE SETIEMBRE S/N CAS FLOR DE PRIMAVERA NUMERO S/N DISTRITO MOYOBAMBA PROVINCIA MOYOBAMBA DEPARTAMENTO SAN MARTIN;I-1;DISTRITAL;PROVINCIAL;0
4661;60401;CAJAMARCA;CHOTA;CHOTA;-6.60321;-78.66489;CABRACANCHA;OTROS COMUNIDAD CABRACANCHA COMUNIDAD CABRACANCHA CHOTA CHOTA CAJAMARCA;I-2;PROVINCIAL;PROVINCIAL;0
5562;250101;UCAYALI;CORONEL PORTILLO;CALLERIA;-8.39841364;-74.58801438;NUEVO BOLOGNESI.;JIRON JAUJA MZ K  LT 1 DISTRITO CALLERIA PROVINCIA CORONEL PORTILLO DEPARTAMENTO UCAYALI;I-2;DISTRITAL;PROVINCIAL;0
4641;60101;CAJAMARCA;CAJAMARCA;CAJAMARCA;-7.164666;-78.513279;MICAELA BASTIDAS;PASAJE PSJE LIBERTA 224-CAJAMARCA PSJE LIBERTA 224-CAJAMARCA CAJAMARCA CAJAMARCA CAJAMARCA;I-2;PROVINCIAL;PROVINCIAL;0
4642;60101;CAJAMARCA;CAJAMARCA;CAJAMARCA;-7.202699;-78.485554;PATA PATA;OTROS COMUNIDAD PATA PATA COMUNIDAD PATA PATA CAJAMARCA CAJAMARCA CAJAMARCA;I-1;PROVINCIAL;PROVINCIAL;0
10660;70101;CALLAO;CALLAO;CALLAO;-12.03551396;-77.13957823;ENFERMERAçA DEL GRUPO DE SALVAMENTO DE LA MARINA DE GUERRA DEL PERAö;AVENIDA AV. CONTRALMIRANTE MORA S/N BASE NAVAL DEL CALLAO NUMERO S/N DISTRITO CALLAO PROVINCIA CALLAO DEPARTAMENTO CALLAO;I-2;PROVINCIAL;PROVINCIAL;0
16886;60101;CAJAMARCA;CAJAMARCA;CAJAMARCA;-7.187558;-78.544977;SAN CRISTOBAL;OTROS SAN CRISTOBAL DISTRITO MAGDALENA PROVINCIA CAJAMARCA DEPARTAMENTO CAJAMARCA;I-1;PROVINCIAL;PROVINCIAL;0
18948;210101;PUNO;PUNO;PUNO;-15.8194556;-70.0387607;ESTABLECIMIENTO DE SALUD DIVINO NINO JESUS DEL EP-PUNO;AVENIDA AV TIQUILLACA KM 5 S/N NUMERO S/N DISTRITO PUNO PROVINCIA PUNO DEPARTAMENTO PUNO;I-2;DISTRITAL;PROVINCIAL;0
4640;60101;CAJAMARCA;CAJAMARCA;CAJAMARCA;-7.06213;-78.55323;LA TULPUNA;AVENIDA AV. ALFONSO UGARTE S/N S/N AV. ALFONSO UGARTE S/N CAJAMARCA CAJAMARCA CAJAMARCA;I-3;PROVINCIAL;PROVINCIAL;0
2661;30101;APURIMAC;ABANCAY;ABANCAY;-13.62778285;-72.85941691;MARCAHUASI;OTROS SECTOR MARCAHUASI S/N NUMERO S/N DISTRITO ABANCAY PROVINCIA ABANCAY DEPARTAMENTO APURIMAC;I-1;PROVINCIAL;PROVINCIAL;0
4216;60801;CAJAMARCA;JAEN;JAEN;-5.67178849;-78.89966037;LA CASCARILLA;OTROS COMUNIDAD LA CASCARILLA DISTRITO JAEN PROVINCIA JAEN DEPARTAMENTO CAJAMARCA;I-2;PROVINCIAL;PROVINCIAL;0
25276;160101;LORETO;MAYNAS;IQUITOS;-3.7413396;-73.248103;"BATALLAìN DE SELVA ""SOLDADO REYNALDO BARTRA DIAZ "" N¬∞ 525- NUEVA JERUSALEN DEL ERENE";CAMINO RURAL COMUNIDAD NATIVA NUEVA JERUSALEN DEL ERENE DISTRITO YAVARI PROVINCIA MARISCAL RAMON CASTILLA DEPARTAMENTO LORETO;I-2;DISTRITAL;PROVINCIAL;0
2705;170101;MADRE DE DIOS;TAMBOPATA;TAMBOPATA;-12.62974621;-69.18551406;BAJO TAMBOPATA;CARRETERA CARRETERA BAJO TAMBOPATA KM4 CARRETERA BAJO TAMBOPATA KM4 TAMBOPATA TAMBOPATA MADRE DE DIOS;I-1;DISTRITAL;PROVINCIAL;0
11976;30101;APURIMAC;ABANCAY;ABANCAY;-13.64550167;-72.90004;TABLADA ALTA;OTROS TABLA ALTA S/N NUMERO S/N DISTRITO ABANCAY PROVINCIA ABANCAY DEPARTAMENTO APURIMAC;I-2;PROVINCIAL;PROVINCIAL;0
12994;30201;APURIMAC;ANDAHUAYLAS;ANDAHUAYLAS;-13.73379469;-73.39311621;SUCARAYLLA;OTROS SUCARAYLLA DISTRITO ANDAHUAYLAS PROVINCIA ANDAHUAYLAS DEPARTAMENTO APURIMAC;I-2;PROVINCIAL;PROVINCIAL;0
3315;211101;PUNO;SAN ROMAN;JULIACA;-15.516739;-70.12568175;TAPARACHI;JR. CUBA MZ B-4 LOTE 12-13-14 JULIACA DISTRITO JULIACA PROVINCIA SAN ROMAN DEPARTAMENTO PUNO;I-2;DISTRITAL;PROVINCIAL;0
4669;60401;CAJAMARCA;CHOTA;CHOTA;-6.55439;-78.59715;EL MIRADOR (CHOTA);OTROS COMUNIDAD MIRADOR COMUNIDAD MIRADOR CHOTA CHOTA CAJAMARCA;I-1;PROVINCIAL;PROVINCIAL;0
6292;220101;SAN MARTIN;MOYOBAMBA;MOYOBAMBA;-5.69268599;-77.32512771;IMPERIO DE CACHIYACU;CPM IMPERIO CACHIYACU JR. BUEN SAMARITANO S/N NUMERO S/N DISTRITO MOYOBAMBA PROVINCIA MOYOBAMBA DEPARTAMENTO SAN MARTIN;I-1;DISTRITAL;PROVINCIAL;0
4673;60401;CAJAMARCA;CHOTA;CHOTA;-6.58527;-78.60454;NUEVO ORIENTE;OTROS COMUNIDAD NUEVO ORIENTE COMUNIDAD NUEVO ORIENTE CHOTA CHOTA CAJAMARCA;I-1;PROVINCIAL;PROVINCIAL;0
8445;150101;LIMA;LIMA;LIMA;-12.0493589;-77.035362;SOLIDARIDAD CAMANA;JR. CAMANA 700 DISTRITO LIMA PROVINCIA LIMA DEPARTAMENTO LIMA;I-3;DISTRITAL;PROVINCIAL;0
9;160101;LORETO;MAYNAS;IQUITOS;-3.735462;-73.25455621;SAN ANTONIO DE IQUITOS;OTROS ACTUALIZAR ACTUALIZAR IQUITOS MAYNAS LORETO;I-3;DISTRITAL;PROVINCIAL;0
5565;250101;UCAYALI;CORONEL PORTILLO;CALLERIA;-8.37309373;-74.55099565;NUEVO PARAISO;JIRON GRAU N∫ 220 AA.HH. NUEVO PARAISO JIRON GRAU N∫ 220 AA.HH. NUEVO PARAISO CALLERIA CORONEL PORTILLO UCAYALI;I-3;DISTRITAL;PROVINCIAL;0
5453;250101;UCAYALI;CORONEL PORTILLO;CALLERIA;-8.43305529;-74.24034814;MAZARAY;OTROS CASERIO MAZARAY S/N NUMERO S/N DISTRITO CALLERIA PROVINCIA CORONEL PORTILLO DEPARTAMENTO UCAYALI;I-1;DISTRITAL;PROVINCIAL;0
3252;210101;PUNO;PUNO;PUNO;-15.82486667;-70.02903167;4 DE NOVIEMBRE;JR. RUBEN DARIO N∫ 257 - BARRIO 4 DE NOVIEMBRE DISTRITO PUNO PROVINCIA PUNO DEPARTAMENTO PUNO;I-3;DISTRITAL;PROVINCIAL;0
3377;110101;ICA;ICA;ICA;-14.07999167;-75.76977667;EL HUARANGO;PLAZA PLAZA DE ARMAS DE LA TIERRA PROMETIDA MZ. E-2 DISTRITO ICA PROVINCIA ICA DEPARTAMENTO ICA;I-2;DISTRITAL;PROVINCIAL;0
3034;210501;PUNO;EL COLLAO;ILAVE;-16.163695;-69.58242;ANCOAMAYA;OTROS CENTRO POBLADO ANCOAMAYA DISTRITO ILAVE PROVINCIA EL COLLAO DEPARTAMENTO PUNO;I-2;DISTRITAL;PROVINCIAL;0
3039;210501;PUNO;EL COLLAO;ILAVE;-16.14109167;-69.60130833;CHUCARAYA;OTROS CENTRO POBLADO DE CHUCARAYA DISTRITO ILAVE PROVINCIA EL COLLAO DEPARTAMENTO PUNO;I-1;DISTRITAL;PROVINCIAL;0
3040;210501;PUNO;EL COLLAO;ILAVE;-16.24135167;-69.63672833;CHURO LOPEZ;OTROS VILLA CHURO LOPEZ DISTRITO ILAVE PROVINCIA EL COLLAO DEPARTAMENTO PUNO;I-2;DISTRITAL;PROVINCIAL;0
3044;210501;PUNO;EL COLLAO;ILAVE;-16.17615167;-69.62963;PACCO RISALAZO;OTROS CENTRO POBLADO PACCO RISALAZO DISTRITO ILAVE PROVINCIA EL COLLAO DEPARTAMENTO PUNO;I-1;DISTRITAL;PROVINCIAL;0
2086;200101;PIURA;PIURA;PIURA;-5.18635;-80.63138167;E.S.  PACHITEA;AVENIDA ESQ. AV. LUIS ANTONIO EGUIGUREN/MARTIRES DE UCHURACCAY S/N URB. SANTA ISABEL S/N ESQ. AV. LUIS ANTONIO EGUIGUREN/MARTIRES DE UCHURACCAY S/N URB. SANTA ISABEL PIURA PIURA PIURA;I-4;DISTRITAL;PROVINCIAL;0
3310;211101;PUNO;SAN ROMAN;JULIACA;-15.43903137;-70.23655403;RANCHO PUCACHUPA;OTROS COMUNIDAD CAMPAESINA RANCHO PUCACHUPA DISTRITO JULIACA PROVINCIA SAN ROMAN DEPARTAMENTO PUNO;I-2;DISTRITAL;PROVINCIAL;0
2718;170101;MADRE DE DIOS;TAMBOPATA;TAMBOPATA;-12.66857369;-69.11937067;JORGE CHAVEZ;OTROS COMUNIDAD DE JORGE CHAVEZ COMUNIDAD DE JORGE CHAVEZ TAMBOPATA TAMBOPATA MADRE DE DIOS;I-1;DISTRITAL;PROVINCIAL;0
2662;30101;APURIMAC;ABANCAY;ABANCAY;-13.6801621;-72.86911017;QUISAPATA;OTROS SECTOR QUISAPATA S/N S/N SECTOR QUISAPATA S/N ABANCAY ABANCAY APURIMAC;I-2;PROVINCIAL;PROVINCIAL;0
12046;180301;MOQUEGUA;ILO;ILO;-17.644121;-71.338903;P.S. JHON F. KENNEDY;OTROS JHON F. KENNEDY LOTE 25 MZ. N JHON F. KENNEDY LOTE 25 MZ. N ILO ILO MOQUEGUA;I-2;DISTRITAL;PROVINCIAL;1
11063;60401;CAJAMARCA;CHOTA;CHOTA;-6.490094;-78.62355414;LIBERTAD LA PALMA;OTROS CENTRO POBLADO LIBERTAD LA PALMA CENTRO POBLADO LIBERTAD LA PALMA SOCOTA CUTERVO CAJAMARCA;I-1;PROVINCIAL;PROVINCIAL;1
4839;10101;AMAZONAS;CHACHAPOYAS;CHACHAPOYAS;-6.25464833;-77.83386833;TAQUIA;AVENIDA AVENIDA PRINCIPAL S/N - ANEXO TAQUIA NUMERO S/N DISTRITO CHACHAPOYAS PROVINCIA CHACHAPOYAS DEPARTAMENTO AMAZONAS;I-1;PROVINCIAL;PROVINCIAL;0
5202;130101;LA LIBERTAD;TRUJILLO;TRUJILLO;-8.11303099;-79.0071627;EL BOSQUE;CALLE CALLE JULIA CODESIDO N∫ 1082 DISTRITO TRUJILLO PROVINCIA TRUJILLO DEPARTAMENTO LA LIBERTAD;I-4;DISTRITAL;PROVINCIAL;0
5460;250101;UCAYALI;CORONEL PORTILLO;CALLERIA;-8.39836581;-74.29653113;NUEVA BETANIA;OTROS CC.NN. NUEVA BETANIA S/N NUMERO S/N DISTRITO CALLERIA PROVINCIA CORONEL PORTILLO DEPARTAMENTO UCAYALI;I-1;DISTRITAL;PROVINCIAL;0
5476;250101;UCAYALI;CORONEL PORTILLO;CALLERIA;-8.46232574;-74.16185514;ABUJAO;OTROS CASERIO ABUJAO S/N NUMERO S/N DISTRITO MASISEA PROVINCIA CORONEL PORTILLO DEPARTAMENTO UCAYALI;I-1;DISTRITAL;PROVINCIAL;0
7689;30101;APURIMAC;ABANCAY;ABANCAY;-13.61922015;-72.91554856;HUAYLLABAMBA;OTROS ACTUALIZAR ACTUALIZAR ABANCAY ABANCAY APURIMAC;I-1;PROVINCIAL;PROVINCIAL;0
8828;30101;APURIMAC;ABANCAY;ABANCAY;-13.63810714;-72.89122328;SAN MARTIN;OTROS URBANIZACION SAN MARTIN URBANIZACION SAN MARTIN ABANCAY ABANCAY APURIMAC;I-3;PROVINCIAL;PROVINCIAL;0
2659;30101;APURIMAC;ABANCAY;ABANCAY;-13.62899;-72.88469667;DR. CARLOS ALFREDO AYESTAS LA TORRE;AVENIDA AV. CENTENARIO S/N VILLA AMPAY S/N AV. CENTENARIO S/N VILLA AMPAY ABANCAY ABANCAY APURIMAC;I-4;PROVINCIAL;PROVINCIAL;0
6707;220101;SAN MARTIN;MOYOBAMBA;MOYOBAMBA;-5.99050538;-76.88500341;CORDILLERA ANDINA;JR. ATAHUALPA S/N CENTRO POBLADO CORDILLERA ANDINA S/N JR. ATAHUALPA S/N CENTRO POBLADO CORDILLERA ANDINA MOYOBAMBA MOYOBAMBA SAN MARTIN;I-1;DISTRITAL;PROVINCIAL;0
6295;220101;SAN MARTIN;MOYOBAMBA;MOYOBAMBA;-5.75166333;-77.31414667;DORADA;JR. COCAMILLA S/N CAS. COMUNID.NATIVA LA DORADA S-N NUMERO S/N DISTRITO MOYOBAMBA PROVINCIA MOYOBAMBA DEPARTAMENTO SAN MARTIN;I-1;DISTRITAL;PROVINCIAL;0
7704;170101;MADRE DE DIOS;TAMBOPATA;TAMBOPATA;-12.59387855;-69.19926055;NUEVO MILENIO;PASAJE AA.HH. SENOR DE LOS MILAGROS / PASAJE JOSE MARIA ARGUEDAS I-12 DISTRITO TAMBOPATA PROVINCIA TAMBOPATA DEPARTAMENTO MADRE DE DIOS;I-3;DISTRITAL;PROVINCIAL;0
6668;70101;CALLAO;CALLAO;CALLAO;-12.06067896;-77.14473313;SANIDAD MARITIMA;JR. MILLER  N∫ 175 JR. MILLER  N∫ 175 CALLAO CALLAO CALLAO;I-2;PROVINCIAL;PROVINCIAL;0
4666;60401;CAJAMARCA;CHOTA;CHOTA;-6.52985;-78.637;COLPATUAPAMPA;OTROS COMUNIDAD COLPATUAPAMPA COMUNIDAD COLPATUAPAMPA CHOTA CHOTA CAJAMARCA;I-1;PROVINCIAL;PROVINCIAL;0
15422;211101;PUNO;SAN ROMAN;JULIACA;-15.47607025;-70.10929357;GUADALUPE;JR. ESCURI S/N MANZANA B LOTE 1 -2 URBANIZACION ANEXO TAMBOPATA NUMERO S/N DISTRITO JULIACA PROVINCIA SAN ROMAN DEPARTAMENTO PUNO;I-3;DISTRITAL;PROVINCIAL;0
16336;40101;AREQUIPA;AREQUIPA;AREQUIPA;-16.4045887;-71.54311968;MARINA DE GUERRA DEL PERU;OTROS JUAN MANUEL POLAR 111 / OVALO DE VALLECITO / CERCADO DISTRITO AREQUIPA PROVINCIA AREQUIPA DEPARTAMENTO AREQUIPA;I-2;PROVINCIAL;PROVINCIAL;0
6293;220101;SAN MARTIN;MOYOBAMBA;MOYOBAMBA;-5.77632112;-77.23568746;RAFAEL BELAUNDE;CALLE CALLE SIMON BOLIVAR S/N CAS. RAFAEL BELAUNDE S-N NUMERO S/N DISTRITO MOYOBAMBA PROVINCIA MOYOBAMBA DEPARTAMENTO SAN MARTIN;I-1;DISTRITAL;PROVINCIAL;0
3258;210101;PUNO;PUNO;PUNO;-15.8215438;-70.0339387;HUERTA HUARAYA;OTROS COMUNIDAD HUERTA HUARAYA DISTRITO PUNO PROVINCIA PUNO DEPARTAMENTO PUNO;I-1;DISTRITAL;PROVINCIAL;0
5560;250101;UCAYALI;CORONEL PORTILLO;CALLERIA;-8.4038413;-74.60283059;NUEVA MAGDALENA;JIRON JUNIN S/N MZ 9 AA.HH. NUEVA MAGDALENA S/N JIRON JUNIN S/N MZ 9 AA.HH. NUEVA MAGDALENA CALLERIA CORONEL PORTILLO UCAYALI;I-2;DISTRITAL;PROVINCIAL;0
10;160101;LORETO;MAYNAS;IQUITOS;-3.73180902;-73.26558018;1RO. DE ENERO;PROLONGACION PROLONGACION PUTUMAYO S/N S/N PROLONGACION PUTUMAYO S/N IQUITOS MAYNAS LORETO;I-2;DISTRITAL;PROVINCIAL;0
4175;30201;APURIMAC;ANDAHUAYLAS;ANDAHUAYLAS;-13.8045671;-73.39167241;CCENUARAN;OTROS CCENUARAN DISTRITO ANDAHUAYLAS PROVINCIA ANDAHUAYLAS DEPARTAMENTO APURIMAC;I-2;PROVINCIAL;PROVINCIAL;0
5256;131201;LA LIBERTAD;VIRU;VIRU;-8.37955759;-78.67919934;EL NINO;OTROS EL NINO S/N NUMERO S/N DISTRITO VIRU PROVINCIA VIRU DEPARTAMENTO LA LIBERTAD;I-2;DISTRITAL;PROVINCIAL;1
4173;30201;APURIMAC;ANDAHUAYLAS;ANDAHUAYLAS;-13.71201554;-73.34912504;HUINCHOS;OTROS CENTRO POBLADO HUINCHOS DISTRITO ANDAHUAYLAS PROVINCIA ANDAHUAYLAS DEPARTAMENTO APURIMAC;I-2;PROVINCIAL;PROVINCIAL;0
13131;10101;AMAZONAS;CHACHAPOYAS;CHACHAPOYAS;-6.21856333;-77.87343;SENOR DE LOS MILAGROS;BOLOGNESI N¬∞ 244 URBANIZACION SENOR DE LOS MILAGROS DISTRITO CHACHAPOYAS PROVINCIA CHACHAPOYAS DEPARTAMENTO AMAZONAS;I-1;PROVINCIAL;PROVINCIAL;0
2743;170101;MADRE DE DIOS;TAMBOPATA;TAMBOPATA;-12.59153925;-69.19167769;BOCA AMIGO;OTROS COMUNIDAD DE BOCA AMIGO COMUNIDAD DE BOCA AMIGO MADRE DE DIOS MANU MADRE DE DIOS;I-1;DISTRITAL;PROVINCIAL;0
10885;210501;PUNO;EL COLLAO;ILAVE;-16.08228664;-69.63465119;ENFERMERIA DEL BIM 59 - ILAVE;AVENIDA AV. EJERCITO S/N ILAVE NUMERO S/N DISTRITO ILAVE PROVINCIA EL COLLAO DEPARTAMENTO PUNO;I-2;DISTRITAL;PROVINCIAL;0
3122;210501;PUNO;EL COLLAO;ILAVE;-16.17571333;-69.54051833;SANTA  ANA TARUCANI;OTROS COMUNIDAD DE SANTA ANA TARUCANI DISTRITO PUTINA PROVINCIA SAN ANTONIO DE PUTINA DEPARTAMENTO PUNO;I-1;DISTRITAL;PROVINCIAL;0
4667;60401;CAJAMARCA;CHOTA;CHOTA;-6.51086;-78.6121;CONDORPULLANA;OTROS COMUNIDAD CONDORPULLANA COMUNIDAD CONDORPULLANA CHOTA CHOTA CAJAMARCA;I-1;PROVINCIAL;PROVINCIAL;0
7038;10101;AMAZONAS;CHACHAPOYAS;CHACHAPOYAS;-6.24781167;-77.888695;EL MOLINO;AVENIDA AVENIDA PRINCIPAL S/N - ANEXO EL MOLINO NUMERO S/N DISTRITO CHACHAPOYAS PROVINCIA CHACHAPOYAS DEPARTAMENTO AMAZONAS;I-1;PROVINCIAL;PROVINCIAL;0
5468;250101;UCAYALI;CORONEL PORTILLO;CALLERIA;-8.08906357;-74.4263238;SAN MIGUEL DE CALLERIA;CALLE CASERIO SAN MIGUEL DE CALLERIA -MARGEN IZQUIERDA DEL RIO CALLERIA DISTRITO CALLERIA PROVINCIA CORONEL PORTILLO DEPARTAMENTO UCAYALI;I-1;DISTRITAL;PROVINCIAL;0
4674;60401;CAJAMARCA;CHOTA;CHOTA;-6.62262;-78.67043;PAMPA LA LAGUNA;OTROS COMUNIDAD PAMPA LA LAGUNA DISTRITO CHOTA PROVINCIA CHOTA DEPARTAMENTO CAJAMARCA;I-1;PROVINCIAL;PROVINCIAL;0
31276;220101;SAN MARTIN;MOYOBAMBA;MOYOBAMBA;-6.048488;-76.977125;LA PRIMAVERA;LOS CEDROS NUMERO S/N MANZANA A LOTE 15 DISTRITO MOYOBAMBA PROVINCIA MOYOBAMBA DEPARTAMENTO SAN MARTIN;I-2;DISTRITAL;PROVINCIAL;0
35428;10101;AMAZONAS;CHACHAPOYAS;CHACHAPOYAS;-6.2301547;-77.8708478;VIRGEN DE ASUNTA;UNION NUMERO 875 DISTRITO CHACHAPOYAS PROVINCIA CHACHAPOYAS DEPARTAMENTO AMAZONAS;I-2;PROVINCIAL;PROVINCIAL;0
35678;150101;LIMA;LIMA;LIMA;-12.0727243;-77.0364541;TELEMINSA;AVENIDA AREQUIPA NUMERO 820 PISO 1 DISTRITO LIMA PROVINCIA LIMA DEPARTAMENTO LIMA;I-2;DISTRITAL;PROVINCIAL;1
3376;110101;ICA;ICA;ICA;-14.09478333;-75.73608833;CACHICHE;OTROS CASERIO DE CACHICHE T - 18 DISTRITO ICA PROVINCIA ICA DEPARTAMENTO ICA;I-2;DISTRITAL;PROVINCIAL;0
3046;210501;PUNO;EL COLLAO;ILAVE;-16.006641;-69.470691;PHARATA;OTROS CENTRO POBLADO DE PHARATA DISTRITO ILAVE PROVINCIA EL COLLAO DEPARTAMENTO PUNO;I-2;DISTRITAL;PROVINCIAL;0
2753;170101;MADRE DE DIOS;TAMBOPATA;TAMBOPATA;-12.22541589;-69.35700897;MONTE SALVADO;OTROS COMUNIDAD NATIVA MONTE SALVADO DISTRITO LAS PIEDRAS PROVINCIA TAMBOPATA DEPARTAMENTO MADRE DE DIOS;I-1;DISTRITAL;PROVINCIAL;0
3360;110101;ICA;ICA;ICA;-14.05525167;-75.749355;SAN JOAQUIN;CALLE CALLE ENRIQUE LOPEZ ALBUJAR S/N NUMERO S/N DISTRITO ICA PROVINCIA ICA DEPARTAMENTO ICA;I-3;DISTRITAL;PROVINCIAL;0
3316;211101;PUNO;SAN ROMAN;JULIACA;-15.43264619;-70.18573532;UNOCOLLA;OTROS COMUNIDAD UNOCOLLA SALIDA LAMPA KM8 DISTRITO JULIACA PROVINCIA SAN ROMAN DEPARTAMENTO PUNO;I-2;DISTRITAL;PROVINCIAL;0
3302;211101;PUNO;SAN ROMAN;JULIACA;-15.50102712;-70.11093011;9 DE OCTUBRE;JR. ALFONSO UGARTE 151 JULIACA DISTRITO JULIACA PROVINCIA SAN ROMAN DEPARTAMENTO PUNO;I-3;DISTRITAL;PROVINCIAL;0
2721;170101;MADRE DE DIOS;TAMBOPATA;TAMBOPATA;-12.6007213;-69.17877832;UNION;JIRON BRASIL S/N S/N JIRON BRASIL S/N TAMBOPATA TAMBOPATA MADRE DE DIOS;I-1;DISTRITAL;PROVINCIAL;0
728;120101;JUNIN;HUANCAYO;HUANCAYO;-12.06992404;-75.19633596;OCOPILLA;JIRON MILLER Y PASAJE ALAMO DISTRITO HUANCAYO PROVINCIA HUANCAYO DEPARTAMENTO JUNIN;I-3;DISTRITAL;PROVINCIAL;0
5691;150201;LIMA;BARRANCA;BARRANCA;-10.687075;-77.67958167;PAMPA SAN ALEJO;AVENIDA AV. FLORIDA S/N -CENTRO POBLADO SAN ALEJO S/N AV. FLORIDA S/N -CENTRO POBLADO SAN ALEJO BARRANCA BARRANCA LIMA;I-1;DISTRITAL;PROVINCIAL;1
5206;130101;LA LIBERTAD;TRUJILLO;TRUJILLO;-8.09085289;-78.99467568;LIBERTAD;OTROS MZ I LOTE 1 - URB LIBERTAD DISTRITO TRUJILLO PROVINCIA TRUJILLO DEPARTAMENTO LA LIBERTAD;I-3;DISTRITAL;PROVINCIAL;0
5965;150101;LIMA;LIMA;LIMA;-12.0606209;-77.0036943;SANTA MAGDALENA SOFIA;AVENIDA AV. GARCILAZO DE LA VEGA CDRA. 3 - SAN PEDRO DISTRITO EL AGUSTINO PROVINCIA LIMA DEPARTAMENTO LIMA;I-3;DISTRITAL;PROVINCIAL;0
6827;131201;LA LIBERTAD;VIRU;VIRU;-8.40547544;-78.82292712;VICTOR RAUL HAYA DE LA TORRE;OTROS VICTOR RAUL PARTE BAJA MZ. 1 LOTE 2 VICTOR RAUL PARTE BAJA MZ. 1 LOTE 2 VIRU VIRU LA LIBERTAD;I-3;DISTRITAL;PROVINCIAL;0
29745;50401;AYACUCHO;HUANTA;HUANTA;-12.93032834;-74.25095249;ENFERMERIA LOS CABITOS N¬∞ 51;circunvalacion NUMERO S/N DISTRITO HUANTA PROVINCIA HUANTA DEPARTAMENTO AYACUCHO;I-2;PROVINCIAL;PROVINCIAL;0
5254;131201;LA LIBERTAD;VIRU;VIRU;-8.37444948;-78.65343774;HUACAPONGO;OTROS HUACAPONGO CENTRO DISTRITO VIRU PROVINCIA VIRU DEPARTAMENTO LA LIBERTAD;I-2;DISTRITAL;PROVINCIAL;0
13851;210501;PUNO;EL COLLAO;ILAVE;-16.08307142;-69.63814689;METROPOLITANO ILAVE;AVENIDA AV. ATAHUALPA S/N NUMERO S/N DISTRITO ILAVE PROVINCIA EL COLLAO DEPARTAMENTO PUNO;I-3;DISTRITAL;PROVINCIAL;0
7024;60801;CAJAMARCA;JAEN;JAEN;-5.81398556;-78.82154454;SAN MARTIN DE PORRES;OTROS CPM SAN MARTIN DE PORRES DISTRITO JAEN PROVINCIA JAEN DEPARTAMENTO CAJAMARCA;I-1;PROVINCIAL;PROVINCIAL;0
3212;210501;PUNO;EL COLLAO;ILAVE;-16.00761833;-69.55761167;SULLCACATURA;OTROS CENTRO POBLADO SULLCACATURA CENTRO POBLADO SULLCACATURA ACORA PUNO PUNO;I-1;DISTRITAL;PROVINCIAL;0
19539;30201;APURIMAC;ANDAHUAYLAS;ANDAHUAYLAS;-13.79256428;-73.40912773;SAN JUAN DE OCCOLLO;OTROS SAN JUAN DE OCCOLLO DISTRITO TURPO PROVINCIA ANDAHUAYLAS DEPARTAMENTO APURIMAC;I-1;PROVINCIAL;PROVINCIAL;0
25526;60801;CAJAMARCA;JAEN;JAEN;-5.69504324;-78.80861429;LOS SAUCES;CALLE LOS ALGARROBOS MANZANA D LOTE 26 URBANIZACION LOS SAUCES DISTRITO JAEN PROVINCIA JAEN DEPARTAMENTO CAJAMARCA;I-3;PROVINCIAL;PROVINCIAL;0
25806;210101;PUNO;PUNO;PUNO;-15.8417265;-70.0300675;SAN JERONIMO DE ULLAGACHI;CARRETERA CAMINO VECINAL DISTRITO VILQUE PROVINCIA PUNO DEPARTAMENTO PUNO;I-1;DISTRITAL;PROVINCIAL;0
3047;210501;PUNO;EL COLLAO;ILAVE;-16.00955833;-69.52996333;ROSACANI;OTROS CENTRO POBLADO DE ROSACANI DISTRITO ILAVE PROVINCIA EL COLLAO DEPARTAMENTO PUNO;I-2;DISTRITAL;PROVINCIAL;0
3260;210101;PUNO;PUNO;PUNO;-15.88036833;-69.9694;JALLIHUAYA;OTROS CENTRO POBLADO JALLIHUAYA SECTOR INCAPUJIO DISTRITO PUNO PROVINCIA PUNO DEPARTAMENTO PUNO;I-2;DISTRITAL;PROVINCIAL;0
4221;60801;CAJAMARCA;JAEN;JAEN;-5.83023623;-78.82535114;VALILLO;OTROS COMUNIDAD DE VALILLO DISTRITO JAEN PROVINCIA JAEN DEPARTAMENTO CAJAMARCA;I-1;PROVINCIAL;PROVINCIAL;0
11154;130101;LA LIBERTAD;TRUJILLO;TRUJILLO;-8.1060428;-79.0329727;SANIDAD DE LA PNP - TRUJILLO;AVENIDA AV. SANTA TERESITA DE JESUS S/N URB.  MONSERRATE NUMERO S/N DISTRITO TRUJILLO PROVINCIA TRUJILLO DEPARTAMENTO LA LIBERTAD;I-3;DISTRITAL;PROVINCIAL;0
18156;60101;CAJAMARCA;CAJAMARCA;CAJAMARCA;-7.189423;-78.48772294;ESTABLECIMIENTO PENITENCIARIO CAJAMARCA;OTROS FUNDO HUACARIZ S/N NUMERO S/N DISTRITO CAJAMARCA PROVINCIA CAJAMARCA DEPARTAMENTO CAJAMARCA;I-2;PROVINCIAL;PROVINCIAL;0
9689;131201;LA LIBERTAD;VIRU;VIRU;-8.46761266;-78.84787104;HUANCAQUITO BAJO;OTROS BARRIO EL PROGRESO BARRIO EL PROGRESO VIRU VIRU LA LIBERTAD;I-2;DISTRITAL;PROVINCIAL;0
10991;60401;CAJAMARCA;CHOTA;CHOTA;-6.50458008;-78.65886719;UTCHUCLACHULIT;OTROS CASERIO DE UTCHUCLACHULIT CASERIO DE UTCHUCLACHULIT CHOTA CHOTA CAJAMARCA;I-1;PROVINCIAL;PROVINCIAL;0
4194;30201;APURIMAC;ANDAHUAYLAS;ANDAHUAYLAS;-13.67040863;-73.40773527;CHOCCEPUQUIO;CARRETERA CARRETERA ALTERNA CENTRO POBLADO CUNCATACA DISTRITO ANDAHUAYLAS PROVINCIA ANDAHUAYLAS DEPARTAMENTO APURIMAC;I-3;PROVINCIAL;PROVINCIAL;0
4762;60401;CAJAMARCA;CHOTA;CHOTA;-6.49014296;-78.62355714;LA PALMA;OTROS COMUNIDAD LA PALMA DISTRITO CONCHAN PROVINCIA CHOTA DEPARTAMENTO CAJAMARCA;I-1;PROVINCIAL;PROVINCIAL;1
7037;10101;AMAZONAS;CHACHAPOYAS;CHACHAPOYAS;-6.21451;-77.864965;PEDRO CASTRO ALVA;AVENIDA AVENIDA PRINCIPAL S/N - ASENTAMIENTO HUMANO PEDRO CASTRO ALVA NUMERO S/N DISTRITO CHACHAPOYAS PROVINCIA CHACHAPOYAS DEPARTAMENTO AMAZONAS;I-2;PROVINCIAL;PROVINCIAL;0
5207;130101;LA LIBERTAD;TRUJILLO;TRUJILLO;-8.09879639;-79.00114805;PESQUEDA III;AVENIDA AVENIDA 5 DE ABRIL MZ 4 LOTE 22 DISTRITO TRUJILLO PROVINCIA TRUJILLO DEPARTAMENTO LA LIBERTAD;I-2;DISTRITAL;PROVINCIAL;0
32422;60101;CAJAMARCA;CAJAMARCA;CAJAMARCA;-7.161621;-78.5093245;VIRGEN DEL ROSARIO;SUAREZ 965 1 ANTIGUO HOSPITAL DE CAJABAMBA CAJABAMBA CAJABAMBA CAJAMARCA;I-3;PROVINCIAL;PROVINCIAL;0
31536;170101;MADRE DE DIOS;TAMBOPATA;TAMBOPATA;-12.59587203;-69.22686282;VILLA NUEVA VICTORIA;CARRETERA interoceanica km 6300 salida al cusco 6300 carretera interoceanica km 6300 salida al cusco upis villa victoria TAMBOPATA TAMBOPATA MADRE DE DIOS;I-2;DISTRITAL;PROVINCIAL;0
31725;130101;LA LIBERTAD;TRUJILLO;TRUJILLO;-8.1070395;-79.0255994;CLUB DE LEONES;INDEPENDENCIA NUMERO 839 DISTRITO TRUJILLO PROVINCIA TRUJILLO DEPARTAMENTO LA LIBERTAD;I-2;DISTRITAL;PROVINCIAL;0
35741;130101;LA LIBERTAD;TRUJILLO;TRUJILLO;-8.1042174;-79.0089785;CAP III METROPOLITANO;AVENIDA BLAS PASCAL NUMERO 268 URBANIZACION LA NORIA DISTRITO TRUJILLO PROVINCIA TRUJILLO DEPARTAMENTO LA LIBERTAD;I-3;DISTRITAL;PROVINCIAL;0
3255;210101;PUNO;PUNO;PUNO;-15.82941167;-70.020545;VALLECITO;OTROS BARRIO VALLECITO DISTRITO PUNO PROVINCIA PUNO DEPARTAMENTO PUNO;I-3;DISTRITAL;PROVINCIAL;0
3038;210501;PUNO;EL COLLAO;ILAVE;-16.11263333;-69.60233;CHILACOLLO;OTROS COMUNIDAD CHILACOLLO DISTRITO ILAVE PROVINCIA EL COLLAO DEPARTAMENTO PUNO;I-1;DISTRITAL;PROVINCIAL;0
2997;210501;PUNO;EL COLLAO;ILAVE;-16.251315;-69.63151833;KANKORA;OTROS CENTRO POBLADO KANCCORA YACANGO DISTRITO ILAVE PROVINCIA EL COLLAO DEPARTAMENTO PUNO;I-2;DISTRITAL;PROVINCIAL;0
5575;250101;UCAYALI;CORONEL PORTILLO;CALLERIA;-8.32331236;-74.50120992;YANAMAYO;OTROS CASERIO YANAMAYO S/N NUMERO S/N DISTRITO CALLERIA PROVINCIA CORONEL PORTILLO DEPARTAMENTO UCAYALI;I-1;DISTRITAL;PROVINCIAL;0
2728;170101;MADRE DE DIOS;TAMBOPATA;TAMBOPATA;-12.6686666;-69.22802591;CHONTA;OTROS COMUNIDAD DE CHONTA COMUNIDAD DE CHONTA TAMBOPATA TAMBOPATA MADRE DE DIOS;I-1;DISTRITAL;PROVINCIAL;0
2664;30101;APURIMAC;ABANCAY;ABANCAY;-13.63543084;-72.89321087;BELLAVISTA;JIRON LOS SAUCES S/N BELLAVISTA ALTA S/N JIRON LOS SAUCES S/N BELLAVISTA ALTA ABANCAY ABANCAY APURIMAC;I-3;PROVINCIAL;PROVINCIAL;0
10887;211101;PUNO;SAN ROMAN;JULIACA;-15.49997221;-70.13106384;ENFERMERIA BING N∫ 4;JR. 7 DE JUNIO S/N - LA RINCONADA NUMERO S/N DISTRITO JULIACA PROVINCIA SAN ROMAN DEPARTAMENTO PUNO;I-2;DISTRITAL;PROVINCIAL;0
4214;60801;CAJAMARCA;JAEN;JAEN;-5.7094412;-78.7986181;LAS NARANJAS;OTROS COMUNIDAD DE LAS NARANJAS DISTRITO JAEN PROVINCIA JAEN DEPARTAMENTO CAJAMARCA;I-1;PROVINCIAL;PROVINCIAL;0
4220;60801;CAJAMARCA;JAEN;JAEN;-5.79808666;-78.91814016;PALMA CENTRAL;OTROS COMUNIDAD PALMA CENTRAL DISTRITO JAEN PROVINCIA JAEN DEPARTAMENTO CAJAMARCA;I-1;PROVINCIAL;PROVINCIAL;0
4373;140301;LAMBAYEQUE;LAMBAYEQUE;LAMBAYEQUE;-6.69581039;-79.90944934;TORIBIA CASTRO CHIRINOS;CALLE CALLE ANDRRES AVELINO CACERES 489 DISTRITO LAMBAYEQUE PROVINCIA LAMBAYEQUE DEPARTAMENTO LAMBAYEQUE;I-4;DISTRITAL;PROVINCIAL;1
4319;140101;LAMBAYEQUE;CHICLAYO;CHICLAYO;-6.76611513;-79.82880764;SAN ANTONIO;CALLE CALLE AMAZONAS N∫ 1005 DISTRITO CHICLAYO PROVINCIA CHICLAYO DEPARTAMENTO LAMBAYEQUE;I-3;DISTRITAL;PROVINCIAL;0
5687;150201;LIMA;BARRANCA;BARRANCA;-10.74654167;-77.7568;LAURIAMA;CALLE CALLE SOCABAYA S/N S/N CALLE SOCABAYA S/N BARRANCA BARRANCA LIMA;I-3;DISTRITAL;PROVINCIAL;0
5461;250101;UCAYALI;CORONEL PORTILLO;CALLERIA;-8.04804576;-74.65208643;TACSHITEA;MALECON JION MALECON UCAYALI  CASERIO TACSHITEA S/N NUMERO S/N DISTRITO CALLERIA PROVINCIA CORONEL PORTILLO DEPARTAMENTO UCAYALI;I-2;DISTRITAL;PROVINCIAL;0
7168;60801;CAJAMARCA;JAEN;JAEN;-5.71536464;-78.79466979;MONTEGRANDE;OTROS COMUNIDAD MONTEGRANDE DISTRITO JAEN PROVINCIA JAEN DEPARTAMENTO CAJAMARCA;I-2;PROVINCIAL;PROVINCIAL;0
6928;60401;CAJAMARCA;CHOTA;CHOTA;-6.6290033;-78.59521099;NINO JESUS;OTROS COMUNIDAD GRUTAS DE NEGROPAMPA COMUNIDAD GRUTAS DE NEGROPAMPA CHOTA CHOTA CAJAMARCA;I-1;PROVINCIAL;PROVINCIAL;0
1882;240101;TUMBES;TUMBES;TUMBES;-3.58217906;-80.42026826;PAMPA GRANDE;AVENIDA AV. SIMON BOLIVAR N¬∞ 304 PAMPA GRANDE AV. SIMON BOLIVAR N¬∞ 304 PAMPA GRANDE TUMBES TUMBES TUMBES;I-4;DISTRITAL;PROVINCIAL;0
6320;220101;SAN MARTIN;MOYOBAMBA;MOYOBAMBA;-5.90585;-77.03900667;CANABRAVA;JR.ANGAIZA S/N CASERIO CANA BRAVA NUMERO S/N DISTRITO MOYOBAMBA PROVINCIA MOYOBAMBA DEPARTAMENTO SAN MARTIN;I-1;DISTRITAL;PROVINCIAL;0
6321;220101;SAN MARTIN;MOYOBAMBA;MOYOBAMBA;-5.928445;-77.01463333;LOS ANGELES;JR. 28  DE JULIO DISTRITO MOYOBAMBA PROVINCIA MOYOBAMBA DEPARTAMENTO SAN MARTIN;I-1;DISTRITAL;PROVINCIAL;0
7731;180301;MOQUEGUA;ILO;ILO;-17.65531778;-71.3151922;P.S. LOS ANGELES - ILO;OTROS A.H. LOS ANGELES MZ. O LT. 2  PAMPA INALAMBRICA A.H. LOS ANGELES MZ. O LT. 2  PAMPA INALAMBRICA ILO ILO MOQUEGUA;I-2;DISTRITAL;PROVINCIAL;0
6296;220101;SAN MARTIN;MOYOBAMBA;MOYOBAMBA;-5.69228167;-77.37377167;SAN JOSE DE ALTO MAYO;OTROS CAS. SAN JOSE DEL ALTO MAYO S-N DISTRITO MOYOBAMBA PROVINCIA MOYOBAMBA DEPARTAMENTO SAN MARTIN;I-1;DISTRITAL;PROVINCIAL;0
7703;170101;MADRE DE DIOS;TAMBOPATA;TAMBOPATA;-12.53001031;-69.21164156;OTILIA;OTROS COMUNIDAD DE OTILIA COMUNIDAD DE OTILIA TAMBOPATA TAMBOPATA MADRE DE DIOS;I-1;DISTRITAL;PROVINCIAL;0
5574;250101;UCAYALI;CORONEL PORTILLO;CALLERIA;-8.259025;-74.51063667;CHANCAY;OTROS CASERIO CHANCAY S/N NUMERO S/N DISTRITO CALLERIA PROVINCIA CORONEL PORTILLO DEPARTAMENTO UCAYALI;I-1;DISTRITAL;PROVINCIAL;0
4671;60401;CAJAMARCA;CHOTA;CHOTA;-6.58883232;-78.68985703;LANCHEBAMBA;OTROS COMUNIDAD DE LANCHEBAMBA COMUNIDAD DE LANCHEBAMBA CHOTA CHOTA CAJAMARCA;I-1;PROVINCIAL;PROVINCIAL;0
5556;250101;UCAYALI;CORONEL PORTILLO;CALLERIA;-8.39181964;-74.5428795;9 DE OCTUBRE;28 DE JULIO 486 AA.HH. 9 DE OCTUBRE CALLERIA CORONEL PORTILLO UCAYALI;I-4;DISTRITAL;PROVINCIAL;0
4675;60401;CAJAMARCA;CHOTA;CHOTA;-6.55815756;-78.63490914;SANTA ROSA BAJO;OTROS COMUNIDAD SANTA ROSA BAJO COMUNIDAD SANTA ROSA BAJO CHOTA CHOTA CAJAMARCA;I-2;PROVINCIAL;PROVINCIAL;0
3041;210501;PUNO;EL COLLAO;ILAVE;-16.20257833;-69.66091167;JACHOCCO HUARACCO;OTROS CENTRO POBLADO JACHOCCO HUARACCO DISTRITO ILAVE PROVINCIA EL COLLAO DEPARTAMENTO PUNO;I-2;DISTRITAL;PROVINCIAL;0
10260;70101;CALLAO;CALLAO;CALLAO;-12.0318924;-77.1019049;SANIDAD DE LA BASE AERONAVAL DEL CALLAO;AVENIDA AV. FAUCETT S/N NUMERO S/N DISTRITO CALLAO PROVINCIA CALLAO DEPARTAMENTO CALLAO;I-2;PROVINCIAL;PROVINCIAL;0
5203;130101;LA LIBERTAD;TRUJILLO;TRUJILLO;-8.09495116;-79.01337229;"LOS GRANADOS ""SAGRADO CORAZON""";AVENIDA AVENIDA FEDERICO VILLARREAL 301 - URB LOS GRANADOS DISTRITO TRUJILLO PROVINCIA TRUJILLO DEPARTAMENTO LA LIBERTAD;I-4;DISTRITAL;PROVINCIAL;0
12831;60101;CAJAMARCA;CAJAMARCA;CAJAMARCA;-7.198163;-78.522034;AYLAMBO;OTROS CASERIO AYLAMBO CASERIO AYLAMBO CAJAMARCA CAJAMARCA CAJAMARCA;I-1;PROVINCIAL;PROVINCIAL;0
21305;30201;APURIMAC;ANDAHUAYLAS;ANDAHUAYLAS;-13.65878534;-73.39564721;ESTABLECIMIENTO PENITENCIARIO ANDAHUAYLAS;JIRON AYACUCHO 685 DISTRITO ANDAHUAYLAS PROVINCIA ANDAHUAYLAS DEPARTAMENTO APURIMAC;I-2;PROVINCIAL;PROVINCIAL;0
18979;211101;PUNO;SAN ROMAN;JULIACA;-15.4996879;-70.129653;ESTABLECIMIENTO PENAL JULIACA;JIRON JOSE SANTOS CHOCANO S/N NUMERO S/N DISTRITO JULIACA PROVINCIA SAN ROMAN DEPARTAMENTO PUNO;I-2;DISTRITAL;PROVINCIAL;0
5199;130101;LA LIBERTAD;TRUJILLO;TRUJILLO;-8.1002909;-79.01726399;LA UNION;AVENIDA AVENIDA SANTA N∫ 1021-EL MOLINO DISTRITO TRUJILLO PROVINCIA TRUJILLO DEPARTAMENTO LA LIBERTAD;I-3;DISTRITAL;PROVINCIAL;0
3253;210101;PUNO;PUNO;PUNO;-15.863885;-70.00088667;CHEJONA;JR. SIDERAL S/N CHEJONA NUMERO S/N DISTRITO PUNO PROVINCIA PUNO DEPARTAMENTO PUNO;I-3;DISTRITAL;PROVINCIAL;0
3045;210501;PUNO;EL COLLAO;ILAVE;-16.03595333;-69.51492833;PACUNCANI CALLATA;OTROS CENTRO POBLADO PACUNCANI CALLATA DISTRITO ILAVE PROVINCIA EL COLLAO DEPARTAMENTO PUNO;I-2;DISTRITAL;PROVINCIAL;0
3308;211101;PUNO;SAN ROMAN;JULIACA;-15.48032349;-70.13931455;JORGE CHAVEZ;JR. ANCASH S/N NUMERO S/N DISTRITO JULIACA PROVINCIA SAN ROMAN DEPARTAMENTO PUNO;I-3;DISTRITAL;PROVINCIAL;0
5569;250101;UCAYALI;CORONEL PORTILLO;CALLERIA;-8.37799548;-74.55485637;CLAS TUPAC AMARU;OTROS AA.HH. TUPAC AMARU MZ. I - LOTE 12 AA.HH. TUPAC AMARU MZ. I - LOTE 12 CALLERIA CORONEL PORTILLO UCAYALI;I-3;DISTRITAL;PROVINCIAL;0
4324;140101;LAMBAYEQUE;CHICLAYO;CHICLAYO;-6.78008667;-79.86825167;CERROPON;CALLE CALLE SANTA CATALINA N∫ 151 CALLE SANTA CATALINA N∫ 151 CHICLAYO CHICLAYO LAMBAYEQUE;I-3;DISTRITAL;PROVINCIAL;0
24200;210101;PUNO;PUNO;PUNO;-15.853201;-70.0138529;SAN MARTIN DE PORRES YANICO;TROCHA CAMINO VECINAL NUMERO S/N DISTRITO PAUCARCOLLA PROVINCIA PUNO DEPARTAMENTO PUNO;I-1;DISTRITAL;PROVINCIAL;0
10013;21801;ANCASH;SANTA;CHIMBOTE;-9.0670144;-78.5974318;"POLICLAçNICO DE COMPLEJIDAD CRECIENTE ""VICTOR PANTA RODRIGUEZ""";PROLONGACION PROLONGACION FRANCISCO PIZARRO N∫ 444 BARRIO FISCAL N∫ 5 DISTRITO CHIMBOTE PROVINCIA SANTA DEPARTAMENTO ANCASH;I-3;PROVINCIAL;PROVINCIAL;0
2722;170101;MADRE DE DIOS;TAMBOPATA;TAMBOPATA;-12.59603805;-69.17360577;AA.HH. PUEBLO VIEJO;CALLE CALLE FAUSTINO MALDONADO CUADRA N¬∞ 2 CALLE FAUSTINO MALDONADO CUADRA N¬∞ 2 TAMBOPATA TAMBOPATA MADRE DE DIOS;I-2;DISTRITAL;PROVINCIAL;0
3043;210501;PUNO;EL COLLAO;ILAVE;-16.0827192;-69.6377489;OCONA;OTROS CENTRO POBLADO OCONA DISTRITO ILAVE PROVINCIA EL COLLAO DEPARTAMENTO PUNO;I-1;DISTRITAL;PROVINCIAL;0
6325;220101;SAN MARTIN;MOYOBAMBA;MOYOBAMBA;-5.80509667;-77.118035;NUEVA HUANCABAMBA;JR. COMERCIO S/N - NUEVA HUANCABAMBA NUMERO S/N DISTRITO MOYOBAMBA PROVINCIA MOYOBAMBA DEPARTAMENTO SAN MARTIN;I-1;DISTRITAL;PROVINCIAL;0
10888;211101;PUNO;SAN ROMAN;JULIACA;-15.4955688;-70.1266406;ENFERMERIA GAC N∫ 4;JR. RAMON CASTLLA S/N BARRIO ZARUMILLA-JULIACA NUMERO S/N DISTRITO JULIACA PROVINCIA SAN ROMAN DEPARTAMENTO PUNO;I-2;DISTRITAL;PROVINCIAL;0
730;120101;JUNIN;HUANCAYO;HUANCAYO;-12.01349816;-75.18153354;VILCACOTO;OTROS ACTUALIZAR DISTRITO HUANCAYO PROVINCIA HUANCAYO DEPARTAMENTO JUNIN;I-2;DISTRITAL;PROVINCIAL;0
6926;60401;CAJAMARCA;CHOTA;CHOTA;-6.55828;-78.593;PROGRESO PAMPA;OTROS COMUNIDAD PROGRESOPAMPA COMUNIDAD PROGRESOPAMPA CHOTA CHOTA CAJAMARCA;I-1;PROVINCIAL;PROVINCIAL;0
5456;250101;UCAYALI;CORONEL PORTILLO;CALLERIA;-8.39059407;-74.40989687;SANTO DOMINGO DE MASHANGAY;OTROS CASERIO SANTO DOMINGO DE MASHANGAY S/N NUMERO S/N DISTRITO CALLERIA PROVINCIA CORONEL PORTILLO DEPARTAMENTO UCAYALI;I-2;DISTRITAL;PROVINCIAL;0
6371;220901;SAN MARTIN;SAN MARTIN;TARAPOTO;-6.50206167;-76.36750333;HUAYCO TARAPOTO;JR. ABANCAY N¬∞ 445 HUAYCO DISTRITO TARAPOTO PROVINCIA SAN MARTIN DEPARTAMENTO SAN MARTIN;I-2;DISTRITAL;PROVINCIAL;0
4643;60101;CAJAMARCA;CAJAMARCA;CAJAMARCA;-7.220381;-78.469699;AGOCUCHO;OTROS BARRIO AGOCUCHO BARRIO AGOCUCHO CAJAMARCA CAJAMARCA CAJAMARCA;I-1;PROVINCIAL;PROVINCIAL;0
3261;210101;PUNO;PUNO;PUNO;-15.8402218;-70.0218805;LOS UROS;OTROS ISLA FLOTANTE UROS DISTRITO PUNO PROVINCIA PUNO DEPARTAMENTO PUNO;I-1;DISTRITAL;PROVINCIAL;0
3121;210501;PUNO;EL COLLAO;ILAVE;-16.20257833;-69.66091167;PICOTANI;OTROS COMUNIDAD DE PICOTANI DISTRITO PUTINA PROVINCIA SAN ANTONIO DE PUTINA DEPARTAMENTO PUNO;I-1;DISTRITAL;PROVINCIAL;0
23014;240101;TUMBES;TUMBES;TUMBES;-3.56242441;-80.45615292;GERARDO GONZALES VILLEGAS;CALLE CALLE 24 julio NUMERO 565 CALLE 24 julio NUMERO 565 TUMBES TUMBES TUMBES;I-2;DISTRITAL;PROVINCIAL;0
2098;200101;PIURA;PIURA;PIURA;-5.01201833;-80.62057667;P.S. LAGRIMAS DE CURUMUY;OTROS CASERIO LAGRIMAS DE CURUMUY-MEDIO PIURA CASERIO LAGRIMAS DE CURUMUY-MEDIO PIURA PIURA PIURA PIURA;I-2;DISTRITAL;PROVINCIAL;0
3307;211101;PUNO;SAN ROMAN;JULIACA;-15.4753026;-70.26047882;ISLA;OTROS KM 15 CENTRO POBLADO ISLA DISTRITO JULIACA PROVINCIA SAN ROMAN DEPARTAMENTO PUNO;I-2;DISTRITAL;PROVINCIAL;0
2821;180301;MOQUEGUA;ILO;ILO;-17.64970628;-71.3453818;P.S. VARADERO;OTROS NYLON SAN PEDRO F-3 NYLON SAN PEDRO F-3 ILO ILO MOQUEGUA;I-2;DISTRITAL;PROVINCIAL;0
2822;180301;MOQUEGUA;ILO;ILO;-17.65921341;-71.34710496;P.S. 18 DE MAYO;OTROS 18 DE MAYO  MZ. K LOTE 11   UPIS ALTO ILO 18 DE MAYO  MZ. K LOTE 11   UPIS ALTO ILO ILO ILO MOQUEGUA;I-2;DISTRITAL;PROVINCIAL;0
3301;211101;PUNO;SAN ROMAN;JULIACA;-15.48412238;-70.15438435;SANTA ADRIANA;JR PACHACAMAC S/N NUMERO S/N DISTRITO JULIACA PROVINCIA SAN ROMAN DEPARTAMENTO PUNO;I-4;DISTRITAL;PROVINCIAL;0
2700;170101;MADRE DE DIOS;TAMBOPATA;TAMBOPATA;-12.53727528;-69.17009242;CACHUELA;CALLE CALLE FAUSTINO MALDONADO CUADRA N¬∞ 2 CALLE FAUSTINO MALDONADO CUADRA N¬∞ 2 TAMBOPATA TAMBOPATA MADRE DE DIOS;I-1;DISTRITAL;PROVINCIAL;0
4322;140101;LAMBAYEQUE;CHICLAYO;CHICLAYO;-6.77126101;-79.86761375;JOSE QUINONEZ GONZALES;OTROS TUMBES Y SARGENTO LORES S/N NUMERO S/N DISTRITO CHICLAYO PROVINCIA CHICLAYO DEPARTAMENTO LAMBAYEQUE;I-2;DISTRITAL;PROVINCIAL;0
5200;130101;LA LIBERTAD;TRUJILLO;TRUJILLO;-8.0944571;-79.02087539;LOS JARDINES;JIRON PAZ SOLDAN N∫ 220 URBANIZACION LOS JARDINES DISTRITO TRUJILLO PROVINCIA TRUJILLO DEPARTAMENTO LA LIBERTAD;I-3;DISTRITAL;PROVINCIAL;0
5201;130101;LA LIBERTAD;TRUJILLO;TRUJILLO;-8.10482228;-79.01385;ARANJUEZ;JIRON CHICLAYO N∫ 108 DISTRITO TRUJILLO PROVINCIA TRUJILLO DEPARTAMENTO LA LIBERTAD;I-3;DISTRITAL;PROVINCIAL;0
4620;60101;CAJAMARCA;CAJAMARCA;CAJAMARCA;-7.113211;-78.5328;HUAMBOCANCHA BAJA;CARRETERA HUAMBOCANCHA BAJA KM 3.5 - CARRETERA A BAMBAMARCA HUAMBOCANCHA BAJA KM 3.5 - CARRETERA A BAMBAMARCA CAJAMARCA CAJAMARCA CAJAMARCA;I-3;PROVINCIAL;PROVINCIAL;0
6804;30201;APURIMAC;ANDAHUAYLAS;ANDAHUAYLAS;-13.66157116;-73.39252936;ANDAHUAYLAS;AVENIDA AV. LOS CHANKAS 439 AV. LOS CHANKAS 439 ANDAHUAYLAS ANDAHUAYLAS APURIMAC;I-3;PROVINCIAL;PROVINCIAL;0
18451;170101;MADRE DE DIOS;TAMBOPATA;TAMBOPATA;-12.62975039;-69.23130785;SANIDAD AGMAL;OTROS BASE AAâREA DE PUERTO MALDONADO S/N NUMERO S/N DISTRITO TAMBOPATA PROVINCIA TAMBOPATA DEPARTAMENTO MADRE DE DIOS;I-2;DISTRITAL;PROVINCIAL;0
1884;240101;TUMBES;TUMBES;TUMBES;-3.55700516;-80.42750694;CLAS ANDRES ARAUJO MORAN;OTROS URB.LISNHERT TUDELA MZ X LT 01 DISTRITO TUMBES PROVINCIA TUMBES DEPARTAMENTO TUMBES;I-3;DISTRITAL;PROVINCIAL;0
6323;220101;SAN MARTIN;MOYOBAMBA;MOYOBAMBA;-5.83055841;-77.0198989;MORROYACU;OTROS CC.NN. MORROYACU DISTRITO MOYOBAMBA PROVINCIA MOYOBAMBA DEPARTAMENTO SAN MARTIN;I-1;DISTRITAL;PROVINCIAL;0
6370;220901;SAN MARTIN;SAN MARTIN;TARAPOTO;-6.47853;-76.360275;PUNTA DEL ESTE;PROLONGACION PROLONGACION ESPANA N¬∞ 335 BARRIO LA HOYADA SN DISTRITO TARAPOTO PROVINCIA SAN MARTIN DEPARTAMENTO SAN MARTIN;I-3;DISTRITAL;PROVINCIAL;0
5567;250101;UCAYALI;CORONEL PORTILLO;CALLERIA;-8.3684339;-74.54870778;JOSE OLAYA;JIRON BOLOGNESI S/N MZ 1  LT 2 ASENTAMIENTO HUMANO JOSE OLAYA S/N JIRON BOLOGNESI S/N MZ 1  LT 2 ASENTAMIENTO HUMANO JOSE OLAYA CALLERIA CORONEL PORTILLO UCAYALI;I-3;DISTRITAL;PROVINCIAL;0
4670;60401;CAJAMARCA;CHOTA;CHOTA;-6.57858;-78.67141;IRACA GRANDE;OTROS COMUNIDAD IRACA GRANDE COMUNIDAD IRACA GRANDE CHOTA CHOTA CAJAMARCA;I-1;PROVINCIAL;PROVINCIAL;0
4677;60401;CAJAMARCA;CHOTA;CHOTA;-6.60337;-78.68218;SAN ANTONIO DE IRACA;OTROS COMUNIDAD SAN ANTONIO DE IRACA COMUNIDAD SAN ANTONIO DE IRACA CHOTA CHOTA CAJAMARCA;I-1;PROVINCIAL;PROVINCIAL;0
5561;250101;UCAYALI;CORONEL PORTILLO;CALLERIA;-8.41410641;-74.58724611;LA FLORIDA;OTROS CASERIO LA FLORIDA S/N CALLERIA CORONEL PORTILLO UCAYALI;I-2;DISTRITAL;PROVINCIAL;0
2092;200101;PIURA;PIURA;PIURA;-5.20041833;-80.63972667;E.S.  SAN PEDRO;OTROS ESQ. MANAGUA CON BUENOS AIRES S/N A.H SAN PEDRO S/N ESQ. MANAGUA CON BUENOS AIRES S/N A.H SAN PEDRO PIURA PIURA PIURA;I-4;DISTRITAL;PROVINCIAL;0
12190;120101;JUNIN;HUANCAYO;HUANCAYO;-12.0619524;-75.20477761;CAP III MANTARO;JIRON SAN JOSE - SAN CARLOS DISTRITO HUANCAYO PROVINCIA HUANCAYO DEPARTAMENTO JUNIN;I-3;DISTRITAL;PROVINCIAL;0
3314;211101;PUNO;SAN ROMAN;JULIACA;-15.48702365;-70.1464084;SANTA MARIA;JR CULTURA 235 SANTA MARIA DISTRITO JULIACA PROVINCIA SAN ROMAN DEPARTAMENTO PUNO;I-3;DISTRITAL;PROVINCIAL;0
4318;140101;LAMBAYEQUE;CHICLAYO;CHICLAYO;-6.77050833;-79.85336833;JOSE OLAYA;AVENIDA AV. SALAVERRY N∫ 317-319 DISTRITO CHICLAYO PROVINCIA CHICLAYO DEPARTAMENTO LAMBAYEQUE;I-3;DISTRITAL;PROVINCIAL;0
15840;220901;SAN MARTIN;SAN MARTIN;TARAPOTO;-6.51389567;-76.36917005;SANIDAD FAP TARAPOTO;AVENIDA AV. AVIACION S/N S/N AV. AVIACION S/N TARAPOTO SAN MARTIN SAN MARTIN;I-2;DISTRITAL;PROVINCIAL;0
3264;210101;PUNO;PUNO;PUNO;-15.88670333;-70.00377667;SALCEDO;OTROS RINCONADA SALCEDO MANZANA C LOTE 23 DISTRITO PUNO PROVINCIA PUNO DEPARTAMENTO PUNO;I-2;DISTRITAL;PROVINCIAL;0
3033;210501;PUNO;EL COLLAO;ILAVE;-16.03054312;-69.56772482;CAMICACHI;OTROS PUEBLO DE CAMICACHI DISTRITO ILAVE PROVINCIA EL COLLAO DEPARTAMENTO PUNO;I-3;DISTRITAL;PROVINCIAL;0
24669;60101;CAJAMARCA;CAJAMARCA;CAJAMARCA;-7.0994008;-78.6028061;PORCON LA ESPERANZA;OTROS CENTRO POBLADO PORCON LA ESPERANZA CENTRO POBLADO PORCON LA ESPERANZA CAJAMARCA CAJAMARCA CAJAMARCA;I-1;PROVINCIAL;PROVINCIAL;0
25228;160101;LORETO;MAYNAS;IQUITOS;-3.76263609;-73.25988414;ENFERMERIA DE LA COMPANIA DE SANIDAD Y VETERINARIA N¬∞ 115- VARGAS GUERRA;AVENIDA QUINONES  KM 01 DISTRITO IQUITOS PROVINCIA MAYNAS DEPARTAMENTO LORETO;I-2;DISTRITAL;PROVINCIAL;0
5571;250101;UCAYALI;CORONEL PORTILLO;CALLERIA;-8.292655;-74.44432333;SANTA ELENA;OTROS CASERIO SANTA ELENA S/N S/N CASERIO SANTA ELENA S/N CALLERIA CORONEL PORTILLO UCAYALI;I-1;DISTRITAL;PROVINCIAL;0
787;100101;HUANUCO;HUANUCO;HUANUCO;-9.9153027;-76.2382847;LAS MORAS;JR. RAYMONDI MZ M-10 LAS MORAS DISTRITO HUANUCO PROVINCIA HUANUCO DEPARTAMENTO HUANUCO;I-3;DISTRITAL;PROVINCIAL;0
3375;110101;ICA;ICA;ICA;-14.046425;-75.74470833;SENOR DE LUREN;OTROS LA LOMADITA S/N NUMERO S/N DISTRITO ICA PROVINCIA ICA DEPARTAMENTO ICA;I-3;DISTRITAL;PROVINCIAL;0
5252;131201;LA LIBERTAD;VIRU;VIRU;-8.44758178;-78.8181228;HUANCAQUITO ALTO;OTROS HUANCAQUITO ALTO S/N S/N HUANCAQUITO ALTO S/N VIRU VIRU LA LIBERTAD;I-2;DISTRITAL;PROVINCIAL;0
27352;10101;AMAZONAS;CHACHAPOYAS;CHACHAPOYAS;-6.21452819;-77.86058683;MARIA DOLORES QUISPE VILCHEZ;URBANIZACION 16 DE OCTUBRE NUMERO S/N PISO 1 DISTRITO CHACHAPOYAS PROVINCIA CHACHAPOYAS DEPARTAMENTO AMAZONAS;I-2;PROVINCIAL;PROVINCIAL;0
26594;230101;TACNA;TACNA;TACNA;-18.01681575;-70.24776715;SANIDAD DEL  AGRUPAMIENTO AAâREO DE TACNA;AVENIDA BILLINGHURST NUMERO 202 PISO 1 DISTRITO TACNA PROVINCIA TACNA DEPARTAMENTO TACNA;I-2;DISTRITAL;PROVINCIAL;0
2710;170101;MADRE DE DIOS;TAMBOPATA;TAMBOPATA;-12.5708045;-68.70153945;SONENE;OTROS COMUNIDAD NATIVA SONENE COMUNIDAD NATIVA SONENE TAMBOPATA TAMBOPATA MADRE DE DIOS;I-1;DISTRITAL;PROVINCIAL;0
4347;140301;LAMBAYEQUE;LAMBAYEQUE;LAMBAYEQUE;-6.7378879;-79.95620034;BODEGONES;OTROS CASERIO BODEGONES CASERIO BODEGONES SAN JOSE LAMBAYEQUE LAMBAYEQUE;I-1;DISTRITAL;PROVINCIAL;0
28386;180301;MOQUEGUA;ILO;ILO;-17.6914938;-71.36762;"AGRUPAMIENTO  DE COHETES ANTIAEREO ""CRL JOSE GALVEZ""";CARRETERA COSTANERA PUNTA COLES KILOMETRO 15 DISTRITO ILO PROVINCIA ILO DEPARTAMENTO MOQUEGUA;I-2;DISTRITAL;PROVINCIAL;0
6957;60401;CAJAMARCA;CHOTA;CHOTA;-6.5059;-78.67257;SARABAMBA;OTROS COMUNIDAD SARABAMBA COMUNIDAD SARABAMBA CHOTA CHOTA CAJAMARCA;I-2;PROVINCIAL;PROVINCIAL;0
27354;10101;AMAZONAS;CHACHAPOYAS;CHACHAPOYAS;-6.2301547;-77.8655;AYLLU SACHAPUYOS;AYACUCHO NUMERO 256 PISO 1 DISTRITO CHACHAPOYAS PROVINCIA CHACHAPOYAS DEPARTAMENTO AMAZONAS;I-2;PROVINCIAL;PROVINCIAL;0
4215;60801;CAJAMARCA;JAEN;JAEN;-5.7094412;-78.7986181;CHAMAYA;OTROS COMUNIDAD DE CHAMAYA DISTRITO JAEN PROVINCIA JAEN DEPARTAMENTO CAJAMARCA;I-1;PROVINCIAL;PROVINCIAL;0
5466;250101;UCAYALI;CORONEL PORTILLO;CALLERIA;-8.0011356;-74.63100382;NUEVO SAPOSOA;OTROS CASERIO NUEVO SAPOSOA S/N NUMERO S/N DISTRITO CALLERIA PROVINCIA CORONEL PORTILLO DEPARTAMENTO UCAYALI;I-1;DISTRITAL;PROVINCIAL;0
9322;170101;MADRE DE DIOS;TAMBOPATA;TAMBOPATA;-12.59375282;-69.17472503;ENFERMERAçA SERVICIOS DE SANIDAD NAVAL;JR. BILLINGHURST CUADRA 1 DISTRITO TAMBOPATA PROVINCIA TAMBOPATA DEPARTAMENTO MADRE DE DIOS;I-2;DISTRITAL;PROVINCIAL;0
5558;250101;UCAYALI;CORONEL PORTILLO;CALLERIA;-8.38968347;-74.54980684;MICAELA BASTIDAS;AVENIDA 3 DE ABRIL NUMERO 595 DISTRITO CALLERIA PROVINCIA CORONEL PORTILLO DEPARTAMENTO UCAYALI;I-3;DISTRITAL;PROVINCIAL;0
5552;250101;UCAYALI;CORONEL PORTILLO;CALLERIA;-8.39250131;-74.53685151;BELLAVISTA;REVOLUCION 432 AA.HH. BELLAVISTA CALLERIA CORONEL PORTILLO UCAYALI;I-3;DISTRITAL;PROVINCIAL;0
20543;160101;LORETO;MAYNAS;IQUITOS;-3.76212057;-73.25337675;"IPRESS I-4 MILITAR DIVISIONARIO ""SANTA ROSA"" IQUITOS";AVENIDA AV. CORNEJO PORTUGAL N¬∞ 1648 DISTRITO IQUITOS PROVINCIA MAYNAS DEPARTAMENTO LORETO;I-4;DISTRITAL;PROVINCIAL;0
3266;210101;PUNO;PUNO;PUNO;-15.82896833;-70.03500167;VIRGEN DE LA CANDELARIA;OTROS ALTO PUNO DISTRITO PUNO PROVINCIA PUNO DEPARTAMENTO PUNO;I-2;DISTRITAL;PROVINCIAL;0
21952;30101;APURIMAC;ABANCAY;ABANCAY;-13.640022;-72.865096;AYMAS;CARRETERA BARRIO AYMAS  KM 1.5 CARRETERA ABANCAY-ATUMPATA NUMERO S/N DISTRITO ABANCAY PROVINCIA ABANCAY DEPARTAMENTO APURIMAC;I-2;PROVINCIAL;PROVINCIAL;0
2094;200101;PIURA;PIURA;PIURA;-5.20143333;-80.63871;E.S.  VICTOR RAUL HAYA DE LA TORRE;OTROS A.H VICTOR RAUL HAYA DE LA TORRE MZ. E1 LOTE 2 A.H VICTOR RAUL HAYA DE LA TORRE MZ. E1 LOTE 2 PIURA PIURA PIURA;I-3;DISTRITAL;PROVINCIAL;0
2096;200101;PIURA;PIURA;PIURA;-5.04381023;-80.69644298;E.S LAS VEGAS DE CIENEGUILLO;OTROS CENTRO POBLADO CASERIO LAS VEGAS SECTOR CIENEGUILLO SUR S/N LT. 02 MZ. H PIURA PIURA PIURA;I-2;DISTRITAL;PROVINCIAL;0
2663;30101;APURIMAC;ABANCAY;ABANCAY;-13.632941;-72.869839;VILLAGLORIA;PASAJE PASAJE LOS ANGELES S/N S/N PASAJE LOS ANGELES S/N ABANCAY ABANCAY APURIMAC;I-3;PROVINCIAL;PROVINCIAL;0
12021;230101;TACNA;TACNA;TACNA;-18.02588781;-70.26259578;SOLIDARIDAD INTERNACIONAL TACNA;AVENIDA AVENIDA MANUEL A. ODRIA S/N S/N AVENIDA MANUEL A. ODRIA S/N TACNA TACNA TACNA;I-3;DISTRITAL;PROVINCIAL;0
29493;150101;LIMA;LIMA;LIMA;-12.04905784;-77.06740059;SISOL Mirones;AVENIDA Colonial NUMERO 2001 DISTRITO LIMA PROVINCIA LIMA DEPARTAMENTO LIMA;I-3;DISTRITAL;PROVINCIAL;0
874;100101;HUANUCO;HUANUCO;HUANUCO;-9.9298454;-76.2432653;HUAYCHAO;OTROS CENTRO POBLADO DE HUAYCHAO DISTRITO HUACRACHUCO PROVINCIA MARANON DEPARTAMENTO HUANUCO;I-1;DISTRITAL;PROVINCIAL;1
4339;140101;LAMBAYEQUE;CHICLAYO;CHICLAYO;-6.82585667;-79.81539833;SAN LUIS;OTROS CASERIO SAN LUIS CASERIO SAN LUIS POMALCA CHICLAYO LAMBAYEQUE;I-2;DISTRITAL;PROVINCIAL;0
4320;140101;LAMBAYEQUE;CHICLAYO;CHICLAYO;-6.76485798;-79.82111428;JORGE CHAVEZ;CALLE CALLE INDOAMERICA S/N NUMERO S/N DISTRITO CHICLAYO PROVINCIA CHICLAYO DEPARTAMENTO LAMBAYEQUE;I-3;DISTRITAL;PROVINCIAL;0
5480;250101;UCAYALI;CORONEL PORTILLO;CALLERIA;-8.40618844;-73.95270074;SANTA ROSA DE ABUJAO;OTROS CASERIO SANTA ROSA DE ABUJAO S/N S/N CASERIO SANTA ROSA DE ABUJAO S/N MASISEA CORONEL PORTILLO UCAYALI;I-2;DISTRITAL;PROVINCIAL;0
5455;250101;UCAYALI;CORONEL PORTILLO;CALLERIA;-8.40213197;-74.41249531;EXITO;OTROS CASERIO EXITO S/N NUMERO S/N DISTRITO CALLERIA PROVINCIA CORONEL PORTILLO DEPARTAMENTO UCAYALI;I-1;DISTRITAL;PROVINCIAL;0
5463;250101;UCAYALI;CORONEL PORTILLO;CALLERIA;-8.16565513;-74.27318379;SANTA SOFIA;OTROS CASERIO SANTA SOFIA -RIO UTUQUINIA CASERIO SANTA SOFIA -RIO UTUQUINIA CALLERIA CORONEL PORTILLO UCAYALI;I-1;DISTRITAL;PROVINCIAL;0
5464;250101;UCAYALI;CORONEL PORTILLO;CALLERIA;-8.07269771;-74.55642615;CALLERIA;CALLE COMUNIDAD NATIVA CALLERIA S/N RIO CALLERIA NUMERO S/N DISTRITO CALLERIA PROVINCIA CORONEL PORTILLO DEPARTAMENTO UCAYALI;I-1;DISTRITAL;PROVINCIAL;0
7452;30101;APURIMAC;ABANCAY;ABANCAY;-13.6335283;-72.87692091;METROPOLITANO;JR. INCA GARCILAS0 DE LA VEGA N∫ 250 JR. INCA GARCILAS0 DE LA VEGA N∫ 250 ABANCAY ABANCAY APURIMAC;I-3;PROVINCIAL;PROVINCIAL;0
7417;250101;UCAYALI;CORONEL PORTILLO;CALLERIA;-8.38003769;-74.38239467;SANTA TERESA DE SHINUYA;OTROS CASERIO DE SANTA TERESA SHINUYA DISTRITO MANANTAY PROVINCIA CORONEL PORTILLO DEPARTAMENTO UCAYALI;I-1;DISTRITAL;PROVINCIAL;0
1883;240101;TUMBES;TUMBES;TUMBES;-3.503105;-80.39182833;PUERTO PIZARRO;AVENIDA AV. JOSE OLAYA S/N PTO. PIZARRO S/N AV. JOSE OLAYA S/N PTO. PIZARRO TUMBES TUMBES TUMBES;I-2;DISTRITAL;PROVINCIAL;0
6324;220101;SAN MARTIN;MOYOBAMBA;MOYOBAMBA;-5.84243167;-77.097665;SHIMPIYACU;OTROS CC.NN. SHIMPIYACU DISTRITO MOYOBAMBA PROVINCIA MOYOBAMBA DEPARTAMENTO SAN MARTIN;I-1;DISTRITAL;PROVINCIAL;0
6994;60801;CAJAMARCA;JAEN;JAEN;-5.7012985;-78.8453424;LOMA SANTA;OTROS COMUNIDAD LOMA SANTA DISTRITO JAEN PROVINCIA JAEN DEPARTAMENTO CAJAMARCA;I-1;PROVINCIAL;PROVINCIAL;0
8824;30101;APURIMAC;ABANCAY;ABANCAY;-13.65032955;-72.85170995;ATUMPATA;OTROS COMUNIDAD ATUMPATA S/N NUMERO S/N DISTRITO ABANCAY PROVINCIA ABANCAY DEPARTAMENTO APURIMAC;I-1;PROVINCIAL;PROVINCIAL;0
10038;250101;UCAYALI;CORONEL PORTILLO;CALLERIA;-8.01053075;-74.585125;PATRIA NUEVA;CALLE BAJO UCAYALI- RIO CALLERIA DISTRITO CALLERIA PROVINCIA CORONEL PORTILLO DEPARTAMENTO UCAYALI;I-1;DISTRITAL;PROVINCIAL;0
4660;60401;CAJAMARCA;CHOTA;CHOTA;-6.56244532;-78.64738403;PATRONA DE CHOTA;OTROS CIUDAD DE CHOTA CIUDAD DE CHOTA CHOTA CHOTA CAJAMARCA;I-3;PROVINCIAL;PROVINCIAL;0
4663;60401;CAJAMARCA;CHOTA;CHOTA;-6.59449;-78.5878;CHAUPELANCHE;OTROS COMUNIDAD CHAUPELANCHE COMUNIDAD CHAUPELANCHE CHOTA CHOTA CAJAMARCA;I-1;PROVINCIAL;PROVINCIAL;0
4668;60401;CAJAMARCA;CHOTA;CHOTA;-6.62635;-78.6115;CUYUMALCA;OTROS COMUNIDAD CUYUMALCA COMUNIDAD CUYUMALCA CHOTA CHOTA CAJAMARCA;I-2;PROVINCIAL;PROVINCIAL;0
5253;131201;LA LIBERTAD;VIRU;VIRU;-8.40943349;-78.8078677;CALIFORNIA;OTROS CAKLLE TUPAC AMARU MZ. E LOTE 5 DISTRITO VIRU PROVINCIA VIRU DEPARTAMENTO LA LIBERTAD;I-3;DISTRITAL;PROVINCIAL;0
3263;210101;PUNO;PUNO;PUNO;-15.83569;-70.01544667;PUERTO PUNO;OTROS PUERTO PUNO DISTRITO PUNO PROVINCIA PUNO DEPARTAMENTO PUNO;I-2;DISTRITAL;PROVINCIAL;0
4644;60101;CAJAMARCA;CAJAMARCA;CAJAMARCA;-7.212662;-78.487893;PARIAMARCA;OTROS COMUNIDAD DE PARIAMARCA COMUNIDAD DE PARIAMARCA CAJAMARCA CAJAMARCA CAJAMARCA;I-1;PROVINCIAL;PROVINCIAL;0
4346;140301;LAMBAYEQUE;LAMBAYEQUE;LAMBAYEQUE;-6.72087641;-79.97555329;SAN CARLOS;OTROS CASERIO SAN CARLOS CASERIO SAN CARLOS SAN JOSE LAMBAYEQUE LAMBAYEQUE;I-1;DISTRITAL;PROVINCIAL;0
4219;60801;CAJAMARCA;JAEN;JAEN;-5.8540514;-78.91296213;CHAMBAMONTERA;OTROS COMUNIDAD DE CHAMBAMONTERA DISTRITO JAEN PROVINCIA JAEN DEPARTAMENTO CAJAMARCA;I-3;PROVINCIAL;PROVINCIAL;0
4664;60401;CAJAMARCA;CHOTA;CHOTA;-6.50985;-78.644;CHULIT;OTROS COMUNIDAD CHULIT ALTO COMUNIDAD CHULIT ALTO CHOTA CHOTA CAJAMARCA;I-1;PROVINCIAL;PROVINCIAL;0
7275;210101;PUNO;PUNO;PUNO;-15.84342833;-70.02131167;METROPOLITANO PUNO;AVENIDA AV. EL SOL N∫ 1022 DISTRITO PUNO PROVINCIA PUNO DEPARTAMENTO PUNO;I-3;DISTRITAL;PROVINCIAL;0
24488;200101;PIURA;PIURA;PIURA;-5.1956657;-80.635258;"ENFERMERAçA MILITAR ""INCLAN""";AVENIDA SAN MARTIN NUMERO S/N DISTRITO PIURA PROVINCIA PIURA DEPARTAMENTO PIURA;I-2;DISTRITAL;PROVINCIAL;0
7224;250101;UCAYALI;CORONEL PORTILLO;CALLERIA;-8.44155166;-74.3411176;NUEVA ALIANZA;OTROS CASERIO NUEVA ALIANZA S/N NUMERO S/N DISTRITO CALLERIA PROVINCIA CORONEL PORTILLO DEPARTAMENTO UCAYALI;I-1;DISTRITAL;PROVINCIAL;0
3035;210501;PUNO;EL COLLAO;ILAVE;-16.07998286;-69.63971694;CANGALLI;OTROS CENTRO POBLADO CANGALLI DISTRITO ILAVE PROVINCIA EL COLLAO DEPARTAMENTO PUNO;I-2;DISTRITAL;PROVINCIAL;0
10257;70101;CALLAO;CALLAO;CALLAO;-12.0345625;-77.1378125;DPTO. DE SANIDAD DEL INSTITUTO SUPERIOR TECNOLAìGICO PUBLICO NAVAL - CITEN;AVENIDA AV. CONTRALMIRANTE MORA S/N BASE NAVAL DEL CALLAO NUMERO S/N DISTRITO CALLAO PROVINCIA CALLAO DEPARTAMENTO CALLAO;I-2;PROVINCIAL;PROVINCIAL;0
12241;140301;LAMBAYEQUE;LAMBAYEQUE;LAMBAYEQUE;-6.7035516;-79.9018066;AGUSTIN GAVIDIA SALCEDO;CALLE CALLE POEMAPE N∫ 120 - LAMBAYEQUE DISTRITO LAMBAYEQUE PROVINCIA LAMBAYEQUE DEPARTAMENTO LAMBAYEQUE;I-3;DISTRITAL;PROVINCIAL;0
21066;210101;PUNO;PUNO;PUNO;-15.8579331;-70.0082584;POLICLAçNICO MILITAR MANCO CAÅPAC;AVENIDA AV. EL EJAâRCITO S/N NUMERO S/N DISTRITO PUNO PROVINCIA PUNO DEPARTAMENTO PUNO;I-3;DISTRITAL;PROVINCIAL;0
14;160101;LORETO;MAYNAS;IQUITOS;-3.7357872;-73.26177671;FERNANDO LORES;PROLONGACION PROLONGACION PUTUMAYO PROLONGACION PUTUMAYO IQUITOS MAYNAS LORETO;I-2;DISTRITAL;PROVINCIAL;0
25991;21801;ANCASH;SANTA;CHIMBOTE;-9.12043129;-78.55816959;DEPARTAMENTO DE SANIDAD DE LA COMANDANCIA DE LA BASE NAVAL DE CHIMBOTE;AVENIDA LOS PESCADORES NUMERO S/N DISTRITO CHIMBOTE PROVINCIA SANTA DEPARTAMENTO ANCASH;I-2;PROVINCIAL;PROVINCIAL;0
7710;60401;CAJAMARCA;CHOTA;CHOTA;-6.63206;-78.64228;LINGAN GRANDE;OTROS COMUNIDAD LINGAN GRANDE COMUNIDAD LINGAN GRANDE CHOTA CHOTA CAJAMARCA;I-1;PROVINCIAL;PROVINCIAL;0
11408;160101;LORETO;MAYNAS;IQUITOS;-3.75279399;-73.26265928;CAP III IQUITOS;MALECON MALECON TARAPACA N¬∞ 272, 278, 286 DISTRITO IQUITOS PROVINCIA MAYNAS DEPARTAMENTO LORETO;I-3;DISTRITAL;PROVINCIAL;0
15392;60801;CAJAMARCA;JAEN;JAEN;-5.6996181;-78.9288503;SAN JOSE DE LA ALIANZA;OTROS CASERIO SAN JOSAâ DE LA ALIANZA DISTRITO JAEN PROVINCIA JAEN DEPARTAMENTO CAJAMARCA;I-1;PROVINCIAL;PROVINCIAL;0
5257;131201;LA LIBERTAD;VIRU;VIRU;-8.4035853;-78.89560614;PUERTO MORIN;OTROS MZ.  12  LOTE 2 MZ.  12  LOTE 2 VIRU VIRU LA LIBERTAD;I-1;DISTRITAL;PROVINCIAL;0
8017;240101;TUMBES;TUMBES;TUMBES;-3.5599234;-80.4546507;ENFERMERIA VILLA NAVAL -TUMBES;AVENIDA AV. LOS TUMPIS S/N VILLA NAVAL -TUMBES S/N AV. LOS TUMPIS S/N VILLA NAVAL -TUMBES TUMBES TUMBES TUMBES;I-2;DISTRITAL;PROVINCIAL;0
3265;210101;PUNO;PUNO;PUNO;-15.86454333;-70.01235833;SIMON BOLIVAR;OTROS ASENTAMIENTO HUIMANO SIMON BOLIVAR MANZANA N LOTE 9 DISTRITO PUNO PROVINCIA PUNO DEPARTAMENTO PUNO;I-3;DISTRITAL;PROVINCIAL;0
3208;210501;PUNO;EL COLLAO;ILAVE;-16.024355;-69.58613333;LAQUI;OTROS CENTRO POBLADO LAQUI CENTRO POBLADO LAQUI ACORA PUNO PUNO;I-1;PROVINCIAL;PROVINCIAL;0
3361;110101;ICA;ICA;ICA;-14.08042;-75.73361333;LA PALMA GRANDE;OTROS URB. LA PALMA GRANDE S/N NUMERO S/N DISTRITO ICA PROVINCIA ICA DEPARTAMENTO ICA;I-3;DISTRITAL;PROVINCIAL;0
3306;211101;PUNO;SAN ROMAN;JULIACA;-15.49796756;-70.14355121;LOS CHOFERES;JR ESPINAL S/N NUMERO S/N DISTRITO JULIACA PROVINCIA SAN ROMAN DEPARTAMENTO PUNO;I-3;DISTRITAL;PROVINCIAL;0
2717;170101;MADRE DE DIOS;TAMBOPATA;TAMBOPATA;-12.68726402;-69.39943651;SAN BERNARDO;CARRETERA CARRETERA QUINCE MIL- CUZCO CARRETERA QUINCE MIL- CUZCO TAMBOPATA TAMBOPATA MADRE DE DIOS;I-1;DISTRITAL;PROVINCIAL;0
727;120101;JUNIN;HUANCAYO;HUANCAYO;-12.06428378;-75.20435799;LA LIBERTAD;JR. HUANCAS N∫ 695 DISTRITO HUANCAYO PROVINCIA HUANCAYO DEPARTAMENTO JUNIN;I-4;DISTRITAL;PROVINCIAL;0
788;100101;HUANUCO;HUANUCO;HUANUCO;-9.8965197;-76.26378273;NAUYAN RONDOS;OTROS NAUYAN RONDOS S/N NUMERO S/N DISTRITO HUANUCO PROVINCIA HUANUCO DEPARTAMENTO HUANUCO;I-1;DISTRITAL;PROVINCIAL;0
4212;60801;CAJAMARCA;JAEN;JAEN;-5.70764748;-78.81726576;MAGLLANAL;CALLE CALLE LAS ALMENDRA CDRA. 4 S/N S/N CALLE LAS ALMENDRA CDRA. 4 S/N JAEN JAEN CAJAMARCA;I-3;PROVINCIAL;PROVINCIAL;0
5462;250101;UCAYALI;CORONEL PORTILLO;CALLERIA;-8.16629486;-74.61212445;SAN ANTONIO;OTROS CASERIO SAN ANTONIO S/N NUMERO S/N DISTRITO CALLERIA PROVINCIA CORONEL PORTILLO DEPARTAMENTO UCAYALI;I-1;DISTRITAL;PROVINCIAL;0
6702;210501;PUNO;EL COLLAO;ILAVE;-16.19331667;-69.60208333;CORARACA;OTROS CENTRO POBLADO CORARACA DISTRITO ILAVE PROVINCIA EL COLLAO DEPARTAMENTO PUNO;I-1;DISTRITAL;PROVINCIAL;0
6314;220101;SAN MARTIN;MOYOBAMBA;MOYOBAMBA;-5.93365642;-76.94277803;QUILLOALLPA;OTROS CENTRO POBLADO QUILLOALLPA CENTRO POBLADO QUILLOALLPA MOYOBAMBA MOYOBAMBA SAN MARTIN;I-1;DISTRITAL;PROVINCIAL;0
4656;60101;CAJAMARCA;CAJAMARCA;CAJAMARCA;-7.15732667;-78.52451833;ATAHUALPA;PROLONGACION PROLONGACION ANCON S/N CAJAMARCA S/N PROLONGACION ANCON S/N CAJAMARCA CAJAMARCA CAJAMARCA CAJAMARCA;I-1;PROVINCIAL;PROVINCIAL;0
4665;60401;CAJAMARCA;CHOTA;CHOTA;-6.51741;-78.70014;CHUYABAMBA;OTROS COMUNIDAD DE CHUYABAMBA COMUNIDAD DE CHUYABAMBA CHOTA CHOTA CAJAMARCA;I-2;PROVINCIAL;PROVINCIAL;0
4676;60401;CAJAMARCA;CHOTA;CHOTA;-6.5488;-78.61562;ROJASPAMPA;OTROS COMUNIDAD ROJASPAMPA COMUNIDAD ROJASPAMPA CHOTA CHOTA CAJAMARCA;I-1;PROVINCIAL;PROVINCIAL;0
4679;60401;CAJAMARCA;CHOTA;CHOTA;-6.51673;-78.66495;SIVINGAN ALTO;OTROS COMUNIDAD SIVIGAN ALTO COMUNIDAD SIVIGAN ALTO CHOTA CHOTA CAJAMARCA;I-1;PROVINCIAL;PROVINCIAL;0
4645;60101;CAJAMARCA;CAJAMARCA;CAJAMARCA;-7.0993;-78.58732;MAGNA VALLEJO;JR. J. VELASCO C-4 JR. J. VELASCO C-4 CAJAMARCA CAJAMARCA CAJAMARCA;I-3;PROVINCIAL;PROVINCIAL;0
3037;210501;PUNO;EL COLLAO;ILAVE;-16.16774833;-69.68833;CHIJICHAYA;OTROS CENTRO POBLADO CHIJICHAYA DISTRITO ILAVE PROVINCIA EL COLLAO DEPARTAMENTO PUNO;I-3;DISTRITAL;PROVINCIAL;0
24337;210101;PUNO;PUNO;PUNO;-15.83537325;-70.01481556;PIAS LAGO TITICACA I;OTROS MUELLE DEL LAGO TITICACA NUMERO S/N DISTRITO PUNO PROVINCIA PUNO DEPARTAMENTO PUNO;I-3;DISTRITAL;PROVINCIAL;0
4222;60801;CAJAMARCA;JAEN;JAEN;-5.6862234;-78.8534699;ALTO VISTA ALEGRE;OTROS COMUNIDAD ALTO VISTA ALEGRE DISTRITO JAEN PROVINCIA JAEN DEPARTAMENTO CAJAMARCA;I-1;PROVINCIAL;PROVINCIAL;0
6373;220901;SAN MARTIN;SAN MARTIN;TARAPOTO;-6.52788;-76.37722167;SANTA ROSA DE CUMBAZA;JR. LA UNION C-2 CP SANTA ROSA DE CUMBAZA DISTRITO TARAPOTO PROVINCIA SAN MARTIN DEPARTAMENTO SAN MARTIN;I-1;DISTRITAL;PROVINCIAL;0
15496;60101;CAJAMARCA;CAJAMARCA;CAJAMARCA;-7.150094;-78.524676;CHONTAPACCHA;PASAJE SANTA ROSA NUMERO 148 DISTRITO CAJAMARCA PROVINCIA CAJAMARCA DEPARTAMENTO CAJAMARCA;I-2;PROVINCIAL;PROVINCIAL;0
4218;60801;CAJAMARCA;JAEN;JAEN;-5.86688102;-78.85402494;VISTA ALEGRE  DE ZONANGA;OTROS COMUNIDAD VISTA ALEGRE DE ZONANGA DISTRITO JAEN PROVINCIA JAEN DEPARTAMENTO CAJAMARCA;I-1;PROVINCIAL;PROVINCIAL;0
2712;170101;MADRE DE DIOS;TAMBOPATA;TAMBOPATA;-12.42651169;-69.26805082;PARIAMARCA;OTROS COMUNIDAD NATIVA DE PARIAMARCA COMUNIDAD NATIVA DE PARIAMARCA TAMBOPATA TAMBOPATA MADRE DE DIOS;I-1;DISTRITAL;PROVINCIAL;0
2707;170101;MADRE DE DIOS;TAMBOPATA;TAMBOPATA;-12.51141281;-68.7759142;PALMA REAL;OTROS COMUNIDAD PALMA REAL COMUNIDAD PALMA REAL TAMBOPATA TAMBOPATA MADRE DE DIOS;I-1;DISTRITAL;PROVINCIAL;0
2702;170101;MADRE DE DIOS;TAMBOPATA;TAMBOPATA;-12.54284436;-69.19419523;EL PRADO;OTROS COMUNIDAD EL PRADO KM 8 COMUNIDAD EL PRADO KM 8 TAMBOPATA TAMBOPATA MADRE DE DIOS;I-1;DISTRITAL;PROVINCIAL;0
3049;210501;PUNO;EL COLLAO;ILAVE;-16.0825395;-69.6384724;SIRAYA;OTROS CENTRO POBLADO SIRAYA DISTRITO ILAVE PROVINCIA EL COLLAO DEPARTAMENTO PUNO;I-2;DISTRITAL;PROVINCIAL;0
25858;60801;CAJAMARCA;JAEN;JAEN;-5.72149345;-78.80167644;NUEVO HORIZONTE;CALLE MICAELA BASTIDAS NUMERO S/N DISTRITO JAEN PROVINCIA JAEN DEPARTAMENTO CAJAMARCA;I-2;PROVINCIAL;PROVINCIAL;0
18327;70101;CALLAO;CALLAO;CALLAO;-12.02207209;-77.13770068;ESTABLECIMIENTO PENAL DEL CALLAO;PROLONGACION PROLONGACION CENTENARIO S/N AAHH ACAPULCO NUMERO S/N DISTRITO CALLAO PROVINCIA CALLAO DEPARTAMENTO CALLAO;I-2;PROVINCIAL;PROVINCIAL;0
2085;200101;PIURA;PIURA;PIURA;-5.17499667;-80.64618167;ACLAS LOS ALGARROBOS;OTROS PRIMERA ETAPA LOS ALGARROBOS S/N NUMERO S/N DISTRITO PIURA PROVINCIA PIURA DEPARTAMENTO PIURA;I-4;DISTRITAL;PROVINCIAL;0
2724;170101;MADRE DE DIOS;TAMBOPATA;TAMBOPATA;-12.72960516;-69.22824067;INFIERNO;OTROS COMUNIDAD NATIVA DE INFIERNO COMUNIDAD NATIVA DE INFIERNO TAMBOPATA TAMBOPATA MADRE DE DIOS;I-2;DISTRITAL;PROVINCIAL;0
731;120101;JUNIN;HUANCAYO;HUANCAYO;-12.03616685;-75.1940771;PALIAN;OTROS ACTUALIZAR DISTRITO HUANCAYO PROVINCIA HUANCAYO DEPARTAMENTO JUNIN;I-2;DISTRITAL;PROVINCIAL;0
3042;210501;PUNO;EL COLLAO;ILAVE;-16.17571333;-69.54051833;MULLACONTIHUECO;OTROS CENTRO POBLADO MULLA CONTIHUECO DISTRITO ILAVE PROVINCIA EL COLLAO DEPARTAMENTO PUNO;I-3;DISTRITAL;PROVINCIAL;0
16137;60801;CAJAMARCA;JAEN;JAEN;-5.68284225;-78.93328464;RINCONADA LAJENA;OTROS CASERIO RINCONADA LAEJNA DISTRITO JAEN PROVINCIA JAEN DEPARTAMENTO CAJAMARCA;I-1;PROVINCIAL;PROVINCIAL;0
6322;220101;SAN MARTIN;MOYOBAMBA;MOYOBAMBA;-5.87476;-77.12019333;PUEBLO LIBRE;JR. 28 DE JULIO N∫ 298 JR. 28 DE JULIO N∫ 298 MOYOBAMBA MOYOBAMBA SAN MARTIN;I-3;DISTRITAL;PROVINCIAL;0
4680;60401;CAJAMARCA;CHOTA;CHOTA;-6.51551797;-78.66115686;TUNEL CONCHANO;OTROS EL CAMPAMENTO TUNEL CONCHANO EL CAMPAMENTO TUNEL CONCHANO CHOTA CHOTA CAJAMARCA;I-1;PROVINCIAL;PROVINCIAL;0
5452;250101;UCAYALI;CORONEL PORTILLO;CALLERIA;-8.4357704;-74.25994117;PUERTO BETHEL;OTROS CC.NN. PUERTO BETHEL S/N S/N CC.NN. PUERTO BETHEL S/N CALLERIA CORONEL PORTILLO UCAYALI;I-1;DISTRITAL;PROVINCIAL;0
10804;60801;CAJAMARCA;JAEN;JAEN;-5.8886652;-78.82858684;PUENTE ZONANGA;OTROS CASERIO PUENTE ZONANGA DISTRITO JAEN PROVINCIA JAEN DEPARTAMENTO CAJAMARCA;I-1;PROVINCIAL;PROVINCIAL;0
4652;60101;CAJAMARCA;CAJAMARCA;CAJAMARCA;-7.156917;-78.537012;LUCMACUCHO;OTROS BARRIO LUCMACUCHO-CAJAMARCA BARRIO LUCMACUCHO-CAJAMARCA CAJAMARCA CAJAMARCA CAJAMARCA;I-1;PROVINCIAL;PROVINCIAL;0
4672;60401;CAJAMARCA;CHOTA;CHOTA;-6.61006;-78.61987;NEGROPAMPA;OTROS COMUNIDAD NEGROPAMPA COMUNIDAD NEGROPAMPA CHOTA CHOTA CAJAMARCA;I-1;PROVINCIAL;PROVINCIAL;0
2699;170101;MADRE DE DIOS;TAMBOPATA;TAMBOPATA;-12.50394466;-68.65997816;PUERTO PARDO;OTROS COMUNIDAD PUERTO PARDO COMUNIDAD PUERTO PARDO TAMBOPATA TAMBOPATA MADRE DE DIOS;I-1;DISTRITAL;PROVINCIAL;0
3268;210101;PUNO;PUNO;PUNO;-15.96015167;-69.99090667;COLLACACHI;OTROS CENTRO POBLADO COLLACACHI DISTRITO PICHACANI PROVINCIA PUNO DEPARTAMENTO PUNO;I-1;DISTRITAL;PROVINCIAL;0
3129;211101;PUNO;SAN ROMAN;JULIACA;-15.43152167;-70.29427167;CHANOCAHUA;OTROS CENTRO POBLADO CHANOCAHUA S/N NUMERO S/N DISTRITO LAMPA PROVINCIA LAMPA DEPARTAMENTO PUNO;I-2;DISTRITAL;PROVINCIAL;0
560;120801;JUNIN;YAULI;LA OROYA;-11.58001621;-75.95862675;HUAYNACANCHA;AVENIDA AV. 16 DE JUNIO S/N NUMERO S/N DISTRITO LA OROYA PROVINCIA YAULI DEPARTAMENTO JUNIN;I-2;DISTRITAL;PROVINCIAL;0
3313;211101;PUNO;SAN ROMAN;JULIACA;-15.47815406;-70.14710242;SANTA CATALINA;JR CONJDORCANQUI MZA V-4 DISTRITO JULIACA PROVINCIA SAN ROMAN DEPARTAMENTO PUNO;I-3;DISTRITAL;PROVINCIAL;0
11446;50401;AYACUCHO;HUANTA;HUANTA;-12.93887256;-74.24044;HUANTA;AVENIDA AV. CIRCUNVALACION S/N NUMERO S/N DISTRITO HUANTA PROVINCIA HUANTA DEPARTAMENTO AYACUCHO;I-3;PROVINCIAL;PROVINCIAL;0
729;120101;JUNIN;HUANCAYO;HUANCAYO;-12.02503078;-75.18428275;UNAS;JR. 30 DE MAYO S/N - PLAZA PRINCIPAL S/N JR. 30 DE MAYO S/N - PLAZA PRINCIPAL HUANCAYO HUANCAYO JUNIN;I-2;DISTRITAL;PROVINCIAL;0
732;120101;JUNIN;HUANCAYO;HUANCAYO;-12.07416173;-75.20201751;SAN FRANCISCO;OTROS ACTUALIZAR DISTRITO HUANCAYO PROVINCIA HUANCAYO DEPARTAMENTO JUNIN;I-2;DISTRITAL;PROVINCIAL;0
4217;60801;CAJAMARCA;JAEN;JAEN;-5.88240357;-78.86226659;TABACAL;OTROS COMUNIDAD DE TABACAL DISTRITO JAEN PROVINCIA JAEN DEPARTAMENTO CAJAMARCA;I-1;PROVINCIAL;PROVINCIAL;0
4382;140301;LAMBAYEQUE;LAMBAYEQUE;LAMBAYEQUE;-6.59569656;-79.87627009;PUNTO CUATRO;OTROS CENTRO POBLADO PUNTO CUATRO DISTRITO MOCHUMI PROVINCIA LAMBAYEQUE DEPARTAMENTO LAMBAYEQUE;I-2;DISTRITAL;PROVINCIAL;0
6316;220101;SAN MARTIN;MOYOBAMBA;MOYOBAMBA;-6.02317442;-76.9667939;TAHUISHCO;JR. EDMUNDO DEL AGUILA S/N S/N JR. EDMUNDO DEL AGUILA S/N MOYOBAMBA MOYOBAMBA SAN MARTIN;I-1;DISTRITAL;PROVINCIAL;0
9321;170101;MADRE DE DIOS;TAMBOPATA;TAMBOPATA;-12.5990335;-69.2002145;ESTABLECIMIENTO PENITENCIARIO DE PUERTO MALDONADO;CARRETERA KM 3 CARRETERA LA JOYA DISTRITO TAMBOPATA PROVINCIA TAMBOPATA DEPARTAMENTO MADRE DE DIOS;I-2;DISTRITAL;PROVINCIAL;0
4612;60101;CAJAMARCA;CAJAMARCA;CAJAMARCA;-7.061936;-78.586171;CHILIMPAMPA;OTROS COMUNIDAD DE CHILIMPAMPA COMUNIDAD DE CHILIMPAMPA CAJAMARCA CAJAMARCA CAJAMARCA;I-1;PROVINCIAL;PROVINCIAL;0
5568;250101;UCAYALI;CORONEL PORTILLO;CALLERIA;-8.36845371;-74.53973251;DOS DE MAYO;JIRON ARENAL N∫ 900 BARRIO EL ARENAL DISTRITO CALLERIA PROVINCIA CORONEL PORTILLO DEPARTAMENTO UCAYALI;I-2;DISTRITAL;PROVINCIAL;0
4678;60401;CAJAMARCA;CHOTA;CHOTA;-6.63061;-78.63455;SILLEROPATA BAJO;OTROS COMUNIDAD SILLEROPATA BAJO COMUNIDAD SILLEROPATA BAJO CHOTA CHOTA CAJAMARCA;I-1;PROVINCIAL;PROVINCIAL;0
4681;60401;CAJAMARCA;CHOTA;CHOTA;-6.6045;-78.64762;SOILA VICTORIA NUNEZ SALDANA - YURACYACU;OTROS COMUNIDAD YURACYACU COMUNIDAD YURACYACU CHOTA CHOTA CAJAMARCA;I-1;PROVINCIAL;PROVINCIAL;0
5255;131201;LA LIBERTAD;VIRU;VIRU;-8.46648318;-78.86626848;EL CARMELO;OTROS JOSE HERNANDEZ DE AGUERO S/N NUMERO S/N DISTRITO VIRU PROVINCIA VIRU DEPARTAMENTO LA LIBERTAD;I-3;DISTRITAL;PROVINCIAL;0
4321;140101;LAMBAYEQUE;CHICLAYO;CHICLAYO;-6.76699167;-79.85404;"""VERONICA STACK DE TOMIS"" - TUPAC AMARU";CALLE CALLE  CAJAMARCA N∫ 376 CALLE  CAJAMARCA N∫ 376 CHICLAYO CHICLAYO LAMBAYEQUE;I-3;DISTRITAL;PROVINCIAL;0
10880;60401;CAJAMARCA;CHOTA;CHOTA;-6.54734961;-78.65011914;RAMBRAMPATA;OTROS COMUNIDAD RAMBRAMPATA COMUNIDAD RAMBRAMPATA CHOTA CHOTA CAJAMARCA;I-1;PROVINCIAL;PROVINCIAL;0
6955;60401;CAJAMARCA;CHOTA;CHOTA;-6.62219;-78.65159;LINGAN PATA;OTROS COMUNIDAD LINGAN PATA COMUNIDAD LINGAN PATA CHOTA CHOTA CAJAMARCA;I-1;PROVINCIAL;PROVINCIAL;0
24719;60801;CAJAMARCA;JAEN;JAEN;-5.7358869;-78.9100824;LA VIRGINIA;OTROS CENTRO POBLADO LA VIRGINIA DISTRITO JAEN PROVINCIA JAEN DEPARTAMENTO CAJAMARCA;I-1;PROVINCIAL;PROVINCIAL;0
16609;131201;LA LIBERTAD;VIRU;VIRU;-8.43229363;-78.8308437;SANTA ELENA;AVENIDA AV. VICTOR RAUL MZ.2 LOTE 6 AV. VICTOR RAUL MZ.2 LOTE 6 VIRU VIRU LA LIBERTAD;I-2;DISTRITAL;PROVINCIAL;0
10882;210101;PUNO;PUNO;PUNO;-15.8402218;-70.0218805;ENFERMERIA DE LA ESCUELA DE MONTANA;OTROS CENTRO POBLADO SANTA ROSA S/N, FUERTE MARISCAL CACERES S/N CENTRO POBLADO SANTA ROSA S/N, FUERTE MARISCAL CACERES SANTA ROSA EL COLLAO PUNO;I-2;DISTRITAL;PROVINCIAL;0
5457;250101;UCAYALI;CORONEL PORTILLO;CALLERIA;-8.39858296;-74.36116898;SANTA CARMELA DE MASHANGAY;OTROS CASERIO SANTA CARMELA QUEBRADA  DE MASHANGAY DISTRITO CALLERIA PROVINCIA CORONEL PORTILLO DEPARTAMENTO UCAYALI;I-1;DISTRITAL;PROVINCIAL;0
3300;211101;PUNO;SAN ROMAN;JULIACA;-15.49956615;-70.12985587;CONO SUR;AVENIDA AV. MANUEL NUNEZ BUTRON 134 DISTRITO JULIACA PROVINCIA SAN ROMAN DEPARTAMENTO PUNO;I-4;DISTRITAL;PROVINCIAL;0
2966;210501;PUNO;EL COLLAO;ILAVE;-16.087442;-69.588116;TAYPE;JR. PITUMARCA S/N COMUNIDAD TAYPE NUMERO S/N DISTRITO AYAPATA PROVINCIA CARABAYA DEPARTAMENTO PUNO;I-1;DISTRITAL;PROVINCIAL;0
5465;250101;UCAYALI;CORONEL PORTILLO;CALLERIA;-8.20779891;-74.33778696;NUEVO UTUQUINIA;OTROS CASERIO NUEVO UTUQUINIA S/N NUMERO S/N DISTRITO CALLERIA PROVINCIA CORONEL PORTILLO DEPARTAMENTO UCAYALI;I-1;DISTRITAL;PROVINCIAL;0
4657;60101;CAJAMARCA;CAJAMARCA;CAJAMARCA;-7.20029;-78.48587;PACHACUTEC;AVENIDA AV. PERU N¬∞900 - CAJAMARCA AV. PERU N¬∞900 - CAJAMARCA CAJAMARCA CAJAMARCA CAJAMARCA;I-3;PROVINCIAL;PROVINCIAL;0
30968;210101;PUNO;PUNO;PUNO;-15.8376089;-70.0194325;CHOCOCONIRI;TROCHA CARROZABLE COMUNIDAD DE CHOCOCONIRI DISTRITO JULI PROVINCIA CHUCUITO DEPARTAMENTO PUNO;I-1;DISTRITAL;PROVINCIAL;0
33157;180301;MOQUEGUA;ILO;ILO;-17.63351359;-71.33578218;C. S. Mental Comunitario Dr. CA©sar Gallardo;CALLE San MartA≠n S/N Costado del Centro de Salud Miramar de Ilo ILO ILO MOQUEGUA;I-3;DISTRITAL;PROVINCIAL;0
34156;170101;MADRE DE DIOS;TAMBOPATA;TAMBOPATA;-12.59748174;-69.19552847;JORGE CHAVEZ;AVENIDA 15 DE AGOSTO S/N FRENTE SAMU TAMBOPATA TAMBOPATA MADRE DE DIOS;I-3;DISTRITAL;PROVINCIAL;0
33842;70101;CALLAO;CALLAO;CALLAO;-12.0438386;-77.1074358;CALLAO SALUD I;AVENIDA TOMAS VALLE NUMERO S/N DISTRITO CALLAO PROVINCIA CALLAO DEPARTAMENTO CALLAO;I-2;PROVINCIAL;PROVINCIAL;0
429;120802;JUNIN;YAULI;CHACAPALPA;-11.7294441;-75.75581143;CHACAPALPA;CALLE CALLE TARMA S/N NUMERO S/N DISTRITO CHACAPALPA PROVINCIA YAULI DEPARTAMENTO JUNIN;I-1;PROVINCIAL;DISTRITAL;0
567;120810;JUNIN;YAULI;YAULI;-11.66810856;-76.08748941;YAULI - LA OROYA;JR. GRAU N∫ 325 JR. GRAU N∫ 325 YAULI YAULI JUNIN;I-2;PROVINCIAL;DISTRITAL;0
